noticeIdentifier,noticeVersion,contractIdentifier,changeNoticeVersionIdentifier,changeReasonCode,changeReasonDescription
3c8225a9-791b-49f1-b08d-a65ecfcb0076,01,CON-0000,670123-2022,add-wss,"Bei der Beauftragung einer anderen Firma als des Hauptauftragnehmers wären die Schnittstellen zwischen beiden Firmen nicht genau abzugrenzen. Somit wären die Gewährleistungen nicht mehr umsetzbar, da dann zwei Firmen an denselben Anlagen tätig wären. Die damit  verbundenen Zeitverzüge würden zudem die Fertigstellung der Baumaßnahme in Frage stellen und erhebliche Bauverzugskosten bei anderen Firmen verursachen."
f9f456db-7d9a-4aa3-bb60-6dced2f58bcf,01,CON-0001,268125-2024,mod-nons,"im kompletten Badebereich befanden sich noch diverse Flüssigkeiten bzw. Chemikalien, welche als gefährliche Abfälle gesondert entsorgt werden mussten. Die Leistungen waren in der Ausschreibung nicht enthalten."
008f59f2-eb85-4cae-abb1-fc517ee97374,01,,261c8962-8d48-40f1-a0f0-23e36d76c432-01,cor-pub,"Guten Tag, sehr geehrte Damen und Herren,

bei den von Ihnen heruntergeladenen Vergabeunterlagen in subreport ELViS wurden folgende Änderungen durchgeführt:

Es wurde nur eine Position im LV geändert auf Grund einer Bieterfrage. Die entsprechende Bieterfrage entnehmen Sie aus der Bieterkommunikation. 

Die Änderung des LV´s betrifft Punkt 2.1.26. Des weiteren wurde das Angebotsschreiben hinsichtlich der Angebotsfrist angepasst. Ansonsten gab es keine Änderung. Bitte beachten Sie nunmehr die neue Version der Vergabeunterlagen sowie die neue Fristen.

Angebotsfrist: 
  ALT: 15.09.2026 11:00
  NEU: 24.09.2026 13:30

Öffnungstermin: 
  ALT: 15.09.2026 11:00
  NEU: 24.09.2026 13:30"
a530858f-6d25-4f15-85a0-5947d0f21719,01,,65e67b98-df6e-4179-867b-82b24da67322-01,info-release,"Ergänzung de Dokuments ""Fahrzeugdesign"""
298f0d7c-fb8d-4be7-8010-aa46e2328aed,01,,e76e6391-5279-4311-a5dc-5bd0ee85f9c8-01,update-add,Die Angebotsfrist wurde verlängert.
deebdf92-64cc-4802-981c-de0c3eef80e2,01,,7e368343-ae28-4498-9ad9-783f1282b8be-01,cor-buy,Vertragspartei und Dienstleister
975a9fd6-729e-45a6-b6e0-5042d1b52752,01,,0a5654f4-8bd9-427b-bc11-19ecdb66f273-01,cor-buy,
907f675f-60c4-4f5c-a630-1b14f3ce81f7,01,,6b0ef17a-2c66-44ca-818a-1a92f6a049c2-01,cor-pub,Grund der Änderung ist die falsche Angabe der geschätzten Dauer
d915e6fc-98f1-4026-b89a-ca71511550d7,01,,30b5edd5-240c-4cfe-9dd7-4d9b53ac5189-01,cor-buy,"Im Rahmen einer erneuten Prüfung der Bekanntmachungen wurden
Fehler festgestellt, die entsprechende Korrekturen erforderlich machten."
eca54e1b-066b-4624-9b25-52c469e4b387,01,,78985186-2b48-4155-954e-7b5eab223da4-01,update-add,
d96a9962-729c-44a2-a060-f4fa4fa5caa6,01,,23e19ec6-e184-4044-8a63-623f6b1df40e-01,cor-buy,"Die Mindestanforderung (Vordruck 1) Unternehmensdarstellung / Firmenprofil wurde korrigiert:
Alt: ""...mindestens 5 Mitarbeiter in Festanstellung sowie Geschäftsführer / Partner beschäftigt haben...""
Neu: ""...mindestens 2 Mitarbeiter in Festanstellung sowie Geschäftsführer / Partner beschäftigt haben...""

Die Angebotsfrist wurde um eine Woche verlängert und findet am 08.10.2026, 10:00 Uhr statt."
e43bf811-04c1-4456-a92e-b8059fc60905,01,,e41ee7a5-a079-4954-a882-7217e8fd45a7-01,cor-buy,Die Vergabeunterlagen (Eignugnsbogen V2) wurden geändert.
99e8a48e-55be-4c76-b600-3777e7cba28e,01,,64d45504-e836-4cd4-8e0a-9a4e6e0166ae-01,update-add,Aufgrund des hohen Aufkommens an Bieterfragen und daraufhin erforderlichen Änderungen an den Vergabeunterlagen wurde die Frist zur Abgabe der Angebote verlängert.
80fc2cde-cc93-4d94-8f2e-8a53c6c4a93c,01,,faa7206b-04fb-4c04-900a-b0902964c457-01,update-add,"Die Angebotsfrist wurde von 29.09.2026 um 10:30 Uhr auf 15.10.2026 um 10:30 Uhr verlängert, die Bindefrist von 02.11.2026 auf 16.11.2026 geändert."
f2f288d1-4d81-4487-abf7-c6bd0c996e22,01,,630719-2026,cor-pub,"Korrektur  TITEL in Abschnittskennung VERFAHREN Statt: Klinik Immenstadt, BA 1, Erweiterungsbau Nordwest,  Leistungen der Tragwerksplanung gem. §§ 49 ff HOAI 2021, LPH 3-9, bei stufenweiser BeauftragungMUSS ES HEISSEN:Klinik Immenstadt, BA 1, Erweiterungsbau Nordwest,  Leistungen der Tragwerksplanung gem. §§ 49 ff HOAI 2021, LPH 3-6, bei stufenweiser Beauftragung"
d66220d5-2fb6-4e0a-b885-ebd544cee9e6,01,,4c67a204-8269-40fb-af12-9affc5645f2a-01,cor-buy,Die Unterlagen wurden korrigiert und die Angebotsfrist angepasst
00d958fa-1508-46e7-8b03-2e3cfab170a4,01,,3ad98769-9547-406e-a5be-efaafdf6394a-01,update-add,"Es wurden Änderungen unter Ziffer 5.1.9 ""Eignungskriterien"" vorgenommen:  ""Referenzen zu bestimmten Dienstleistungen"", Gesamtumsatz des Unternehmens"". Unter Ziffer 5.1.12. ""Bedingungen für die Auftragsvergabe"" wurde der Hinweis ""Es gelten die landesspezifischen Regeln (TtVG HB) bezüglich der Einhaltung der Tariftreue sowie Mindestlöhne bei der Vergabe öffentlicher Aufträge."" aufgenommen."
38598773-63fb-48eb-b6aa-a255ff4040fa,01,,87ce55b3-c221-4a53-8fab-5ad3220ba12d-01,cor-buy,
3678614b-4cd2-4a0b-9d07-b3bf8b21c1cb,01,CON-0001,19541c73-c23a-4bb3-9719-c256c93db045-01,add-wss,"MKA 108 - Ein Auftragnehmerwechsel wäre wirtschaftlich nicht vertretbar, da der bisherige Auftragnehmer bereits über projektspezifische Kenntnisse, Planungsstände, Abstimmungsergebnisse sowie örtliche und technische Detailkenntnisse verfügt. Die Einarbeitung eines neuen Auftragnehmers würde zu zusätzlichem Koordinations , Prüf und Abstimmungsaufwand, Doppelarbeiten sowie zu Verzögerungen im Planungs und Bauablauf führen, wodurch Synergieeffekte verloren gehen. Es bestünden zudem erhebliche Schnittstellen und Haftungsrisiken, ein erhöhter Abstimmungsbedarf sowie die Gefahr widersprüchlicher Planungsergebnisse. Die Vergabe der zusätzlichen Leistungen an einen anderen Auftragnehmer wäre mit erheblichen Schwierigkeiten verbunden, da die Leistungen technisch, inhaltlich und zeitlich eng mit den bereits erbrachten und noch zu erbringenden Leistungen des bestehenden Auftragnehmers verzahnt sind. Darüber hinaus würden zusätzliche Kosten durch Mehrfachprüfungen, Koordinationsleistungen und Terminverschiebungen entstehen.
MKA 109 - Ein Auftragnehmerwechsel wäre wirtschaftlich nicht vertretbar, da der bisherige Auftragnehmer bereits über projektspezifische Kenntnisse, Planungsstände, Abstimmungsergebnisse sowie örtliche und technische Detailkenntnisse verfügt. Die Einarbeitung eines neuen Auftragnehmers würde zu zusätzlichem Koordinations , Prüf und Abstimmungsaufwand, Doppelarbeiten sowie zu Verzögerungen im Planungs und Bauablauf führen, wodurch Synergieeffekte verloren gehen. Es bestünden zudem erhebliche Schnittstellen und Haftungsrisiken, ein erhöhter Abstimmungsbedarf sowie die Gefahr widersprüchlicher Planungsergebnisse. Die Vergabe der zusätzlichen Leistungen an einen anderen Auftragnehmer wäre mit erheblichen Schwierigkeiten verbunden, da die Leistungen technisch, inhaltlich und zeitlich eng mit den bereits erbrachten und noch zu erbringenden Leistungen des bestehenden Auftragnehmers verzahnt sind. Darüber hinaus würden zusätzliche Kosten durch Mehrfachprüfungen, Koordinationsleistungen und Terminverschiebungen entstehen.
MKA 110 - Ein Auftragnehmerwechsel wäre wirtschaftlich nicht vertretbar, da der bisherige Auftragnehmer bereits über projektspezifische Kenntnisse, Planungsstände, Abstimmungsergebnisse sowie örtliche und technische Detailkenntnisse verfügt. Die Einarbeitung eines neuen Auftragnehmers würde zu zusätzlichem Koordinations , Prüf und Abstimmungsaufwand, Doppelarbeiten sowie zu Verzögerungen im Planungs und Bauablauf führen, wodurch Synergieeffekte verloren gehen. Es bestünden zudem erhebliche Schnittstellen und Haftungsrisiken, ein erhöhter Abstimmungsbedarf sowie die Gefahr widersprüchlicher Planungsergebnisse. Die Vergabe der zusätzlichen Leistungen an einen anderen Auftragnehmer wäre mit erheblichen Schwierigkeiten verbunden, da die Leistungen technisch, inhaltlich und zeitlich eng mit den bereits erbrachten und noch zu erbringenden Leistungen des bestehenden Auftragnehmers verzahnt sind. Darüber hinaus würden zusätzliche Kosten durch Mehrfachprüfungen, Koordinationsleistungen und Terminverschiebungen entstehen.
MKA 111 - Ein Auftragnehmerwechsel wäre wirtschaftlich nicht vertretbar, da der bisherige Auftragnehmer bereits über projektspezifische Kenntnisse, Planungsstände, Abstimmungsergebnisse sowie örtliche und technische Detailkenntnisse verfügt. Die Einarbeitung eines neuen Auftragnehmers würde zu zusätzlichem Koordinations , Prüf und Abstimmungsaufwand, Doppelarbeiten sowie zu Verzögerungen im Planungs und Bauablauf führen, wodurch Synergieeffekte verloren gehen. Es bestünden zudem erhebliche Schnittstellen und Haftungsrisiken, ein erhöhter Abstimmungsbedarf sowie die Gefahr widersprüchlicher Planungsergebnisse. Die Vergabe der zusätzlichen Leistungen an einen anderen Auftragnehmer wäre mit erheblichen Schwierigkeiten verbunden, da die Leistungen technisch, inhaltlich und zeitlich eng mit den bereits erbrachten und noch zu erbringenden Leistungen des bestehenden Auftragnehmers verzahnt sind. Darüber hinaus würden zusätzliche Kosten durch Mehrfachprüfungen, Koordinationsleistungen und Terminverschiebungen entstehen."
63de9706-6f8e-416b-9d0c-617396a34c87,01,CON-0001,41177-2024,mod-cir,technisch notwendig
3416f20b-ef8f-4c6f-93f1-ccdaad7ed079,01,,6046b886-1ae8-4fc6-a215-3ecea93bb3ac-01,cor-buy,.
c08a2d81-686f-463a-8dba-252b629bfd0a,01,,76e77d7a-f680-4954-a500-41b62997274a-01,cor-buy,"Änderung der Bekanntmachung. Der Bedarf der Lausitzer und Mitteldeutsche 
Bergbau-Verwaltungsgesellschaft mbH (Los 9 und 11) wurde zurückgezogen."
e4037a44-d382-4130-95c5-b24bacec472a,01,,8d6fbdab-83ef-4d98-8b1a-e56a2a248525-01,cor-pub,"Im Rahmen der Prüfung einer Bieterfrage wurde festgestellt, dass im Titel 02.01 des Leistungsverzeichnisses ein Anteil der Bauwasserversorgungsanlage bislang nicht berücksichtigt war.
Das Leistungsverzeichnis wurde daher entsprechend ergänzt."
0991a754-c9fb-47f7-841c-63d3e0dbf409,01,,c72fd1b1-e9cd-4f1c-8914-e9ea9054c29f-01,update-add,"Änderung Submissionstermin.

Ursprünglicher Submissionstermin: 22.09.2026 9:00 Uhr
Neuer Submissionstermin: 30.09.2026 9:00 Uhr"
531ef96a-411b-4e8d-9e60-ba326a97f149,01,,1e2e1a77-a06c-4b52-82ae-0c1d0d0c410a-01,cor-buy,"Änderung Eröffnungstermin, Bindefristende, Ausführungsfristen und Referenzen zu bestimmten Arbeiten"
d3432434-d211-4b5e-a23f-82df491ed7e6,01,,5620a511-71f3-4e44-bcce-f37952286cf8-01,update-add,
19472414-7e91-4b88-ac14-f8a29741a6f5,01,CON-0001,19541c73-c23a-4bb3-9719-c256c93db045-01,mod-cir,"VA 041 - Der Bahnsteig 1 an der VST Oberlahnstein soll in konventioneller Bauweise hergestellt werden. Für die bauliche Durchbildung des Bahnsteigs ist es notwendig, den gesamten Bahnsteig in gleicher Bauweise herzustellen. Aus diesem Grund wird die Leistung statt in modularer in konventioneller Bauweise ausgeführt."
1077025c-9104-45b0-8184-c7b1e3d129a7,01,,fe35744a-4262-4449-873c-f830120473bc-01,update-add,
499397aa-ef0e-4e1b-abc0-fc43d36f22b4,01,,a5667aa3-ad63-4df6-ac9e-72c6ae015e50-01,update-add,"Verlängerung der Angebotsfrist um eine Woche vom 03.09.2026, 10:00 Uhr auf den 09.09.2026, 10:00 Uhr."
03ddf5d7-0650-411f-a1ac-d0fca9374811,01,,7abb1e09-7c7b-4061-ae3a-d5bf690da54d-01,update-add,"Der nachzuweisende durchschnittliche Jahresumsatz unter dem Kriterium ""Allgemeiner Jahresumsatz"" wurde auf mindestens 80 Mio. EUR aktualisiert.  Die Teilnahmefrist wurde dementsprechend auf den 23.09.2026 um 14 Uhr verlängert."
93fe2072-3b93-4cfb-a11e-5e9a8297a9ee,01,,2cb01350-6ee8-4ef8-b244-d82ca7bbf053-01,cor-pub,"Anpassung des Ortes unter 5.1. Los: LOT-0005, 5.1.2. Erfüllungsort"
87865198-cdf9-4dd6-bd2d-f1e92723c465,01,CON-0001,efc90732-a542-4968-a239-6a2aab49f241-01,add-wss,"AvL - 226 - Der AN, welcher die übrigen Leistungen im Zusammenhang mit den Arbeiten in dem betroffenen Bereich erbringt, hat das entsprechende Personal und Geräte bereits vor Ort und kann die Leistungen ohne Verzögerung ausführen.
Eine Vergabe der Leistung an einen Dritten AN hätte zur Folge, dass dieser zunächst gebunden werden müsste, was Zeit- und Finanzressourcen benötigt. In der Zwischenzeit würden die dazugehörigen Arbeiten ruhen, was die Gesamtinbetriebnahme gefährden würde.
AvL - 304 - Der AN, welcher bereits vor Ort ist, führt auch die üblichen vertraglich geschuldeten Leistungen im Zusammenhang mit der Leistung durch. Er hat die dafür erforderlichen Geräte und Facharbeiter bereits vor Ort. Diese können die zusätzlichen Leistungen ohne Unterbrechung oder neue Anreisen mit ausführen.
Würde man die Leistung an einen zusätzlichen AN vergeben, müsste dieser zunächst gebunden werden, sich einarbeiten und seine Leistungen in den Bauablauf der anderen AN integrieren. Warte- und Unterbrechunsgzeiten sind die Folge. Währenddessen könnten die Arbeiten nicht fortgesetzt werden. Bedingt dadurch würden die ohnehin knappen zeitlichen Verhältnisse nicht mehr für eine Termingerechte Fertigstellung ausreichen. Die Leistungen befinden sich auf dem kritischen Weg bezüglich der weiteren Leistungen bis hin zur IBN.
Unterbrechungen können somit IBN-relevant werden, was zwingend vermieden werden sollte. Darüber hinaus würden behinderungsbedingte Mehrkosten zu erwarten sein.
AvL - 312 - Der AN, welcher bereits vor Ort ist, führt auch die üblichen vertraglich geschuldeten Leistungen im Zusammenhang mit der Leistung durch. Er hat die dafür erforderlichen Geräte und Facharbeiter bereits vor Ort. Diese können die zusätzlichen Leistungen ohne Unterbrechung oder neue Anreisen mit ausführen.
Würde man die Leistung an einen zusätzlichen AN vergeben, müsste dieser zunächst gebunden werden, sich einarbeiten und seine Leistungen in den Bauablauf der anderen AN integrieren. Warte- und Unterbrechunsgzeiten sind die Folge. Währenddessen könnten die Arbeiten nicht fortgesetzt werden. Bedingt dadurch würden die ohnehin knappen zeitlichen Verhältnisse nicht mehr für eine Termingerechte Fertigstellung ausreichen. Die Leistungen befinden sich auf dem kritischen Weg bezüglich der weiteren Leistungen bis hin zur IBN.
Unterbrechungen können somit IBN-relevant werden, was zwingend vermieden werden sollte. Darüber hinaus würden behinderungsbedingte Mehrkosten zu erwarten sein.
AvL - 313 - Der AN, welcher bereits vor Ort ist, führt auch die üblichen vertraglich geschuldeten Leistungen im Zusammenhang mit der Leistung durch. Er hat die dafür erforderlichen Geräte und Facharbeiter bereits vor Ort. Diese können die zusätzlichen Leistungen ohne Unterbrechung oder neue Anreisen mit ausführen.
Würde man die Leistung an einen zusätzlichen AN vergeben, müsste dieser zunächst gebunden werden, sich einarbeiten und seine Leistungen in den Bauablauf der anderen AN integrieren. Warte- und Unterbrechunsgzeiten sind die Folge. Währenddessen könnten die Arbeiten nicht fortgesetzt werden. Bedingt dadurch würden die ohnehin knappen zeitlichen Verhältnisse nicht mehr für eine Termingerechte Fertigstellung ausreichen. Die Leistungen befinden sich auf dem kritischen Weg bezüglich der weiteren Leistungen bis hin zur IBN.
Unterbrechungen können somit IBN-relevant werden, was zwingend vermieden werden sollte. Darüber hinaus würden behinderungsbedingte Mehrkosten zu erwarten sein.
AvL - 314 - Der AN, welcher bereits vor Ort ist, führt auch die üblichen vertraglich geschuldeten Leistungen im Zusammenhang mit der Leistung durch. Er hat die dafür erforderlichen Geräte und Facharbeiter bereits vor Ort. Diese können die zusätzlichen Leistungen ohne Unterbrechung oder neue Anreisen mit ausführen.
Würde man die Leistung an einen zusätzlichen AN vergeben, müsste dieser zunächst gebunden werden, sich einarbeiten und seine Leistungen in den Bauablauf der anderen AN integrieren. Warte- und Unterbrechunsgzeiten sind die Folge. Währenddessen könnten die Arbeiten nicht fortgesetzt werden. Bedingt dadurch würden die ohnehin knappen zeitlichen Verhältnisse nicht mehr für eine Termingerechte Fertigstellung ausreichen. Die Leistungen befinden sich auf dem kritischen Weg bezüglich der weiteren Leistungen bis hin zur IBN.
Unterbrechungen können somit IBN-relevant werden, was zwingend vermieden werden sollte. Darüber hinaus würden behinderungsbedingte Mehrkosten zu erwarten sein.
AvL - 318 - Der AN, welcher bereits vor Ort ist, führt auch die üblichen vertraglich geschuldeten Leistungen im Zusammenhang mit der Leistung durch. Er hat die dafür erforderlichen Geräte und Facharbeiter bereits vor Ort. Diese können die zusätzlichen Leistungen ohne Unterbrechung oder neue Anreisen mit ausführen.
Würde man die Leistung an einen zusätzlichen AN vergeben, müsste dieser zunächst gebunden werden, sich einarbeiten und seine Leistungen in den Bauablauf der anderen AN integrieren. Warte- und Unterbrechunsgzeiten sind die Folge. Währenddessen könnten die Arbeiten nicht fortgesetzt werden. Bedingt dadurch würden die ohnehin knappen zeitlichen Verhältnisse nicht mehr für eine Termingerechte Fertigstellung ausreichen. Die Leistungen befinden sich auf dem kritischen Weg bezüglich der weiteren Leistungen bis hin zur IBN.
Unterbrechungen können somit IBN-relevant werden, was zwingend vermieden werden sollte. Darüber hinaus würden behinderungsbedingte Mehrkosten zu erwarten sein."
22ada15a-2249-4bd4-a671-8e8897670f68,01,CON-0001,efc90732-a542-4968-a239-6a2aab49f241-01,add-wss,"AvL - 320 - Der AN, welcher bereits vor Ort ist, führt auch die üblichen vertraglich geschuldeten Leistungen im Zusammenhang mit der Leistung durch. Er hat die dafür erforderlichen Geräte und Facharbeiter bereits vor Ort. Diese können die zusätzlichen Leistungen ohne Unterbrechung oder neue Anreisen mit ausführen.
Würde man die Leistung an einen zusätzlichen AN vergeben, müsste dieser zunächst gebunden werden, sich einarbeiten und seine Leistungen in den Bauablauf der anderen AN integrieren. Warte- und Unterbrechunsgzeiten sind die Folge. Währenddessen könnten die Arbeiten nicht fortgesetzt werden. Bedingt dadurch würden die ohnehin knappen zeitlichen Verhältnisse nicht mehr für eine Termingerechte Fertigstellung ausreichen. Die Leistungen befinden sich auf dem kritischen Weg bezüglich der weiteren Leistungen bis hin zur IBN.
Unterbrechungen können somit IBN-relevant werden, was zwingend vermieden werden sollte. Darüber hinaus würden behinderungsbedingte Mehrkosten zu erwarten sein.
AvL - 321 - Der AN, welcher bereits vor Ort ist, führt auch die üblichen vertraglich geschuldeten Leistungen im Zusammenhang mit der Leistung durch. Er hat die dafür erforderlichen Geräte und Facharbeiter bereits vor Ort. Diese können die zusätzlichen Leistungen ohne Unterbrechung oder neue Anreisen mit ausführen.
Die Leistungen sind für die vertragsgemäße Ausführung notwendig und unmittelbar mit den beauftragten Arbeiten verknüpft. Ein ANWechsel wäre nicht zweckmäßig und mit erheblichen Zusatzkosten verbunden."
89cb5b35-440d-4641-86a9-c4d96eb3adc6,01,CON-0000,440806-2017,add-wss,"Die vorgesehenen zusätzlichen Planungsleistungen BOL/BÜ stehen in unmittelbarem Zusammenhang mit den bereits beauftragten Leistungen des Hauptvertrages. Ein separates Vergabeverfahren ist nicht zweckmäßig.
 
Die Fäll- und Rodungsarbeiten sind zwingende Voraussetzung für die nachfolgenden Bauleistungen. Die damit verbundenen Planungsleistungen sind funktional mit den bestehenden Aufgaben der BOL/BÜ verbunden. Eine Trennung der Zuständigkeiten würde zu Schnittstellenproblemen und erhöhtem Koordinationsaufwand führen."
40c92953-19e6-4dd6-beac-39c302fd25cc,01,CON-0000,754024-2024,add-wss,"Das Ausgangsverfahren lag über dem Schwellenwert, der Auftrag ist nicht abgeschlossen und es sind weitere Dienstleistungen erforderlich geworden, ein Wechsel des Auftragnehmers ist aber aus wirtschaftlichen oder technischen Gründen unmöglich und wäre folglich mit erheblichen Schwierigkeiten/Zusatzkosten verbunden und der Auftragswert der Änderung beträgt max. 50% des ursprünglichen Auftragswerts (§ 132 Abs. 2 Nr. 2 a) und b) GWB). In der Projektumsetzung hat sich herausgestellt, dass die Anforderungen der MHH sich teilweise geändert haben und diese ausschließlich durch den aktuellen Auftragnehmer sichergestellt werden können."
01a0a3e8-422f-4756-96c5-d2a2a05e53bf,01,,01a066c2-62dc-4a1b-8878-ce9b1e0f9e19-01,cor-pub,"Eignungskriterium allgemeiner Jahresumsatz: Nachweis des durchschnittlichen Honorarumsatzes des Bewerbers/ der Bietergemeinschaft für die Jahre 2023 – 2025 in Höhe von ""mindestens 5.000.000 EUR netto pro Jahr"" wird auf die Formulierung ""mindestens 500.000 EUR netto pro Jahr"" korrigiert"
a9485f5f-9d7f-4d89-b14e-948fc88864b9,01,CON-0001,104516-2022,add-wss,"145:
Aufgrund der begrenzten Ausführungszeit und des überaus hohen Aufwands für die Schweißnahtprüfung durch das zuständige Überwachungsunternehmen wurde in Abstimmung mit dem Auftraggeber entschie-den, anstelle des ursprünglich vorgesehenen Stahlrohres ein Polymerbetonrohr einzusetzen. Die Material-änderung war erforderlich, um die terminlichen Vorgaben einzuhalten und den erheblichen Prüfaufwand zu vermeiden. Zusätzliche Kosten entstehen aus folgenden Gründen: Das Stahlrohr war bereits geliefert, so-dass die Beschaffung des Polymerbetonrohres zusätzlich erfolgt.

146:
Im Zuge der Bauausführung war es notwendig, eine zusätzliche Querung im Bereich km 118,3 Marienehe herzustellen. Diese Arbeiten konnten nur in der nächtlichen Betriebsruhe durchgeführt werden, wodurch Personal und Technik umorganisiert werden mussten.     

148:
Nach erfolgreicher und übergebener Ausführungsplanung wurde im Zuge der Bauausführung durch den AG angeordnet, ein separates Planungspaket für die Feuerwehrzufahrt km 116,4+65 - km 116,6+20 Strecke 6325 sowie ein separates Planpaket für den Zeitraum ab 01.12.2025 zu erstellen."
d67d21b0-4b54-4ba6-96e2-3b6b23819299,01,,ec8a0a1f-b03d-4e94-8fdd-0a80a4b3542c-01,cor-buy,Die ursprüngliche Anzahl der Arbeitstage in den Ausführungsfristen wird von 33 Tage auf 75 Tage korrigiert. Zudem wird die voraussichtliche Zeitplanung angepasst.
1b85bfe4-fb5b-49bb-84de-474fa2eb9ef5,01,,bc66f13c-54b2-4adc-9541-b3bf2be63a1d-01,cor-buy,Ziff. 5.1 Korrektur Angaben zur Eventualleistung
adbbb2a3-a548-485c-b584-b649f0cff1b3,01,,8424788f-a5b2-48b2-9d4b-c20cf8437fa8-01,cor-pub,Planunterlagen wurden aktualisiert und vollständig ersetzt
5cbe1b0e-18eb-4c76-90b1-d36ed71801c1,01,,49c4e5f0-811b-4396-92e5-d165efb53142-01,update-add,
892cd313-409d-4d28-89fb-e9c5c15b141b,01,CON-0000,9ddb8627-1f2d-4965-aa62-6c681da0efe8-01,add-wss,"Im Bauverlauf wurden zusätzliche Leistungen für die Flankendämmung in den Dach- und Dachschrägenbereichen des Nordtrakts im 2. OG erforderlich. Anstelle der ursprünglich vorgesehenen Ausführung mit Multipor und Calciumsilikat wurde in Teilbereichen durch den Bauphysiker Foamglas vorgesehen. Nach dem vorliegenden Nachtragsangebot umfasst dies im Wesentlichen die Lieferung und Montage der Schaumglas-Dämmung einschließlich Voranstrich, Verankerung, Gewebearmierung, Oberputz sowie ergänzender Putz- und Ausgleichsarbeiten an Decken und Unterzügen. Die Leistungen waren nicht Bestandteil der ursprünglichen Beauftragung. Ein Wechsel des Auftragnehmers im Rahmen einer Neuausschreibung kann aus wirtschaftlichen und technischen Gründen nicht erfolgen und wäre mit erheblichen Schwierigkeiten oder beträchtlichen Zusatzkosten verbunden gewesen."
40a54a1a-4422-4c9b-b817-9b085061ad44,01,,a2bc1b3a-1537-4304-a042-57fec09c3ec3-01,update-add,"Aufgrund eingegangener Bieterfragen und deren Beantwortung sowie die zeitliche Möglichkeit für die Unternehmen diese zu berücksichtigen, wurde die Angebotsfrist angepasst."
a673c7df-5a09-4230-a1f0-8c32c383c6a7,01,CON-0001,82cfc767-2b76-474a-9a2f-d99b6fc4baa1-01,mod-cir,"Zur Zeit der Ausschreibung waren die in den ""Zusätzlichen Anforderungen zum WLAN-Ausbau und zur strukturierten Gebäudeverkabelung in Liegenschaften der Stadt Ratingen"" geforderten Qualitäten und Forderungen noch nicht durch die Stadt Ratingen formuliert. Um die nun geltenden Bestimmungen der Stadt Ratingen im Neubau umzusetzen, sind die hier geforderten Mehrkosten des Totalunternehmers entstanden."
25ffc2dd-ffb6-484b-9642-475359ac01fc,01,,a7c080d3-a27d-4a1c-9054-b252458c05cc-01,update-add,"Änderung Anlage 1 und Fristverlängerung Angebotsabgabe 28.09.2026, 10.00 Uhr"
f2c6fd75-9a61-4140-a51a-5c616ff7c99d,01,,29604dc8-54e0-4096-b5af-84fa6547132e-01,cor-buy,
1dcf98ce-459c-4042-9b70-dcc925ded5e5,01,,8bfae313-5d22-4ae6-bfdd-6ee83e7de51d-01,cor-buy,"Verschiebung der Angebotsfrist auf den 23.09.2026, 10:00 Uhr. Auf eine Korrektur des Formblattes A00_911-AI EU_Aufforderung Angebot wird aufgrund der Kurzfristigkeit verzichtet."
0a084d8e-b409-46c3-8f38-42d0c38f4087,01,,6a467b6a-d681-4cba-ad77-c961db25f642-01,update-add,Änderung der Sektion 5.1.9
f8f990a2-b9fb-452d-8a21-a403a2239e46,01,,05f8b27c-f630-4260-a9d1-2c860fb41abc-01,update-add,Änderung Angebotsfrist
0438fc4d-f4e0-43f1-8124-783654473a06,01,,2bf1e93b-4303-4135-920c-2485c4d6288c-01,cor-buy,Veröffentlichungsdauer vom 05.10.2026 auf 08.10.2026 verlängert
31c84d33-8204-4aeb-9bdc-6b03fe02d7b6,01,CON-0000,800906-2025,mod-cir,"Im Zuge der ursprünglichen Beauftragung wurde die Objekt- und Fachplanung für die vom Rat am 13.04.2026 als Vorzugsvariante bestätigte Variante 3 vollständig bis zur Leistungsphase 4 (einschließlich der Einreichung des Förderantrags nach Föri-kom-Stra) erbracht.
Im Anschluss wurde ein Bürgerbegehren gemäß § 26 GO NRW gegen den Ratsbeschluss eingereicht. Nach Feststellung der förmlichen Zulässigkeit und des Erreichens des Quorums (§ 26 Abs. 4 GO NRW) hat der Rat der Hansestadt Herford in seiner Sitzung am 10.07.2026 (Vorlage RA/83/2026) dem Bürgerbegehren gemäß § 26 Abs. 6 Satz 4 GO NRW vollumfänglich stattgegeben. Hierdurch wurde die Umsetzung der Variante 2 (zweispuriger Ausbau) verbindlich beschlossen.
Die Notwendigkeit zur erneuten Durchführung der HOAI-Leistungsphasen 3 und 4 für die nunmehr festgelegte Variante 2 beruht direkt auf diesem nachträglichen, kommunalverfassungsrechtlichen Verfahren und dem anschließenden Ratsbeschluss. Diese Umstände waren für die Hansestadt Herford als Auftraggeberin zum Zeitpunkt der ursprünglichen EU-weiten Auftragsvergabe nicht vorhersehbar. Der Gesamtcharakter des Planungsauftrags (Planung der Verkehrsanlage) bleibt dabei unverändert."
65a1fbb7-b8fa-47a1-81b3-19eb0aea6d81,01,CON-0000,158087-2019,add-wss,"508
Es ist nicht möglich, diese zusätzlichen Leistungen mit einem anderen AN erbringen zu lassen, da nur durch ein fundiertes
Projektvorwissen, das nur aus den bereits ausgeführten Arbeiten unter Berücksichtigung von nicht dokumentierter Faktoren und
technischen Entscheidungen vor Ort gewonnen werden kann, eine mangelfreie Arbeit ausgeführt werden kann. Aufgrund der
kritischen Komplexität in der Ausführung der Arbeiten ist eine Bauleistungserbringung ohne eine Schnittstelle an diesem Punkt
unumgänglich. Es besteht das Risiko, das ein neuer AN kurzfristig alle statischen Faktore nicht berücksichtigen kann und diese
Arbeiten mangelhaft ausgeführt sind, und nicht-erwartete Verformungen nicht feststellen könnte, was zu beträchtlichen
Mehrkosten führen würde.
Mit einer Trennung des AN gehen Synergieeffekte durch einheitliche Leisungsdurchführung und Leistungsbetreuung verloren. Die
erforderlichen Leistungen stehen im untrennbaren räumlichen, zeitlichen und ausführungstechnischen Bezug zu den Arbeiten .
Eine Trennung zur Hauptvertragsleistung würde zu abwicklungs- und bautechnologisch nicht beherrschbaren Schnittstellen
führen.
Es ist nicht möglich, diese zusätzlichen Leistungen mit einem anderen AN erbringen zu lassen, da nur durch ein fundiertes
Projektvorwissen, das nur aus den bereits ausgeführten Arbeiten unter Berücksichtigung von nicht dokumentierter Faktoren und
technischen Entscheidungen vor Ort gewonnen werden kann, eine mangelfreie Arbeit ausgeführt werden kann. Aufgrund der
kritischen Komplexität in der Ausführung der Arbeiten ist eine Bauleistungserbringung ohne eine Schnittstelle an diesem Punkt
unumgänglich. Es besteht das Risiko, das ein neuer AN kurzfristig alle geotechnischen Faktore nicht berücksichtigen kann und
diese Arbeiten mangelhaft ausgeführt sind, was zu beträchtlichen Mehrkosten führen würde.
Mit einer Trennung des AN gehen Synergieeffekte durch einheitliche Leisungsdurchführung und Leistungsbetreuung verloren. Die
erforderlichen Leistungen stehen im untrennbaren räumlichen, zeitlichen und ausführungstechnischen Bezug zu den Arbeiten .
Eine Trennung zur Hauptvertragsleistung würde zu abwicklungs- und bautechnologisch nicht beherrschbaren Schnittstellen
führen."
bdb7cd0f-27a9-49e6-be6e-c80723885512,01,,bf67a77b-8bb3-4787-9884-61d1a07f7950-01,cor-pub,Verschiebung Submissionstermin
32bcd728-4e98-499d-a4e3-75f506ec038a,01,,5b16f54d-883e-436e-a7d4-2704ecf91df6-01,cor-buy,"Tippfehler in der Wiederholung der Vertragslaufzeit der Aufforderung zur Angebotsabgabe
Bindefrist in der Bekanntmachung gekürzt."
07c57189-4238-4bcf-987b-80763a6d7e23,01,,84328362-6e31-4534-88c5-e25898edea60-01,update-add,"Änderung der Vordrucke D1. ""Angebotsformular"", A1. Bewerbungsbedingungen wird vorgenommen . Im Zuge der Beantwortung von Bieterfragen und der damit neu hochgeladenen bzw. aktualisierten Vergabeunterlagen wird die Angebotsfrist vom 10.09.2026, 11:00 Uhr, auf den 17.09.2026, 11:00 Uhr, verlängert."
4d643fae-3e36-4698-9988-0d3e35879d8f,01,CON-0001,364378-2023,add-wss,"MKA 512
Im Zusammenhang mit den im betreffenden Bauabschnitt auszuführenden Kabeltiefbauarbeiten haben sich im Zuge der Ausführungsplanung sowie der Abstimmungen zwischen AG, BÜW und AN Anpassungen der ursprünglich vorgesehenen Ausführung ergeben. Hierdurch werden zusätzliche bzw. geänderte Leistungen erforderlich, die im vertraglich vereinbarten Leistungsumfang nicht oder nicht in der nunmehr erforderlichen Art und Weise enthalten sind. Die betroffenen Leistungen umfassen insbesondere: • Lieferung, Einbau und Verdichtung einer KG-1-Schicht im Randbereich des Bestandsdamms, • Lieferung und Einbau von Fertigteilrahmen (Einfassrahmen) einschließlich Absturzsicherung, • Herstellung von Aufstandsflächen für Kabelschränke aus Rasengittersteinen einschließlich Randeinfassung, Unterbau und erforderlicher Erdarbeiten, • Rückbau und Wiederherstellung von Böschungsbefestigungen im Bereich übersteiler Böschungen. Die Notwendigkeit dieser Leistungen wurde zwischen AN und Projektleitung abgestimmt. "
0a256d31-3992-4c28-af2a-af2e7c9d54a3,01,,ef55df57-4a0c-4616-a270-d23e1c4e1218-01,update-add,
b37b8634-91f0-43a1-9a0b-524aae0ee02e,01,CON-0000,7ccd9bc5-beb6-42a0-aa33-948a6b599c05-01,add-wss,"Im Zuge der Erstellung des 4. Änderungsantrags, sowie der daraus resultierenden, im Genehmigungsbescheid beauflagten, denkmalfachlichen Begleitung, entsteht ein zusätzlicher Mehraufwand. Der Umfang der im NA114 bereits beauftragten Mehrleistungen hat sich erweitert, sodass die zusätzlichen Leistungen in diesem Nachtrag in Fortführung zu NA114 ergänzt und fortgeschrieben werden müssen. Der gegenständliche Nachtrag umfasst die Erstellung eines Leistungsbeschriebs (Zuarbeit zur LV-Erstellung) unter Berücksichtigung restauratorischer Aspekte für den denkmalgeschützten Boden sowie die Abhangdecke im 1. OG NTW („Wiener Café“), die Unterstützung bei der Planung „Schlosser IV“ (Denkmalschlosser) durch vertiefte Bauteilanalysen (u. a. Bestimmung von Bauphasen), Archivrecherchen sowie Mitwirkung bei Leistungsbeschreibungen, sowie die Unterstützung bei der Erstellung des gemäß Baugenehmigung erforderlichen Maßnahmenbeschriebs für den 5. Änderungsantrag, einschließlich zusätzlicher Archivrecherchen sowie Abstimmungsterminen mit der Unteren Denkmalschutzbehörde und dem Landesamt für Denkmalpflege. Diese zusätzlichen planerischen Leistungen waren nicht Bestandteil der ursprünglichen Beauftragung. Ein Wechsel des Auftragnehmers ist aus technischen und wirtschaftlichen Gründen nicht möglich."
3084e989-acb5-4689-8ebb-6bf0ad8e0903,01,,df650619-a9ac-4acf-8312-1d0d7a383843-01,cor-pub,neue Angebotsfrist (Ziff. 5.1.12.)
68395e6d-ee88-4b84-b477-68e4396c6059,01,CON-0001,4383eb03-de0c-4e23-9e8f-95307ded3835-01,add-wss,"156
Die Erneuerung der Verkehrsstation Ochenbruck wird durch die Fa. Swietelksy vorgenommen, wodurch die Fa. sich mit den Begebenheiten vor Ort, insbesondere im Bereich der Personenunterführung, bereits vertraut gemacht hat. Der Bauaublauf hierzu ist bereits abgestimmt, wodurch die Anpassung der Sützwand und Fertigteile durch einen neuen AN technisch und bauzeitlich eine große Schwierigkeit darstellen würde. Mehrere AN im räumlich eng eingegrenzten Baufeld der Personenunterführung wären logistisch nicht möglich.Ein neuer AN hätte einen erheblichen Einarbeitungsaufwand, um die komplexen projektspezifischen Rahmenbedingungen zu verstehen und sich mit den örtlichen Begebenheiten, v.a. in Bezug auf die Personenunterführung und die anzupassende Stützwand samt Fertigteilen vertraut zu machen. Es entstünde ein erheblicher Abstimmungsbedarf zwischen dem bisherigen AN und dem neuen AN. Dies wäre mit zusätzlichen Kosten und Verzögerungen verbunden. Zudem könnte die Qualität der Gesamtanlage beeinträchtigt sein. Beim bestehenden AN entfallen diese Schwierigkeiten, da er bereits Arbeiten an der Haltestelle Ochenbruck und der zugehörigen Personenunterführugn geplant hat und somit über die notwendigen Kenntnisse und Projekterfahrung verfügt.
169
Die Bauarbeiten am Bahnhof Neumarkt werden durch die Fa. Swietelksy vorgenommen. U.a. ist die Fa. Swietelksy ohnehin mit der Montage der Uhren sowie im Kabeltiefbau beauftragt, wodurch sich die Fa. mit den Begebenheiten vor Ort bereits vertraut gemacht hat. Der Bauaublauf hierzu ist bereits abgestimmt, wodurch die Zusatzarbeiten an den Uhren samt Kabelverlegungsarbeiten durch einen neuen AN technisch, räumlich und bauzeitlich nicht umzusetzen wären. Verschiedene Auftragnehmer im räumlich begrenzten Baufeld wären logistisch nicht realisierbar. Ein neuer AN hätte einen erheblichen Einarbeitungsaufwand, um die komplexen projektspezifischen Rahmenbedingungen zu verstehen und sich mit den örtlichen Begebenheiten am Bahnhof Neumarkt vertraut zu machen. Es entstünde ein erheblicher Abstimmungsbedarf zwischen dem bisherigen AN und dem neuen AN. Dies wäre mit zusätzlichen Kosten und Verzögerungen verbunden. Zudem könnte die Qualität der Gesamtanlage beeinträchtigt sein. Beim bestehenden AN entfallen diese Schwierigkeiten, da er bereits Arbeiten am Bahnhof Neumarkt, u.a. die Uhren betreffend und am Kabeltiefbau geplant hat und somit über die notwendigen Kenntnisse und Projekterfahrung verfügt."
162d0079-0ada-4d8b-b2a3-db5d889299a2,01,,71caf3ea-7947-4110-90ef-86fcac2c151a-01,update-add,Extension of deadline.
b77e9652-6802-4103-a4e1-af42fab8cb9d,01,CON-0000,82696-2022,add-wss,"Die Beauftragung des Nachtrages ist zwingend erforderlich, da die angebotene Leistung zur Herstellung der beauftragten Leistungen erforderlich ist. Die gesetzlichen Anforderungen des § 132 Abs. 2 Nr. 2 GWB werden durch den vorliegenden Sachverhalt erfüllt. Ein Wechsel des Auftragnehmers aus wirtschaftlichen oder technischen Gründen kann nicht erfolgen und wäre mit erheblichen Schwierigkeiten oder beträchtlichen Zusatzkosten für den öffentlichen Auftraggeber verbunden.

Nachdem eine sehr hohe Wahrscheinlichkeit besteht, dass der B-Plan im Dezember rechtskräftig wird und damit eine Genehmigung des zusätzlichen 14. OG sehr realistisch ist soll nun der Bauantrag erstellt werden um diesen kurzfristig nach Rechtskraft des B-Plans einreichen zu können."
7a855c7f-8d65-411f-9126-6dcb4aec744d,01,,ccb75731-cd59-43d3-9eba-eb19d9e005b2-01,cor-buy,"Aufgrund einer Anpassung von Daten in de unterlage ""Bewerbungsbedingungen"" wie folgt:

Anpassung der ""Bewerbungsbedingungen"" Ziffer 4.4 (Seite 15), Punkte 5, 6 und 7: 

Ursprünglich:
•Präsentationsrunde mit max. 6 Bietern: 27.-29.10.2026
•Versand der Einladung zum Dialog (an max. 3 Bieter): bis 06.11.2026
•Dialoggespräche mit 3 Bietern: am 17.-19.11., 24.-26.11. sowie 01.-03.12.26

Neu angepasst:
•Präsentationsrunde mit max. 6 Bietern: 03.-05.11.2026
•Versand der Einladung zum Dialog (an max. 3 Bieter): bis 13.11.2026
•Dialoggespräche mit 3 Bietern: am 24.-26.11.2026 und am 01.-03.12.2026 

Anpassung der ""Bewerbungsbedingungen"" Ziffer 5.21 (Seite 22), vorletzter Absatz: 

Ursprünglich:
Die erste Präsentationsrunde soll wie unter 4.3 Zeitplan beschrieben am 27./28./29. Oktober 2026 stattfinden.
 
Neu angepasst:
Die erste Präsentationsrunde soll wie unter 4.4 Zeitplan beschrieben am 03./04./05. November
2026 stattfinden.
  
Anpassung der ""Bewerbungsbedingungen"" Ziffer 5.21 (Seite 23), Themenwoche 2 und 3: 

Ursprünglich:
•Themenwoche 2: IT-Service-Management
(siehe Anlage 1, Seiten 17 bis 19)
•Themenwoche 3: Kalkulations- und Abrechnungsmodell, Kostendeckungsbeitrag,
Finanzierungsmodell sowie Vertragsentwurf
(siehe Anlage 1, Seite 19)
 
Das Thema für die erste Themenwoche ist festgelegt. Bei den anderen Themenwochen behält sich der Auftraggeber Änderungen oder Ergänzungen vor.
 
Neu angepasst (Zusammenfassung von Themenwoche 2 und 3):
•Themenwoche 2: IT-Service-Management (siehe Anlage 1, Seiten 17 bis 19) &
Kalkulations- und Abrechnungsmodell, Kostendeckungsbeitrag, Finanzierungsmodell sowie Vertragsentwurf (siehe Anlage 1, Seite 19)
 
Die grundsätzlichen Themen sind festgelegt. Zu den einzelnen Inhalten behält sich der Auftraggeber Änderungen oder Ergänzungen vor.
 
Die Änderungen sind in der Unterlage ""Bewerbungsbedingungen"" rot markiert. Die aktualisierte Version 2 der ""Bewerbungsbedingungen"" steht als ""Bewerbungsbedingungen-V2"" zur Verfügung und ist nach aktuellem Stand von den Bewerbern zu berücksichtigen."
10b4365a-23af-4cbd-874f-5faa960c37e5,01,,ecab6be8-83ee-46b2-b046-ddf8e0b271c7-01,cor-buy,Ziff. 5.1 Korrektur Angaben zur Eventualleistung
bdf2df03-ecca-4e4a-834a-8c169022bab7,01,CON-0000,284581-2025,add-wss,"Aufgrund einer Schnittstellenänderung in der Leistungsphase 5 erfolgt die Verlegung der Leerrohre von der Übergabedose, in der Regel in der Abhangdecke bzw. oberhalb der UK SIN (Unterkante Sichtinstallation), nunmehr durch den AN Elektroinstallation. Die Übergabedosen selbst sowie die Leitungen und Leerrohre, beispielsweise von der nächstgelegenen Kabelrinne bis zur Übergabedose, sind bereits Bestandteil des beauftragten Leistungsverzeichnisses. Ca. 80-90 % der angebotenen Leistung waren nach vorheriger Schnittstellenliste Leistung durch den AN Türen (oder vergleichbar). Die zusätzliche Koordinationsleistung ist erforderlich, da Art und Umfang der Leistung über die üblicherweise geschuldete M&W-Planung hinausgehen. Aus planerischer Sicht ist diese Leistung als Sonderleistung nach HOAI einzuordnen (vgl. Leerrohre in Sichtbeton). Da die Wandaufbauten im 3D-Modell jedoch nicht durchgängig mit dem tatsächlichen Bestand übereinstimmen, kann diese Planungsleistung auf dieser Grundlage nicht erbracht werden. Die Leistungen waren nicht Bestandteil der ursprünglichen Beauftragung. Ein Wechsel des Auftragnehmers im Rahmen einer Neuausschreibung kann aus wirtschaftlichen und technischen Gründen nicht erfolgen und wäre mit erheblichen Schwierigkeiten oder beträchtlichen Zusatzkosten verbunden gewesen."
e5b06742-88fb-461f-b5a2-561a22b4947e,01,,73d96d95-d4d8-4bb5-bf5a-1a1a8857b70c-01,cor-buy,Änderung Submissionstermin
2d885c65-7f8d-466b-ae79-a214d09abef4,01,,ea391869-27aa-49aa-a83f-23175d48df49-01,cor-buy,Präzisierung  Referenzen
f3a5f1e0-9f72-4179-90d4-bcbd0ab4b850,01,,c554a626-3137-4f4d-b26f-9b4c1df8b16b-01,cor-pub,15.09.2026: Die Frist für den Eingang der Teilnahmeanträge wurde auf den 29.09.2026 verlängert.
e57a5e81-925c-4497-a287-25ade645b989,01,,f77d5b0d-af5c-4a12-bf84-bae42fa9f5ba-01,cor-pub,15.09.2026: Die Frist für den Eingang der Teilnahmeanträge wurde auf den 29.09.2026 verlängert.
6c6fd5da-2d81-4cd1-9b7a-4f9af163c766,01,CON-0001,110392-2022,mod-nons,Bedarf zusätzlicher Bauleistungen
b9edd57c-869d-46a1-9b2f-e4d784c599f8,01,CON-0001,287756-2022,add-wss,Ursachen nicht vorhersehbar
d5be3ec2-f7c5-4017-bc4c-fae12b7f6ef7,01,,ffd3bf25-d7c7-4f84-8405-114985a6b9c0-01,update-add,"Die Frist für die Einreichung der Angebote wird bis zum 28.09.2026, 12:00 Uhr verlängert."
ec979362-0650-4ab1-8069-b5eb25d72e28,01,,b3659f23-1095-489e-8875-1f9d1f087d05-01,update-add,"Folgendes Dokument wird den Bewerbern/Bietern mit der Version 2 der Ausschreibungsunterlagen zur Verfügung gestellt:

- B3_04_W084_Sonstiges_Lageplan

Die Anlage ""A2_Inhaltsverzeichnis_Ausschreibungsunterlagen_V2"" wurde entsprechend angepasst und Änderungen blau markiert."
f1b8b89e-0c34-489c-8605-e48d0d0a5cb1,01,,794ea419-eb4f-4414-a8e9-3be7baa91b43-01,cor-buy,Austausch Leistungsverzeichnis gemäß Bieterfragen.
91690441-2088-4e96-99df-2b8ad32e5a1b,01,CON-0001,19541c73-c23a-4bb3-9719-c256c93db045-01,add-wss,"VA 030 - Während der Bestandserkundungen wurde festgestellt, dass die vorhandene Stützwand nördlich der EU Kirchstraße zusätzliche Maßnahmen zur Erneurung benötigt, um die Standsicherheit wiederherzustellen.
VA 035 - Gem. der Anordnung seitens AG ist in Abkehr zu den im Vertrag vereinbarten Leistungen eine Schraffur des Gefahrenbereichs am Bahnsteig auszustatten anstatt diese mit Betonsteinpflaster auszulegen.
VA 036 - Aufgrund der geänderten Ausführung des Trogbauwerks, d.h. infolge des nunmehr zu realisierenden Höhenunterschiedes der Wände des Trogbauwerks für die Rampe zum Bstg. 2,müssen gemäß Standsicherheitsnachweis zusätzliche Mikropfähle auf der Trogseite mit hoher Wand eingebaut werden, um somit bauwerksverträgliche Verformungen zu gewährleisten.
VA 040 - Aufgrund der geänderten Ausführung des Trogbauwerks, d.h. infolge des nunmehr zu realisierenden Höhenunterschiedes der Wände des Trogbauwerks für die Rampe zum Bstg. 2,müssen gemäß Standsicherheitsnachweis zusätzliche Mikropfähle auf der Trogseite mit hoher Wand eingebaut werden, um somit bauwerksverträgliche Verformungen zu gewährleisten."
98597e19-5747-4c1b-988b-56cbc7418509,01,,98ba477c-4078-4c63-8804-b5b69530de3e-01,update-add,Verlängerung der Angebotsfrist. Änderung der Vergabeunterlagen
991c04fe-ca10-4e6b-9304-0ad31b4757ed,01,,ed9388cb-0304-4456-862b-4dd329a7123a-01,update-add,"Die Vergabeunterlagen wurden überarbeitet, ergänzt und neu strukturiert. Dies betrifft insbesondere die Bewerbungsbedingungen, die Eignungs- und Auswahlkriterien, die Zuschlagskriterien, die Anforderungen an das Projektteam, die Leistungsbeschreibung, den Leistungs- und Vergütungskatalog sowie den Vertrag. Die aktualisierten Vergabeunterlagen wurden über den Projektraum der E-Vergabeplattform zur Verfügung gestellt.  Im Zuge der Aktualisierung wurde auch der vergaberechtliche Terminplan angepasst. Die Frist zur Abgabe der Teilnahmeanträge (Teilnahmefrist) läuft ab am Dienstag, 6. Oktober 2026, 13:00 Uhr.  Interessierte Unternehmen werden gebeten, bei der Erstellung ihrer Teilnahmeanträge die aktualisierten Vergabeunterlagen zu berücksichtigen. Die übrigen bereits bereitgestellten, insbesondere die projektspezifischen Unterlagen bleiben weiterhin Bestandteil der Vergabeunterlagen, soweit sie nicht ausdrücklich durch eine aktualisierte Fassung ersetzt wurden."
e7ffd4a2-72f0-4c60-b831-c4b32143062c,01,CON-0001,271043-2020,add-wss,"Um den geltenden Regeln der Technik und den Richtlinien für die Neuverblechung der Turmkuppel, hier die Verblechung der Öffnungsflügel, gerecht zu werden, kam es zu einigen Vorgaben durch die beauftragte und ausführende Klempnerfirma. So war es jetzt zwingend erforderlich, die aus Stahlblech bestehenden äußeren Wangen der Tore ebenfalls zu verblechen, was eine komplette Holzverschalung dieser Wangen bedingt. Dazu kamen einige vor Ort abgestimmte Details und spezielle Anschlüsse, die im Vorfeld nicht vorauszusehen waren und nun angearbeitet werden mussten."
9affc1f7-f387-4b6c-b221-a24ee46c41c6,01,CON-0001,efc90732-a542-4968-a239-6a2aab49f241-01,add-wss,AvL 170 - Die Leistungen sind für die vertragsgemäße Ausführung notwendig und unmittelbar mit den beauftragten Arbeiten verknüpft. Ein ANWechsel wäre aus technischen Gründen (Schnittstellen) und aus wirtschaftlichen Gründen (Verzögerungen) nicht zweckmäßig und mit erheblichen Zusatzkosten verbunden.
d28f5c90-99bc-44f6-ab7f-b559d95655ec,01,CON-0001,357805-2018,add-wss,"Bau-Soll wurde durch den Auftraggeber geändert, da die Stromanlage so aufgebaut werden sollte, dass einzelne Baustromverteiler und Baustromkabel zurückgebaut werden können.
Außerdem machte die Montage einer Aufzugsanlage mit einem Stromanschluss, der einen allstromsensitiven FI-Schutzschalter notwenidig.
Durch den verlängerten Bauablauf muss die Baustromanlage bis September 2024 in Betrieb bleiben."
d6edcf37-85e7-4c5d-aadd-631777267c50,01,CON-0001,262494-2021,add-wss,"NT08 - Um die Fundamentertüchtigung rechtzeitig vor Einrichtung dieses bauzeitlichen Zugangs ausführen zu können, ist eine unmittelbare planerische Vorbereitung erforderlich. Gegenstand des Nachtrags ist daher die Erweiterung des Leistungsumfangs um die Leistungsphasen 3–6 für die entsprechende Ertüchtigungsmaßnahme.  Diese zusätzlichen Planungsleistungen sind unmittelbar erforderlich, da ohne ihre Durchführung die rechtzeitige bauliche Umsetzung nicht sichergestellt werden kann. Eine Verschiebung der Leistungen ist ausgeschlossen, da das Baufeld später nicht mehr zur Verfügung steht."
afd9f95e-cfc5-4aa3-9657-683dc982242e,01,CON-0001,19541c73-c23a-4bb3-9719-c256c93db045-01,add-wss,"MKA 022 - Der AN ist laut Vertrag mit der Generalsanierung des Korridors Rechter Rhein beauftragt. Da die o. g. Mehraufwendungen zur Erbringung des vereinbarten Werkerfolgs erforderlich und direkt mit der ursprünglichen Hauptvertragsleistung verknüpft sind, ist kein AN-Wechsel möglich. Durch die Beauftragung eines weiteren AN würden erhebliche Schwierigkeiten bei der Zuordnung der Verantwortlichkeiten bei möglichen Mängelansprüchen entstehen. Zudem würde ein AN-Wechsel einen erheblichen Mehraufwand verursachen, da ein neuer Auftragnehmer zunächst in die spezifischen Anforderungen und den Projektstand eingearbeitet werden müsste. Dies würde sowohl zusätzliche Zusatzkosten als auch Zeitverzögerungen im Projektablauf verursachen. Die zusätzliche Leistung ist eng mit den bereits geplanten bzw. teilweise umgesetzten Schichtenaufbauten und den örtlichen Gegebenheiten abgestimmt. Ein neuer Auftragnehmer müsste sich zunächst umfassend in die spezifischen Anforderungen, die gewählten Materialien sowie die konstruktiven Randbedingungen einarbeiten. Dies würde zu zusätzlichem Abstimmungsaufwand, zeitlichen Verzögerungen und vermeidbaren Mehrkosten führen."
77dd412a-f4af-4b1f-bc1b-77bcaf09e031,01,CON-0001,52ea0c7d-5848-4c30-8733-e7c9c96cb188-01,add-wss,"023:
Ein Wechsel des AN würde erheblichen Mehraufwand und Verzögerungen im Leistungsablauf verursachen. Ein neuer Planer müsste sich erst in die vorhandenen komplexen Unterlagen und in den Sachstand einarbeiten, dann die Lücken feststellen und bearbeiten. Dabei könnte nicht ausgeschlossen werden, dass dann wieder Widersprüche oder Lücken auftreten. Dies stellt eine doppelte Bearbeitung dar, die sowohl zeitlich als auch finanziell nachteilig wäre

024:
Ein Wechsel des AN würde erheblichen Mehraufwand und Verzögerungen im Leistungsablauf verursachen. Ein neuer Planer müsste sich erst in die vorhandenen komplexen Unterlagen und in den Sachstand einarbeiten, dann die Lücken feststellen und bearbeiten. Dabei könnte nicht ausgeschlossen werden, dass dann wieder Widersprüche oder Lücken auftreten. Dies stellt eine doppelte Bearbeitung dar, die sowohl zeitlich als auch finanziell nachteilig wäre 

025:
Ein Wechsel des AN würde erheblichen Mehraufwand und Verzögerungen im Leistungsablauf verursachen. Ein neuer Planer müsste sich erst in die vorhandenen komplexen Unterlagen und in den Sachstand einarbeiten, dann die Lücken feststellen und bearbeiten. Dabei könnte nicht ausgeschlossen werden, dass dann wieder Widersprüche oder Lücken auftreten. Dies stellt eine doppelte Bearbeitung dar, die sowohl zeitlich als auch finanziell nachteilig wäre

026:
Ein Wechsel des AN würde erheblichen Mehraufwand und Verzögerungen im Leistungsablauf verursachen. Ein neuer Planer müsste sich erst in die vorhandenen komplexen Unterlagen und in den Sachstand einarbeiten, dann die Lücken feststellen und bearbeiten. Dabei könnte nicht ausgeschlossen werden, dass dann wieder Widersprüche oder Lücken auftreten. Dies stellt eine doppelte Bearbeitung dar, die sowohl zeitlich als auch finanziell nachteilig wäre

027:
Ein Wechsel des AN würde erheblichen Mehraufwand und Verzögerungen im Leistungsablauf verursachen. Ein neuer Planer müsste sich erst in die vorhandenen komplexen Unterlagen und in den Sachstand einarbeiten, dann die Lücken feststellen und bearbeiten. Dabei könnte nicht ausgeschlossen werden, dass dann wieder Widersprüche oder Lücken auftreten. Dies stellt eine doppelte Bearbeitung dar, die sowohl zeitlich als auch finanziell nachteilig wäre

031:
Ein Wechsel des AN würde erheblichen Mehraufwand und Verzögerungen im Leistungsablauf verursachen. Ein neuer Planer müsste sich erst in die vorhandenen komplexen Unterlagen und in den Sachstand einarbeiten, dann die Lücken feststellen und bearbeiten. Dabei könnte nicht ausgeschlossen werden, dass dann wieder Widersprüche oder Lücken auftreten. Dies stellt eine doppelte Bearbeitung dar, die sowohl zeitlich als auch finanziell nachteilig wäre

032:
Ein Wechsel des AN würde erheblichen Mehraufwand und Verzögerungen im Leistungsablauf verursachen. Ein neuer Planer müsste sich erst in die vorhandenen komplexen Unterlagen und in den Sachstand einarbeiten, dann die Lücken feststellen und bearbeiten. Dabei könnte nicht ausgeschlossen werden, dass dann wieder Widersprüche oder Lücken auftreten. Dies stellt eine doppelte Bearbeitung dar, die sowohl zeitlich als auch finanziell nachteilig wäre

033:
Ein Wechsel des AN würde erheblichen Mehraufwand und Verzögerungen im Leistungsablauf verursachen. Ein neuer Planer müsste sich erst in die vorhandenen komplexen Unterlagen und in den Sachstand einarbeiten, dann die Lücken feststellen und bearbeiten. Dabei könnte nicht ausgeschlossen werden, dass dann wieder Widersprüche oder Lücken auftreten. Dies stellt eine doppelte Bearbeitung dar, die sowohl zeitlich als auch finanziell nachteilig wäre

034:
Ein Wechsel des AN würde erheblichen Mehraufwand und Verzögerungen im Leistungsablauf verursachen. Ein neuer Planer müsste sich erst in die vorhandenen komplexen Unterlagen und in den Sachstand einarbeiten, dann die Lücken feststellen und bearbeiten. Dabei könnte nicht ausgeschlossen werden, dass dann wieder Widersprüche oder Lücken auftreten. Dies stellt eine doppelte Bearbeitung dar, die sowohl zeitlich als auch finanziell nachteilig wäre

035:
Ein Wechsel des AN würde erheblichen Mehraufwand und Verzögerungen im Leistungsablauf verursachen. Ein neuer Planer müsste sich erst in die vorhandenen komplexen Unterlagen und in den Sachstand einarbeiten, dann die Lücken feststellen und bearbeiten. Dabei könnte nicht ausgeschlossen werden, dass dann wieder Widersprüche oder Lücken auftreten. Dies stellt eine doppelte Bearbeitung dar, die sowohl zeitlich als auch finanziell nachteilig wäre"
dc8a5290-a8f6-4e7a-93be-cc3b6edf7b7f,01,,e6a5b02b-25ec-489c-9888-c46b4a39bce6-01,update-add,
8712ead9-715a-4650-ab3e-b34384a3359a,01,,a2a6e781-2060-4596-9dfa-79b282424abd-01,update-add,Verlängerung der Angebotsfrist.
04f76f7a-e349-489a-a764-54850c2dea86,01,,635697-2026,cor-pub,"VERFAHREN - BESCHREIBUNGSTATT: Gegenstand des Auftrags sind Leistungen der Objektplanung Gebäude und Innenräume gem. §§ 33 ff HOAI 2021, LPH 3-9 bei stufenweiser BeauftragungMUSS ES HEISSEN:Gegenstand des Auftrags sind Leistungen der Technische Ausrüstung ALG 1, 2, 3, 7 und 8 (HLS) gem. §§ 53 ff HOAI  2021, LPH 3-9 bei stufenweiser Beauftragung."
d3248030-a348-43c2-a9dd-1f1b9f890f0d,01,,a04d724b-9213-43ce-80a1-e56ea9572dce-01,update-add,
cba98c7f-e41f-4ab9-81b8-7a3319fc583a,01,CON-0000,434810-2016,add-wss,"MKA 106 Fachgerechtes Verschließen entsprechend geltender DIN-Normen und den brandschutztechnischen Anforderungen aller geöffneter

Brandschotts und neuer Kabeldurchführungen in den Tunnelanlagen und Verteilerräumen."
6f3b35b2-71c9-4abb-a5de-426cf16e85d8,01,CON-0000,832140-2025,mod-cir,Es wurden aus Gründen des gesamten Erscheinungsbild Fließen demontiert und an ande-rer stelle neu Verlegt und die Treppenräume den neuen Fluren angepasst. Dies erfolgte auch auf Grundlage der visuellen Zusammenhängen der neuen Fluchtwege.
81db0040-7ed0-434a-947e-7113d2568512,01,,7e3ac35e-33ed-4947-b094-6b8cecef2597-02,update-add,Aufgrund der technischen Migration der E-Vergabe-Plattform wird die Angebotsfrist in diesem Vergabeverfahren verschoben. Mit der Anpassung der Angebotsfrist verschiebt sich auch das Ende der Bindefrist.
7ee8c71e-6e5c-48b4-bbd0-68c027e3724d,01,,f8d3d6d5-50f5-4a1f-9114-6cff4fb9297a-01,cor-buy,
252e2ba7-7660-4d37-a9f0-0247365d28f8,01,,5c97e6fb-992d-4258-8079-c06922fe57d6-01,cor-buy,
c3a9b49a-2f04-4f8c-8eb2-c8341bbafabe,01,,83298eb9-40d1-4b29-b74b-d8de49383296-01,update-add,Termine geändert
ad444921-a025-4950-b270-afc0dd34dd39,01,,9eb67ea8-6f13-4a27-8168-b73e3d3717c0-01,update-add,Änderungen im Leistungsverzeichnis
b86b2a2d-f22f-4843-9c9e-47873e5a5838,01,,451e6abf-94ad-4d33-8682-87ae733c9db1-01,cor-buy,"Korrektur und Ergänzung der Vergabeunterlagen, Beantwortung von Bieterfragen."
5d148dca-836a-4cbe-8ad5-ef933ebbaa3b,01,,50de7abc-8ddc-42cc-942d-499c2b322271-01,update-add,Addition of information to the tender documents and the contract notice regarding the notification and declaration obligations under Regulation (EU) 2022/2560 on foreign subsidies distorting the internal market (Foreign Subsidies Regulation – FSR).
9847632d-4a97-4aaa-ad2a-30e63db92be3,01,,43f8a49e-91f5-4bcc-988f-c5d3138f46a5-01,update-add,
01a0a444-1c07-471e-b755-941f4becd2ee,01,,01a06220-073c-4185-a3ac-033e6d8d32d1-01,update-add,
c5130c2b-46f7-4e0e-9809-68b19283cd29,01,,86580a8f-3106-414e-b1b6-08b46eadff93-01,update-add,Fristanpassung aufgrund der Nachfrage eines Bieters.
0430fc54-6625-452c-aaf0-0a8cbd97d010,01,CON-0001,ac3b476f-af15-408d-9ebf-4b223bbf9104-01,add-wss,"42:
Ein Unternehmerwechsel im laufenden Prozess der Vorbereitung der Ausführungsplanung sowie die Bauausfürhung war aufgund der engen und vorgegebenen Terminschienen nicht möglich. Der Einsatz von Dritte Firmen in diesem Bereich ist aufgrund der beengten verfugbaren Platzes zwischen die Gleise unmöglich. Ergänzend würden aus einem Unternehmerwechsel zusätzliche Verzögerungen resultieren, die mit Blick auf den erforderlichen Abschluss des Projekts und Fertigstellung der Bauarbeiten kritisch ist. Die Bauarbeiten sind mit feste Gleissperrungen eingebunden. Eine Verlängerung der Sperrpausen ist aus betribliche Gründen nicht möglich.

44:
Ein Unternehmerwechsel im laufenden Prozess der Vorbereitung der Ausführungsplanung sowie die Bauausfürhung war aufgund der engen und vorgegebenen Terminschienen nicht möglich. Der Einsatz von Dritte Firmen in diesem Bereich ist aufgrund der beengten verfugbaren Platzes zwischen die Gleise unmöglich. Ergänzend würden aus einem Unternehmerwechsel zusätzliche Verzögerungen resultieren, die mit Blick auf den erforderlichen Abschluss des Projekts und Fertigstellung der Bauarbeiten kritisch ist. Die Bauarbeiten sind mit feste Gleissperrungen eingebunden. Eine Verlängerung der Sperrpausen ist aus betribliche Gründen nicht möglich."
da4582b1-8a28-481e-83a6-878d3f239556,01,CON-0001,9e194682-9985-4ec3-8852-739101a179d4-01,add-wss,"024: Ein Wechsel des AN würde erheblichen Mehraufwand und Verzögerungen im Leistungsablauf verursachen. Ein neuer
Auftragnehmer müsste sich erst in die vorhandenen komplexen Unterlagen und in den Sachstand einarbeiten, dann die Lücken
feststellen und bearbeiten. Dabei könnte nicht ausgeschlossen werden, dass dann wieder Widersprüche oder Lücken auftreten."
dc92350b-924f-472a-8ea4-53cee8ca4be7,01,,a0e6c56b-ceda-49e2-8241-26f8c51bdb97-01,update-add,terminliche Gründe
0ae13d17-8a39-4471-8be3-4cd0f7b60d7f,01,,c0d97e2f-b14b-4cb9-ab75-333ef96652c2-01,cor-buy,Änderung der Deckungssummen für die Berufshaftpflichtversicherung
e6363aeb-0f90-4733-b245-4001b55ec7e6,01,CON-0001,346150-2023,add-wss,"26-2026:
Im Zuge der Ausführung der vertraglich vereinbarten Leistungen für die Gleiserneuerung zwischen Neustadt-Glewe und Parchim ist der bereits gebundene AN für die Ausführung der Tiefbauleistungen komplett eingerichtet. Kosten für Anfahrt/ Baustelleneinrichtung entfallen, die Gewährleistung liegt in seinem Verantwortungsbereich somit und stellen die wirtschaftlichste Lösung der Ausführung dar."
95906661-a883-4219-9c5f-e89d254ce70b,01,CON-0001,8513e37f-fc7b-4999-9d53-c472a1abc8fb-01,add-wss,"2:
Die Notwendigkeit der zusätzlichen Leistung konnte bei Ausschreibung und Vertragsabschluss objektiv nicht vorhergesehen werden. Die Schadschwellen traten erst während der Ausführung zutage und wurden durch die Bauüberwachung bestätigt.

Inhalt des HV Bauüberwachungsleistungen für Bauarbeiten auf der Strecke 6343 u.a. zwischen Riestedt und dem Bf Sangerhausen. Der Wechsel der Schadschwellen soll in ebendiesem Bereich erfolgen und steht damit in unmittelbarem Zusammenhang mit dem bereits beauftragten Leistungen der Bauüberwachung für Oberbaumaßnahmen."
6022c182-3498-4ed0-9f3e-56e8ed37b231,01,,ae603f21-ea6c-4ab2-a714-91fce8309f6a-01,cor-pub,Verlängerung der Angebotsfrist
de65c969-dd52-4814-9c62-5b1b54856a7a,01,,17d4078d-8947-4f8e-91b2-399bd43e1b19-01,cor-pub,Weitergehende Erläuterungen zur Beschreibung der Beschaffungsmaßnahme
b8978155-5df0-4743-a47b-17b326208f78,01,,44b928d1-80eb-42b7-8590-ec3d15823a03-01,cor-buy,
0cd5762f-6d15-42d5-bb02-89240c990c72,01,,6774d70f-a08b-41ab-821a-56139be3758a-01,cor-buy,die Fristen ( Angebotsabfagefrist und Bindefrist) wurde verlängert
8850e2ed-8211-4877-8ce3-ab6cabf3515f,01,,89d58124-5ed5-4a06-9a98-1954e5a69cd7-01,update-add,
ea0e049a-a32c-4310-aeb3-6f1f61ea8b6c,01,CON-0001,526645-2018,add-wss,"NT-04:
BVB Leistungen nach VV-Bau für die VE41 (Rohnabu Haltepunkt Marienhof) sind weiter fortzuführen, da im Zuge der Projektabwicklung zusätzliche prüf-und freigabepflichtige Ausführungsunterlagen anfallen. Bis Ende 2028 sind voraussichtlich rund 1.900 zusätzliche Pläne gemäß VV-Bau zu prüfen und freizugeben."
ec8e8be2-d6eb-4729-8d2d-09bbef6c68a8,01,,b25c315f-76fd-4b19-926f-edee12406148-01,update-add,Die Vergabeunterlagen wurden aktualisiert. Bitte beachten Sie die überarbeitete Fassung des Leistungsverzeichnisses sowie die Bieterinformation 07.
bcc8ba50-6f9a-4203-b1b0-8e47f17b1d21,01,,4e895ce9-3f20-4d77-81b4-ef0af43f05da-01,update-add,Terminverschiebung für die Vergleichsvorführung
6567e7d7-a73f-4743-95cc-1d79924e3da6,01,CON-0001,76d4cf28-2ce0-455f-9f46-bfad84543010-01,add-wss,"091 - Ein Wechsel des AN ist aus technischer Sicht nicht möglich, da ohnehin erforderlichen Arbeiten an der Speiseleitung in der Augustsperrpause durch den AN durchgeführt werden; eine anderweitige Vergabe dieser Leistung würde zu erheblichen Verzögerungen führen. Denn zum einen würde eine weitere Sperrpause erforderlich und zum anderen besteht das Erfordernis einer zeitnahen Umsetzung, da Regelkonformität gewährleistet werden muss.
74 - Ein Wechsel des AN ist aus wirtschaftlicher Sicht unmöglich, da die Entsorgung von Abfällen der Materialklasse BM-0 für lediglich eine geringe Anzahl von Haufwerken vorgenommen wird. Im Übrigen bleibt die Leistung in Bezug auf Entsorgung und Transport von Abfällen dieselbe. Es handelt sich mithin um eine (geänderte) Leistung von geringfügigem Umfang im Vergleich zu der Gesamtleistung, die auf effektivere Weise vom AN umgesetzt werden kann. Denn auch die Deklarationsanalyse sowie das Entsorgungskonzept werden AN-seitig veranlasst, sodass der AN die Entsorgung und Transport von Abfällen gesamtheitlich zu erbringen hat. Somit würde die Vergabe an einen anderen AN den Projektablauf erheblich stören, was in Anbetracht der geringen Änderung der Leistung nicht gerechtfertigt ist.
73 - Ein Wechsel des AN ist aus wirtschaftlicher Sicht unmöglich, da die Entsorgung von Abfällen der Materialklasse BM-0 lediglich für drei Haufwerke vorgenommen wird. Im Übrigen bleibt die Leistung in Bezug auf Entsorgung und Transport von Abfällen dieselbe. Es handelt sich mithin um eine (geänderte) Leistung von geringfügigem Umfang im Vergleich zu der Gesamtleistung, die auf effektivere Weise vom AN umgesetzt werden kann. Denn auch die Deklarationsanalyse sowie das Entsorgungskonzept werden AN-seitig veranlasst, sodass der AN die Entsorgung und Transport von Abfällen gesamtheitlich zu erbringen hat. Somit würde die Vergabe an einen anderen AN den Projektablauf erheblich stören, was in Anbetracht der geringen Änderung der Leistung nicht gerechtfertigt ist."
ed6675ff-7b24-4be8-8fe8-77d6714633f2,01,,08efd79b-9b5c-4899-857f-98c2ecde975d-01,update-add,Die Angebots- und Bindefrist verlängert sich jeweils um eine Woche.
326d396e-a357-4ff6-8360-829eeff56814,01,,e9872159-7c98-496d-9075-5e0c5cd3bc5f-01,update-add,"Korrektur Gewichtung in Auftragsbekanntmachung.
Aktualisierung der Vergabeunterlagen (Version 3)."
19567368-13c7-4717-8adf-135ddae9aea6,01,CON-0001,b895abca-5f61-4367-bb89-dc73d4996689-01,add-wss,"0138/058
Die Änderung ist erforderlich, da die vertraglich vorgesehene fristgerechte Kabelbeistellung durch den Auftraggeber infolge der sehr spät vorliegenden Planung nicht erfolgen konnte. Zur Sicherstellung des Bauablaufs und zur Vermeidung weiterer Terminverschiebungen war die eigenständige Kabelbeistellung durch den Auftragnehmer sowie die Ausführung hieraus resultierender Zusatzleistungen zwingend erforderlich.
0281/138
Die Änderung ist erforderlich, da im Zuge der Bauausführung festgestellt wurde, dass eine gleisseitige Abfuhr der gefällten Gehölze aus betrieblichen und sicherheitstechnischen Gründen notwendig ist. Die vertraglich vereinbarten Leistungen umfassen keine Gestellung eines Zwei-Wege-Baggers mit SKL-Anhänger für Transportleistungen. Zur Sicherstellung eines ordnungsgemäßen Bauablaufs sowie zur Einhaltung der betrieblichen Vorgaben ist der zusätzliche Einsatz des ZWB zwingend erforderlich.
0355/194
Die Änderung wurde erforderlich, weil die ausgebauten Weichenantriebe als Eigentum des Auftraggebers einer weiteren Verwendung beziehungsweise Aufbereitung zugeführt werden sollten. Hierzu war ein gesondertes Einsammeln, Transportieren und versandfertiges Verpacken der Antriebe erforderlich. Diese Leistungen waren in den Vertragsunterlagen nicht vorgesehen und konnten daher bei der ursprünglichen Kalkulation nicht berücksichtigt werden. Die Bauüberwachung bestätigt, dass die Transport- und Verpackungsleistungen nicht Bestandteil des vertraglichen Leistungsumfangs sind und dem Grunde nach einen Anspruch auf Vergütung nach § 2 Abs. 6 VOB/B begründen."
c02d75ff-4f73-41c3-8746-ab67f279f46b,01,,34c94306-f529-4e5f-9269-4c86ef69d1df-01,update-add,"Kleine Konkretisierungen auf Grund von bietenden Fragen in den Dokumenten:
* Anlage 1_HIL_AE_447_LB_V1.
* Anlage 3_TNA-Anh. 0.1_HIL_AE_447_TNA + EIGNUNG_V3."
9c21c7b4-fd30-4a13-b41c-fd92aa83e5f8,01,,0a84a075-4d22-4ccd-9586-b0de8f2526a9-02,update-add,
325cac3c-ba5f-4058-8524-ec5a6b5562c7,01,CON-0001,259092-2021,add-wss,"Lfd. Nr.: 05 - Notwendigkeit zusätzlicher Bauarbeiten, Dienstleistungen oder Lieferungen durch den ursprünglichen Auftragnehmer. Der Dienstweg zwischen Gleis 506 und der Lärmschutzwand West 5 muss wiederhergestellt werden. Eine erneute Ausschreibung würde zu zeitlichem Verzug sowie Mehrkosten und Zusatzkosten führen.
Lfd. Nr.: 06 - Für die Ausführung der Gleisfeldbeleuchtung werden gemäß der detaillierten Ausführungsplanung abweichende Kabeltypen benötigt. Technisch erforderlich sind die Typen NYY-O 4x10 mm² und NYY-O 4x16 mm². Diese Änderung ergab sich im Zuge der Planung.
Lfd. Nr.: 07- Im Bereich der Fluchttür und im Grenzbereich an den Enden des Handlaufs hat sich im Zuge der Abnahme ergeben, dass weitere LED-Elemente benötigt werden."
722a34d1-9a70-44a5-b131-3aa7cecb3bf0,01,,ab30a49b-6377-4282-86ff-3a5d535acb81-01,update-add,Die Vergabeunterlagen wurden hinsichtlich einer Produktvorgabe für das Objekt Bahnhof Brebach (Los 1) aktualisiert. Aufgrund technischer Vorgaben des Herstellers der vorhandenen Toilettenanlage ist für das betreffende Reinigungsmittel die Verwendung des in der Leistungsbeschreibung bezeichneten Produkts zwingend erforderlich.  Die Leistungsbeschreibung wurde entsprechend angepasst und als Version 2 bereitgestellt.
7cf2f3fd-2cfd-4bdc-a91f-0617a3c607bb,01,,114195cc-1df3-4c07-be01-f25cf4f47daa-01,cor-buy,Änderung der Deckungssummen für die Berufshaftpflichtversicherung
dd867525-7c3b-4ca7-be75-717b59eb4294,01,,f6952ba0-8d57-4283-b9c8-039b7759a85c-01,update-add,
4c0e180b-bc9a-43e6-bac7-35fc4082df54,01,CON-0001,a6c06c14-a843-4b5b-9b8a-11ab1749b6b9-01,add-wss,"Die Preise sind angemessen und auskömmlich. Im Zuge der Ausschreibung der Erschließungsarbeiten war die Planung, und somit auch die Erstellung des Leistungsverzeichnisses für die Lichtsignalanlage noch nicht abgeschlossen. Somit konnten diese Tiefbauarbeiten nicht in das Haupt-LV übernommen werden. Gemäß bepreistem LV der Tiefbauarbeiten im Zuge einer Ausschreibung LSA lagen die Kosten bei 114.719,50 EUR netto. Das Nachtrag endet mit einer Angebotssumme in Höhe von 87.102,77 EUR netto."
bf6239ed-5f02-4dd1-9d8d-7772fcc8eee0,01,,3b22fe82-32f2-4fb3-988b-49f54616b9e8-01,cor-buy,Änderung der Deckungssummen für die Berufshaftpflichtversicherung
24f04cdc-1d87-4457-9ca5-1dfd450fe67b,01,,654f9d3a-0f54-4a9d-ad86-4b0db5fd739e-01,cor-buy,
3c19ff19-7593-4294-ada0-ad71fa55a8f1,01,,561f19cd-a9f8-40f1-8d29-9ed44fd425a4-01,cor-buy,Korrektur des Preisblattes in der Leistungsbeschreibung
4a448abd-7f1f-4052-987f-f9aea3df2fb9,01,,8f336f4f-18ac-422a-b941-206da28f24bc-01,update-add,"Bei der Übertragung der Dateien am vergangenen Freitag ist es leider zu einem Fehler gekommen, so dass falsche Unterlagen versandt worden sind."
6c6fdea1-a35c-496f-ba69-5853b8cf1ed4,01,,aa9dccbc-c44a-4ead-9bf1-eb2079a117d8-01,update-add,"specification update
extension of the offer submission deadline"
0f82d9af-1042-4efa-bedb-f3d607ed98fe,01,,8789d880-68d7-498d-af4e-35ff13af5c1d-01,cor-buy,Änderung der Deckungssummen für die Berufshaftpflichtversicherung
d62756f0-2007-4111-b118-e5f44c943b18,01,,5264a947-056c-46c5-8fb7-7f3c1d5e0ea5-01,update-add,"Die Submission wurde von 16.09.2026, 11:00 Uhr, auf 17.09.2026, 13:00 Uhr verschoben. Die Angebotsdauer verlängert sich damit um einen Tag."
26f1848e-d8d5-4ae3-8b0c-6dca3e4bee79,01,CON-0001,49ae7c37-7cf7-47d8-a83c-0c3afd0ea003-01,add-wss,"112- Im Zuge der Bauausführung wurden Abweichungen zum Vertrag festgestellt. Diese führen zu diversen zusätzlichen Leistungen im Zusammenhang mit den taktilen Streifen, der Anpassung angrenzender Plattenbelege und der Anpassung des Schachtdeckels auf dem Hausbahnsteig. Synergieeffekte durch einheitliche Leistungsdurchführung und Leistungsbetreuung gehen verloren. Erhebliche Verzögerungen im Leistungsablauf bei besonderen zeitlichen Zwängen. Beträchtliche Zusatzkosten entstehen, weil honorarmindernde Faktoren, wie z. B. Wederholungsfaktoren bei einer getrennten Vergabe nicht in Ansatz gebracht werden können."
56833ea5-58df-41b1-8b93-69c32e3b776d,01,CON-0001,40e34693-11b3-4d76-9368-34981ae52ae8-01,add-wss,"42 -Um die vertraglich geschuldete Leistung zu erbringen, ist diese zusätzliche Leistungen für den Baufortschritt notwendig. Schwierigkeiten beim Ineinandergreifen verschiedener Leistungen, insbesondere hinsichtlich des Leistungsablaufs.Beträchtliche Zusatzkosten entstehen, weil honorarmindernde Faktoren, wie z. B. Wiederholungsfaktoren bei einer getrennten Vergabe nicht in Ansatz gebracht werden können."
89f97a08-7e7c-47ff-a36b-8cf22b175cac,01,CON-0001,129693-2023,add-wss,"034:
Ein Wechsel des Auftragnehmers wird aus technischen Gründen verhindert, da die Leistungen in unmittelbarem Zusammenhang mit den bereits beauftragten Rückbauarbeiten stehen, auf der bestehenden Baustelleneinrichtung, Entsorgungslogistik sowie den abgestimmten Bauabläufen des Auftragnehmers aufbauen und eine Übergabe an Dritte zu erheblichen Abstimmungs- und Schnittstellenproblemen führen würde.

036:
Ein Auftragnehmerwechsel ist aus technischen Gründen nicht möglich, da die Leistungen unmittelbar mit den bereits beauftragten Planungs- und Ausführungsleistungen verbunden sind und projektspezifische Schnittstellen zu den ESTW-Anlagen sowie zur Medienerschließung bestehen. Ein Wechsel würde zusätzliche Abstimmungen, Einarbeitungsaufwand sowie erhöhte Schnittstellenrisiken verursachen."
6a072c36-ff4e-4e01-9d2f-c3849aff79cd,01,CON-0001,b8ea403d-04f7-4420-9e3b-be5997a0981e-01,add-wss,"1015:
Eine Vergabe an einen weiteren/anderen AN ist nicht zweckmäßig, da ein unmittelbarer Zusammenhang mit der Vertragsleistung des AN besteht. Eine wirtschaftliche Ausführung obiger Zusatzleistung kommt somit nur durch den AN in Betracht.

1073:
Eine Vergabe an einen weiteren/anderen AN ist nicht zweckmäßig, da ein unmittelbarer Zusammenhang mit der Vertragsleistung des AN besteht. Eine wirtschaftliche Ausführung obiger Zusatzleistung kommt somit nur durch den AN in Betracht."
8db0b259-4bac-4cdb-914d-e4d1c3fdccb2,01,,1350374a-733a-4a2a-ac4e-9c600180dbc1-01,cor-pub,"korrigierter Teilnahmenatrag, der die Kriterien der Bewertungsmatrix abbildet."
2084d52a-b36f-405e-9d0f-155d89d95f94,01,,bf33fd01-24af-461f-8b11-b35df2629cee-01,cor-pub,Die Auftragsbekanntmachung wurde aufgrund der Verlängerung der Angebotsfrist korrigiert.
04867f6b-9686-4e52-a263-3c1b27c0f00a,01,,b21cf071-c34e-4d0f-b973-084f3bb79d64-01,update-add,terminliche Gründe
cb625fd4-998b-4104-9f7e-0c2c66a7c16d,01,,63e46417-aa90-4ad0-a7ca-df00c58556f8-01,update-add,
cb4cb836-775d-4166-864b-3717c808efc8,01,,aeb992a1-5383-418e-82e4-e0c56bd6b466-01,update-add,terminliche Gründe
fab52f0b-58ae-47ed-bbbc-1d3829b47040,01,,cf42950f-aa1f-4ce6-8b19-c393f7743694-01,cor-buy,"Änderung Terminplan. Aufgrund der eingegangenen Bieterfrage wurde der Ablauf der Angebotsfrist sowie alle folgendenen Termin angepasst, so dass die Bieter ausreichend Zeit für die Kalkulation haben."
b34d0781-ea79-41ab-9907-370f83e79047,01,,65648a48-d0b4-41a3-8ee8-bea00d7d5bb6-01,cor-buy,"Die Einreichfrist wurde verlängert und endet nunmehr am 06.10.2026 um 10.00 Uhr. Die Bindefrist wurde entsprechend verlängert und endet am 04.12.2026.
 
Es wurden keinerlei inhaltliche Änderungen am LV vorgenommen.
 "
aac2dd05-c839-4c68-baeb-784225a7c0be,01,CON-0001,0a863038-4360-4cd6-8208-e1dacca69d1b-01,add-wss,"11- Der AN muss die Leistungen durchführen, weil nur er die technischen Spezifikationen der Anlagen kennt und diese auch errichtet."
a5670d06-f5c1-44a2-b02e-d00fe844880e,01,,2215d1ac-bde3-4414-ac2d-35eb62c4efe0-01,update-add,Verlängerung der Angebotsfrist
a5111cb1-0261-42d7-98a0-a1b063e9b896,01,,da6a2755-d292-4d1f-85cc-bd8d9ac51f21-01,update-add,"Zusätzliche Angaben zum Erfüllungsort, Ausschlussgründe und Auswahlkriterien zusätzlich zur Leistungsbeschreibung in die Bekanntmachung mit aufgenommen"
3747dc6f-9c33-4dc6-83af-6504813c09b1,01,CON-0001,fedd3868-8416-4363-aeb6-b87bc64cad3b-01,add-wss,"AvL 005
Umstände, die der Auftraggeber trotz Beachtung der ihm obliegenden Sorgfalt nicht vorhersehen konnte: Für die Errichtung einer neuen Oberleitungsanlage auf einer Grenzbetriebsstrecke ist eine Oberleitungsvereinbarung abzuschließen. Die hierzu erforderlichen Beratungen beginnen erst mit Leistungsphase 5. In diesen Verhandlungen wurde festgestellt, dass die Vorgaben der PKP PLK S.A. und der DB InfraGO AG bei der Erkennung und Verfolgung von Kurzschlüssen voneinander abweichen: Bei der DB InfraGO AG ist gemäß Ril 997 jeder Kurzschluss zu verfolgen, im Netz der PKP PLK S.A. nur bestimmte. Daraus folgt, dass an der Betriebsführungsgrenze eine Kurzschlusserkennung zu errichten ist, die über die Fernwirkanlage an die DB Energie GmbH meldet. Dieser Umstand war zum Zeitpunkt der Ausschreibung nicht erkennbar. Gesamtcharakter des Auftrags: Der Gesamtcharakter des Auftrags bleibt unverändert, da die zusätzlichen Leistungen lediglich der Ergänzung und Optimierung der bereits beauftragten Leit- und Sicherungstechnik bzw. Fernwirktechnik dienen. Die Erstellung eines Konzepts, die Entwicklung, Lieferung und Montage der Kurzschlussmelder sowie deren Integration in die bestehende Fernwirkanlage erweitern den ursprünglichen Leistungsumfang lediglich um eine zusätzliche Überwachungs- und Meldefunktion. Weder der Vertragszweck noch die Art der geschuldeten Leistung werden grundlegend geändert. Die Maßnahme steht in engem funktionalem und technischem Zusammenhang mit dem ursprünglichen Auftragsgegenstand und dient weiterhin der Errichtung bzw. Anpassung der OLA."
1e8e8e86-5c2f-497f-9865-460e2e1cb375,01,CON-0001,7be13e54-9b88-4465-814f-31b9a147eb6e-01,add-wss,"AO004:
Eine getrennte Vergabe an einen Dritten ist aus rein technischen Gründen nicht möglich, da die zusätzlich erforderlichen Leistungen unmittelbar auf den bereits entwickelten planerischen Systementscheidungen, Berechnungsansätzen, konstruktiven Detailausbildungen sowie den projektspezifischen Randbedingungen aufbauen. Die Planung stellt ein in sich geschlossenes technisches Gesamtsystem dar, dessen innere Logik, Bemessungsgrundlagen und Schnittstellenkoordination ausschließlich beim ursprünglichen Auftragnehmer vollständig nachvollziehbar und konsistent fortführbar sind. Eine Übertragung einzelner Leistungsbestandteile auf einen Dritten würde zu methodischen Brüchen, Inkonsistenzen in der Nachweisführung, Unklarheiten in der"
a00511c6-9a64-4118-811c-0f238982651a,01,CON-0001,493ad5cb-bc49-4ec3-8796-d9dd2b9ab7b0-01,add-wss,"AvL010 - Die Baustelle ist durch viele einzelne Sperrpausen, parallele Arbeiten und das Zusammenspiel verschiedener Bauvertragsfirmen sowie Gewerke, die zur Einhaltung des abgestimmten Bauablaufs nahtlos ineinandergreifen müssen, gekennzeichnet. Der AN ist mit der Errichtung der Außenanlagen bei den Modulgebäuden beauftragt. Aus technischer Sicht und um einen reibungslosen Bauablauf und eine effiziente Durchführung der Arbeiten in den eng getakteten Sperrpausen zu erzielen, ist es sinnvoller die zusätzliche Leistung durch den beauftragten AN ausführen zu lassen. Der AN ist mit den technischen Unterlagen sowie Vorgängen vertraut und kennt sich mit den projektspezifischen sowie örtlichen Gegebenheiten und Anforderungen aus. Ein anderer AN müsste sich zunächst umfassend einarbeiten und bringt somit die Beauftragung bzw. Hinzunahme eines anderen AN neben technischen Risiken auch ein hohes Risiko für Verzögerungen mit sich. Ein Wechsel des AN ist aus technischen Gründen nicht möglich."
db18829c-a80e-45d8-bacf-cf1745f3b6d5,01,CON-0001,dac6704e-f44b-40d9-94a7-9fb429aee5a8-01,add-wss,"002:
Der zusätzliche Aus- und Wiedereinbau der HOA-Schwellen in km 55,9 bis km 56,0 stellt eine Leistungsänderung im Sinne des § 1 Abs. 4 VOB/B dar, für die der AN einen Anspruch auf eine entsprechende Vergütungsanpassung besitzt. Die zusätzliche Leistung entsteht aufgrund von bautechnischen Zwängen. Die Vergabe an einen anderen AN wäre aus logistischen Gründen und der Kürze der Sperrpause (2 KW) nur unter großen terminlichen Risiken möglich. Auf Grund des fortgeschrittenen Projektstatus wäre die Einbindung eines weiteren AN's wegen der begrenzten Projektmanagementkapazitäten mit erheblichen Risiken behaftet; zudem wäre die rechtzeitige Einbindung in die Sicherungsmaßnahmen inklusive Erstellung des Sicherungsplanes u.U. nicht gewährleistet.

003:
Die zusätzliche Aufwendungen für die Entsorgung von Altmaterialien im km 75,8 bis km 77,2 stellen eine Leistungsänderung im Sinne des § 1 Abs. 4 VOB/B dar, für die der AN einen Anspruch auf eine entsprechende Vergütungsanpassung besitzt. Die zusätzliche Leistung entsteht aufgrund von bautechnischen Zwängen. Die Vergabe an einen anderen AN wäre aus logistischen Gründen und der Kürze der Sperrpause (2 KW) nur unter großen terminlichen Risiken möglich. Auf Grund des fortgeschrittenen Projektstatus wäre die Einbindung eines weiteren AN's wegen der begrenzten Projektmanagementkapazitäten mit erheblichen Risiken behaftet; zudem wäre die rechtzeitige Einbindung in die Sicherungsmaßnahmen inklusive Erstellung des Sicherungsplanes u.U. nicht gewährleistet.

004:
Die zusätzlichen Kampfmittelnachsondierungen stellen eine Leistungsänderung im Sinne des § 1 Abs. 4 VOB/B dar, für die der AN einen Anspruch auf eine entsprechende Vergütungsanpassung besitzt. Die zusätzliche Leistung entsteht aufgrund von bautechnischen Zwängen. Die Vergabe an einen anderen AN wäre aus logistischen Gründen und der Kürze der Sperrpause (2 KW) nur unter großen terminlichen Risiken möglich. Auf Grund des fortgeschrittenen Projektstatus wäre die Einbindung eines weiteren AN's wegen der begrenzten Projektmanagementkapazitäten mit erheblichen Risiken behaftet; zudem wäre die rechtzeitige Einbindung in die Sicherungsmaßnahmen inklusive Erstellung des Sicherungsplanes u.U. nicht gewährleistet.

006:
Die aus der Erweiterung der Umbaubereiche resultierenden zusätzlichen Umbauarbeiten stellen eine Leistungsänderung im Sinne des § 1 Abs. 4 VOB/B dar, für die der AN einen Anspruch auf eine entsprechende Vergütungsanpassung besitzt. Die zusätzliche Leistung entsteht aufgrund von bautechnischen Zwängen. Die Vergabe an einen anderen AN wäre aus logistischen Gründen und der Kürze der Sperrpause (2 KW) nur unter großen terminlichen Risiken möglich. Auf Grund des fortgeschrittenen Projektstatus wäre die Einbindung eines weiteren AN's wegen der begrenzten Projektmanagementkapazitäten mit erheblichen Risiken behaftet; zudem wäre die rechtzeitige Einbindung in die Sicherungsmaßnahmen inklusive Erstellung des Sicherungsplanes u.U. nicht gewährleistet.

009:
Der Einbau veränderter Kabelkanalgrößen stellt eine Leistungsänderung im Sinne des § 1 Abs. 4 VOB/B dar, für die der AN einen Anspruch auf eine entsprechende Vergütungsanpassung besitzt. Die geänderte Leistung entsteht aufgrund von bautechnischen Zwängen. Die Vergabe an einen anderen AN wäre aus logistischen Gründen und der Kürze der Sperrpause (2 KW) nur unter großen terminlichen Risiken möglich. Auf Grund des fortgeschrittenen Projektstatus wäre die Einbindung eines weiteren AN's wegen der begrenzten Projektmanagementkapazitäten mit erheblichen Risiken behaftet; zudem wäre die rechtzeitige Einbindung in die Sicherungsmaßnahmen inklusive Erstellung des Sicherungsplanes u.U. nicht gewährleistet.

011:
Die zusätzlichen Handstopfarbeiten für Baugrund- und Kampfmittelsondierungen stellen eine Leistungsänderung im Sinne des § 1 Abs. 4 VOB/B dar, für die der AN einen Anspruch auf eine entsprechende Vergütungsanpassung besitzt. Die zusätzliche Leistung entsteht aufgrund von bautechnischen Zwängen. Die Vergabe an einen anderen AN wäre aus logistischen Gründen und der Kürze der Sperrpause (2 KW) nur unter großen terminlichen Risiken möglich. Auf Grund des fortgeschrittenen Projektstatus wäre die Einbindung eines weiteren AN's wegen der begrenzten Projektmanagementkapazitäten mit erheblichen Risiken behaftet; zudem wäre die rechtzeitige Einbindung in die Sicherungsmaßnahmen inklusive Erstellung des Sicherungsplanes u.U. nicht gewährleistet.

016:
Die Lieferung und der Einbau zusätzlicher Schachtanschlussbausätze sowie die Anbindungen an den Bestand stellen eine zusätzliche Leistung im Sinne des § 1 Abs. 4 VOB/B dar, für die der AN einen Anspruch auf eine entsprechende Vergütungsanpassung besitzt. Die geänderte Leistung entsteht aufgrund von bautechnischen Zwängen. Die Vergabe an einen anderen AN wäre aus logistischen Gründen und der Kürze der Sperrpause (2 KW) nur unter großen terminlichen Risiken möglich. Auf Grund des fortgeschrittenen Projektstatus wäre die Einbindung eines weiteren AN's wegen der begrenzten Projektmanagementkapazitäten mit erheblichen Risiken behaftet; zudem wäre die rechtzeitige Einbindung in die Sicherungsmaßnahmen inklusive Erstellung des Sicherungsplanes u.U. nicht gewährleistet."
54760ccf-db92-421d-bbc0-d3a3052c6575,01,CON-0001,4cfdf8c6-a67f-48b7-ae07-bfc2d100b0da-01,add-wss,"AO028:
Ein Wechsel des AN ist aus technischen und auch wirtschaftlichen Gründen nicht möglich bzw. sinnvoll, da der AN bereits auf der Baustelle und genau dort - im Bereich wo Suchschachtungen durchzuführen sind - seine vertraglich geschuldeten Leistungen erbringt und dementsprechend Personal und Gerätschaft für die zusätzlich Leistung vorhält. Die Leistungen sind somit miteinander kombinierbar. Der AN ist mit den technischen Unterlagen und Planungen sowie Vorgängen und örtlichen Gegebenheiten für das Gesamtprojekt bzw. die zusätzliche Leistung vertraut. Ein anderer AN müsste sich zunächst umfassend einarbeiten, wodurch technische Risiken und Schnittstellenprobleme entstehen würden. Um einen reibungslosen Bauablauf und eine effiziente Durchführung der Arbeiten zu erzielen, ist die Hinzunahme eines weiteren AN aus technischer Sicht nicht möglich."
a4bf01d3-eaf4-444c-b103-dc7f10e6d150,01,,94a03f3b-23a0-4e6c-b044-7b21acf6a644-01,update-add,terminliche Gründe
c454fa91-86f5-4f3c-9109-a3bc53e13198,01,,dbe31f36-2c09-462b-8631-205fd07d3507-01,cor-pub,Veränderung des Submissionstermin
abad8933-5d48-4692-87a6-59a6da346543,01,,449d3f63-ee84-4406-b50f-cd904d48154f-02,update-add,Das Verfahren wird verlängert um weitere Bieterfragen zu beantworten.
ef21858d-19ec-4f13-b58a-a4e0c55551ed,01,,2de0325e-4aa8-431e-bae2-d6ff05140775-01,update-add,terminliche Gründe
2a55e205-4e71-40a0-ac8c-75e8bb465205,01,,c347aa5e-b671-42f9-8772-f96bfb059582-01,cor-buy,Austausch des Leistungsverzeichnis in pdf und gaeb Datei. Pos. 10.01.003 entfällt und wird nicht ersetzt. Leistungsverzeichnis wurde in den Vergabeunterlagen ausgetauscht.
991ad645-b124-416b-b5f9-d364a221823d,01,,442aa748-87a8-428f-a05d-a285ec12e654-01,update-add,
97342522-2e60-41ee-b63e-7fd68f818a0c,01,,5fe808ea-82be-476d-84a0-cc8547d2520e-01,info-release,Bodengutachten hochgeladen.
48badf3d-488b-4187-a932-53f825f535a7,01,,d210b0ec-022c-44e0-b935-2fa7f6a6f3aa-01,update-add,Termine geändert
ababf43b-da83-4689-bf19-3f25a3f96273,01,,5df27a19-9680-4afa-b7d1-a5c7b19d459e-01,update-add,"Angebotsfrist wurde verlängert auf den 21.12.2026 - 14:00 Uhr
Bindefrist wurde verlängert auf den 31.05.2027"
6eed375a-5cb3-4ea3-8c0e-467f90e25ca1,01,CON-0001,98066602-d53c-468e-a257-7b7262b4e3a6-01,add-wss,"Um die technische Kompatibilität zwischen der zusätzlich erforderlichen Türsprechstelle und dem vorhandenen Kommunikationsmanagementsystem sowie zwischen dem Zeitgeber zur Zeitsynchronisation und dem Kommunikationsmanagementsystem herzustellen, ist der Wechsel zu einem anderen Auftragnehmer ausgeschlossen. Ferner muss auf den bereits beauftragten
Kommunikationsmanagementsystem-Hersteller zurückgegriffen werden, um die Gewährleistung für das Gesamtsystem einschließlich dessen Wartung sicherzustellen."
b64ce675-d41d-4740-be94-e6472a525ea9,01,CON-0001,88e5f1ab-83c8-41c2-9cf8-7b637cada973-01,add-wss,"0001
Die im Vorfeld der Maßnahme ermittelten Baugrundaufschlüsse liegen örtlich von der Stützwand zu weit entfernt nach Aussage vom geotechnischen Gutachter. Es werden 3 Aufschlüsse jeweils zu 12 m Tiefe ab SO erforderlich. 
0002
Die Stadt Königswinter hat Bodenmassen vor die Spundwand aufgeschüttet. Der genaue Ursprungsort und die Belastung des Bodens konnten bisher nicht geklärt werden. Zur Unterstützung der Aufklärung und Zuordnung sind 5 zusätzliche Bodenuntersuchungen inklusive  Analytik durchzuführen.
0007
Im Zuge der Prüfung der Ausführungsunterlagen durch den BVB am 10.10.2025 ist aufgefallen, dass kein Rettungskonzept für die Strecke und damit für den Bereich der Stützwand an der Ersatzstraße vorliegt. Es kann damit nicht ausgeschlossen werden, dass der Rettungsweg auf dem Randweg an Seite der Stützwand verläuft. Somit muss statt des Holmgeländers ein Füllstabgeländer vorgesehen werden. Zudem wurde im Ausführungsplan ein Rettungsweg gezeichnet.
20
Das vertragliche Bausoll umfasste eine Entwässerungsdarstellung auf Basis der Entwurfsplanung innerhalb der Ausführungsübersichten. Eine eigenständige Entwässerungsplanung einschließlich Entwässerungsberechnung ist nicht geschuldet. Diese Leistung ist im LV nicht vorhanden und gilt als eine Zusatzleistung. Diese Leistung ist im LV nicht vorhanden und gilt als eine Zusatzleistung.
23
Auf Anforderung der Anlagenverantwortlichen musste die bisherige Planung angepasst werden. Dadurch ergibt sich ein benötigter Kopfbalken, der in der ursprünglichen Planung nicht vorgesehen war. Da die Ausführungsplanung in diesem Bereich bereits abgeschlossen war, war eine doppelte Planung notwendig, was zu einem entsprechenden Mehraufwand in der technischen Bearbeitung führte.
26
Die Anforderungen an den Planspiegel wurden nachträglich gemäß den Vorgaben des BVB erweitert. Diese Änderungen machen eine Überarbeitung sämtlicher Pläne erforderlich, die zum Zeitpunkt der Anforderung bereits erstellt waren.
34
Die Dicke der Vorsatzschale von 10 cm wurde auf Grund der Herstellungstoleranzen der Bohrpfähle und der statisch erforderlichen Bewehrung der Vorsatzschale als kritisch eingeschätzt. Im Zuge der Ausführungsplanung wurde die Dicke der monolithischen Betonergänzung zunächst auf 20 cm erhöht. Nach Abstimmung mit dem bautechnischen Prüfer mussten weitere 5 cm in der Dicke der Vorsatzschale erforderlich um insgesamt 25 cm zu gewährleisten. Um einen Versprung im Verlauf zu vermeiden, konnte eine Achsverschiebung aufgrund eines vorhandenen Spunddielenverbaus nicht realisiert werden. Aus diesem Grund müssen die Bohrpfähle am Scheitelpunkt tangential um 5 cm abgetragen werden, um die Vorsatzschalendicke von 25 cm  und gleichzeitig einen bündigen Verlauf gewährleisten zu können . Mit der Mehrkostenanzeige werden Zusatzkosten für die Planungsmehraufwendungen sowie der Mehraufwand in der Ausführung der Bohrpfähle geltend gemacht.
35
Der zusätzliche Vergütungsanspruch resultiert aus der im Entwurf nicht vorgesehenen Drainage beider Bohrpfahlwände (Entlastungsstraße sowie gleisparallel) für die zusätzliche Einplanung sowie Umsetzung der Leistung. Diese Vorgabe resultiert aus den Forderungen des BVB. 
37
Zur vertraglichen Ausführung der Leistungen sind zusätzliche Maßnahmen erforderlich. Die zusätzliche Leistung umfasst die Herstellung und den späteren Rückbau eines Verbaus zur Sicherstellung der Befahrbarkeit beider Gleise während der Gesamtsperrpause. Der Verbau ist für die Herstellung des Kopfbalkens an der gleisparallelen Bohrpfahlwand, der Bohrpfahlwand entlang der Entlastungsstraße sowie für die Durchführung der Mastsicherung erforderlich. Zunächst wird ein provisorischer Verbau aus HEB-Rammträgern mit Stahlausfachung hergestellt. Vor Beginn der Verbauarbeiten erfolgt eine Kampfmittelsondierung auf beiden Gleisen mittels Zwei-Wege-Bagger. Anschließend wird die endgültige Ausfachung aus Stahlbetonträgern einschließlich der erforderlichen Geländerkonstruktion im Bereich der Mastsicherung ausgeführt. Für die fachgerechte, standsichere und den technischen Anforderungen entsprechende Umsetzung der vorgenannten Leistungen ist eine gesonderte technische Bearbeitung erforderlich.
38
Die Leistung ist erforderlich, weil die im Leistungsverzeichnis vorgesehenen Kabeltröge der Größe GR. II nicht zur geplanten Ausführung im Bereich der Eisenbahnüberführung passen. Dort ist bereits ein größerer Kabelkanal der Größe GR. III a vorgesehen. Um einen durchgängigen und ausreichend dimensionierten Kabelweg herzustellen, müssen auch die anschließenden Kabeltröge in GR. III a ausgeführt werden. Zusätzlich müssen wegen der vergrößerten Baugrubenböschung zwei vorhandene Kabelschächte zurückgebaut werden. Da ein zerstörungsfreier Ausbau nach aktueller Einschätzung nicht möglich ist, sind zwei neue Kabelschächte entsprechend dem Bestand erforderlich.
Die Abweichung betrifft daher:
•	Änderung der Kabeltröge von GR. II auf GR. III a einschließlich Zubehör
•	Neubau von zwei Kabelschächten entsprechend den vorhandenen Bestandstypen
Die Änderungen sind technisch notwendig, um die Kabelwege ordnungsgemäß, durchgängig und entsprechend der örtlichen Bestandssituation herzustellen. Die daraus entstehenden Mehrkosten werden gesondert angezeigt.
40
Zur vertraglichen Ausführung der Leistungen sind zusätzliche Maßnahmen erforderlich. Die Zusatzleistung umfasst den Abriss der vorhandenen Bestandsmauer mit aufgesetztem Zaun im Bereich der geplanten gleisparallelen Bohrpfahlwand sowie der Böschung in Richtung des Gegengleises."
655042ea-1acb-49b4-af80-c050e20f7f66,01,,c2169543-0e23-45fe-8b8d-7e53d3a16126-01,update-add,terminliche Gründe
c0fea23b-3299-4f7d-81f9-bd0dbeff808f,01,,8ee3926b-7f44-4d50-997d-abcf3a79e63d-01,cor-buy,"'- Ergänzung von 3 Dateien - Baugenehmigung (Nachtrag); Prüfbericht Brandschutz und Umplanung Schule UBA II bestätigt
-Verschiebung Submissionstermin auf den 24.09.2026 10:00 Uhr"
ef80485e-9b72-4f69-8fac-b1ca556c920b,01,,36a4c6af-3939-4fae-aac4-c2391a93e3ea-01,cor-buy,Überarbeitung des LV auf Grund von Bieterfragen.
7c14f33e-7463-4d67-aec2-1d0904c78a73,01,,83057f8e-088d-4a4f-a558-bd8e47fbfd3d-01,cor-buy,Die Drehstühle/Besucherstühle wurden aus dem Leistungsspektrum der Ausschreibung entfernt. Die Zeitschiene wurde angepasst.
a7170bc7-df89-4c34-ad0c-377bea21c268,01,CON-0001,fdc5637f-794c-4dcd-92eb-54fcc1ae0332-01,add-wss,"07
Es hat sich gezeigt, dass im Zuge der Generalsanierung im Raumlos 1 zusätzliche Leistungen bei den
Bauüberwachungsleistungen erforderlich sind. Es handelt sich hierbei um Bauüberwachungsleistungen bei der zusätzlichen Begleitung von Bauleistungen der Gewerke OB, KIB, E-Technik und TK in Nachtschichten seit mindestens dem 09.09.2025. Die Prüfung der Vertragsunterlagen ergab, dass es sich hierbei um zusätzliche Leistungen handelt.
13
Es hat sich gezeigt, dass im Zuge der Generalsanierung im Raumlos 1 zusätzliche Leistungen, bei der Überwachung der Kampfmittelsondierung an Signalstandorten, ergeben haben.
Im Rahmen der laufenden Baumaßnahmen ist die Bauüberwachung der Kampfmittelsondierung an den Signalstandorten auf der Stecke 6100: Signal 22F (km 272,672) und Signal 22FF (km 272,672), erforderlich. Die zusätzlichen Leistungen wurden bereits am 02.02.2026 erbracht.
Die Prüfung der Vertragsunterlagen ergab, dass es sich hierbei um zusätzliche Leistungen handelt.
14
Es hat sich gezeigt, dass im Zuge der Generalsanierung im Raumlos 1 zusätzliche Leistungen, bei der Bauüberwachung der Kampfmittelsondierung, ergeben haben.
Es handelt sich um Maßnahmen der Bauüberwachung bei der Kampfmittelsondierung an Standorten von fünf OLA-Masten in den Bereichen Rothenburgsort und Billwerder.
Die Ausführung erfolgte bereits durch die Fa. AGK Kampfmittelbergung an folgenden Terminen: 08.-09.11.2025,
15.11.2025,16.11.2025, 22.11.2025, 23.11.2025 sowie 30.11.2025.
Betroffen waren die Bereiche der Weichen 47 und 48, Gleis 52 Ubf Billwerder sowie Gleis 121 Rothenburgsort (bahnrechts, Trassengleis) einschließlich der zugehörigen OLA-Masten.
Die Bauüberwachung der Kampfmittelsondierung an den fünf OLA-Masten in Rothenburgsort und Billwerder ist nicht Bestandteil des vertraglich vereinbarten Leistungs-Solls.
Für die Bauüberwachung der Kampfmittelsondierung ergibt sich ein zusätzlicher Aufwand von ca.0,35 Mannmonaten. Der geschätzte Kostenaufwand beträgt ca. 12.000 €.
Die Prüfung der Vertragsunterlagen ergab, dass es sich hierbei um zusätzliche Leistungen handelt.
15
Es hat sich gezeigt, dass sich im Zuge der Generalsanierung im Raumlos 1 zusätzliche Leistungen, bei der Bauüberwachung der Kampfmittelsondierung und anschließender Kampfmittelräumung, ergeben haben. Die Überwachung der Kampfmittelsondierung sowie der anschließenden Kampfmittelräumung befindet sich im Bereich der Strecke 6100-1 zwischen Billwerder-Moorfleet und Rothenburgsort. Darüber hinaus sind weitere Maßnahmen zur Kampfmittelsondierung im Bereich des Umschaltbahnhofs Billwerder-Moorfleet erforderlich. Für die genannten Maßnahmen erfolgt jeweils die vorbereitende Tätigkeit einschließlich Einweisung vor Ort sowie nachbereitende Tätigkeiten. Die Nachbereitung umfasst insbesondere die kaufmännische Abwicklung, Aufmaßprüfung, Rechnungsprüfung, die Verteilung der Unterlagen an die Projektbeteiligten sowie die Abrechnung
und Koordination mit Folgegewerken.
Die Prüfung der Vertragsunterlagen ergab, dass es sich hierbei um zusätzliche Leistungen handelt."
ed9237f6-d2c2-4613-be5a-13617329b435,02,,2484f88e-1e23-4c1f-b662-c84150e1a069-01,update-add,terminliche Gründe
9c08a1ab-83d4-49e8-a1d2-0cba0d37ceaa,01,,8531bddb-0e1a-4799-9160-ab8fa4184172-01,update-add,terminliche Gründe
ac66cbd7-4e75-4d04-a276-96c26831c4b1,01,CON-0001,adc4e646-9a70-49ec-b668-6a3bf4f7efd9-01,add-wss,"012:
Die Herstellung des kompletten Bauwerks, einschließlich der Hinterfüllung, der Herstellung der Versickerungsrigole und der weiteren Entwässerung als auch der Oberbau sind beim AN gemäß Hauptvertrag beauftragt. Dies hat zur Folge, dass dem AN bereits alle zur Verfügung stehenden BE-Flächen übergeben wurde und bei einer separaten Vergabe dem AN keine weiteren Flächen für die Baustelleneinrichtung übergeben werden können. Ein weiterer technischer Grund ist die fehlende Trennbarkeit der Leistung, da das Teilsickerrohr als Teilleistung der gesamten Entwässerungsanlage zu betrachten ist und daher durch einen AN herzustellen ist. Eine technische Trennung ist daher nicht möglich, da es sich um eine gesamte Anlage handelt. Im Schadensfalle ist eine eindeutige Zuordnung zum Verursacher als ausführendes Unternehmen nur sehr schwer möglich, da die Leistungen (Teilsickerrohr und weitere Entwässerung) ineinander übergreifen und baulich nicht getrennt ausgeführt werden können. Der Nachweis bzw. die Klärung der Mängelbearbeitung ist im Schadensfalle mit erheblichen Schwierigkeiten verbunden. Ergänzend dazu muss das Teilsickerrohr in den Magerbeton innerhalb der knappen Sperrpause eingelegt werden. Bei einer separaten Vergabe besteht ein hohes terminliches Risiko, wenn der separate AN zeitlichen Verschub hat. Ergänzend dazu stellt dies nur eine kleine Teilleistung der gesamten Entwässerungsanlage dar, welche im Auftrag des AN gem. Hauptvertrag ist. Eine separate Ausschreibung ist zeitlich aufgrund der Ausführung in der Sperrpause zudem nicht möglich."
25818322,2,,1,update-add,geänderte Daten service.bund.de
25821438,2,,1,update-add,geänderte Daten service.bund.de
25817140,2,,1,update-add,geänderte Daten service.bund.de
25821434,2,,1,update-add,geänderte Daten service.bund.de
25750966,2,,1,update-add,geänderte Daten service.bund.de
25744564,2,,1,update-add,geänderte Daten service.bund.de
25723776,3,,2,update-add,geänderte Daten service.bund.de
25776634,2,,1,update-add,geänderte Daten service.bund.de
25776550,2,,1,update-add,geänderte Daten service.bund.de
25659566,4,,3,update-add,geänderte Daten service.bund.de
25807478,2,,1,update-add,geänderte Daten service.bund.de
25758778,3,,2,update-add,geänderte Daten service.bund.de
25771066,2,,1,update-add,geänderte Daten service.bund.de
25776542,4,,3,update-add,geänderte Daten service.bund.de
25781004,2,,1,update-add,geänderte Daten service.bund.de
06092931-df9d-48ca-bad5-0371a41ba431,2,,1,update-add,Bekanntmachung über Änderungen oder zusätzliche Angaben
c7711135-fbb7-4e6d-801a-66d41155ecca,2,,1,update-add,Bekanntmachung über Änderungen oder zusätzliche Angaben
21d4f711-fe19-4cd7-aa8c-09863fb8e5dd,2,,1,update-add,Bekanntmachung über Änderungen oder zusätzliche Angaben
d199a92e-c6f7-4f52-921c-229ba1ccca1b,2,,1,update-add,Bekanntmachung über Änderungen oder zusätzliche Angaben
b0f6fa43-92ac-4e7c-a8c9-55e3487121b0,2,,1,update-add,Bekanntmachung über Änderungen oder zusätzliche Angaben
86a622d6-b5c8-42ae-8e4e-834ac610f252,2,,1,update-add,Bekanntmachung über Änderungen oder zusätzliche Angaben
a9a248f5-fa5a-471c-8cb2-30ea888267a3,2,,1,update-add,Bekanntmachung über Änderungen oder zusätzliche Angaben
38e7a718-d91d-4334-926a-dd334c57b252,2,,1,update-add,Bekanntmachung über Änderungen oder zusätzliche Angaben
9b81c802-39b8-4174-a4cc-a7dd42d5bc39,2,,1,update-add,Bekanntmachung über Änderungen oder zusätzliche Angaben
612e70ea-16b7-4b5f-b692-4a4f25ef11ba,2,,1,cancel,Das Vergabeverfahren wurde eingestellt
25cecc38-f1a3-4ca9-b27d-29acd25ad83c,5,,4,cancel,Das Vergabeverfahren wurde eingestellt
