noticeIdentifier,noticeVersion,contractIdentifier,winnerDecisionDate,contractConclusionDate,contractFrameworkAgreement
3c8225a9-791b-49f1-b08d-a65ecfcb0076,01,CON-0000,,2026-07-31T00:00:00+02:00,
f9f456db-7d9a-4aa3-bb60-6dced2f58bcf,01,CON-0001,,2025-06-03T00:00:00+02:00,
3aa224f3-9873-4526-9c23-7271cf89efd8,01,CON-0001,2026-08-21T00:00:00+02:00,,
5b3d9c41-6b95-444b-951c-01eecb8f850e,01,CON-0001,,2026-09-01T00:00:00+02:00,
7520388b-9b97-457f-90b9-f475ba5e4f0d,01,CON-0000,,,
c99ad21f-5df0-4684-8d10-23135c1e8b85,01,CON-0005,,2026-09-03T00:00:00+02:00,
c99ad21f-5df0-4684-8d10-23135c1e8b85,01,CON-0003,,2026-09-03T00:00:00+02:00,
c99ad21f-5df0-4684-8d10-23135c1e8b85,01,CON-0004,,2026-09-03T00:00:00+02:00,
c99ad21f-5df0-4684-8d10-23135c1e8b85,01,CON-0001,,2026-09-03T00:00:00+02:00,
c99ad21f-5df0-4684-8d10-23135c1e8b85,01,CON-0002,,2026-09-03T00:00:00+02:00,
50fa43f2-fdd1-496b-92b0-37c5682c5e27,01,CON-0001,2026-09-03T00:00:00+02:00,2026-09-14T00:00:00+02:00,
bef6cc00-924a-4e51-a18e-0439bd51379d,01,CON-0001,,2026-07-20T00:00:00+02:00,
bef6cc00-924a-4e51-a18e-0439bd51379d,01,CON-0002,,2026-07-20T00:00:00+02:00,
6a370408-13db-4e37-84b8-9a80e96a5610,01,CON-0001,,2026-09-08T00:00:00+02:00,
c9c6916d-697f-4b01-b55a-5cb570bbc304,01,CON-0001,,2026-09-14T00:00:00+02:00,
05406422-b01c-4501-81f5-f3a35c83851f,01,CON-0001,2026-08-24T00:00:00+02:00,2026-08-24T00:00:00+02:00,
671a062d-0e72-4040-807f-446ce257be29,01,CON-0001,2026-09-02T00:00:00+02:00,2026-09-15T00:00:00+02:00,
d944448a-9232-41c7-b2a5-5ba1ef6b0c51,01,CON-0002,,2026-08-25T00:00:00+02:00,
d944448a-9232-41c7-b2a5-5ba1ef6b0c51,01,CON-0001,,2026-08-25T00:00:00+02:00,
515eea47-64b4-43a9-b2b1-fdb7d7895ef0,01,CON-0001,,2026-08-31T00:00:00+02:00,
c04ac815-abf6-4327-b5a9-43ba95631cae,01,CON-0001,,2026-09-15T00:00:00+02:00,
a963e896-11ba-49ba-b2e8-8717d30a7a31,01,CON-0001,,2026-09-15T00:00:00+02:00,
4d11e71f-98dd-451f-b082-d5af534b3236,01,CON-0001,,2026-09-15T00:00:00+02:00,
b6d328f5-cd55-4d41-9421-3734043c6787,01,CON-0001,,2026-09-07T00:00:00+02:00,
b6d328f5-cd55-4d41-9421-3734043c6787,01,CON-0002,,2026-09-07T00:00:00+02:00,
b6d328f5-cd55-4d41-9421-3734043c6787,01,CON-0003,,2026-09-07T00:00:00+02:00,
b6d328f5-cd55-4d41-9421-3734043c6787,01,CON-0004,,2026-09-07T00:00:00+02:00,
b6d328f5-cd55-4d41-9421-3734043c6787,01,CON-0005,,2026-09-07T00:00:00+02:00,
b6d328f5-cd55-4d41-9421-3734043c6787,01,CON-0006,,2026-09-07T00:00:00+02:00,
b6d328f5-cd55-4d41-9421-3734043c6787,01,CON-0007,,2026-09-07T00:00:00+02:00,
b6d328f5-cd55-4d41-9421-3734043c6787,01,CON-0008,,2026-09-07T00:00:00+02:00,
b6d328f5-cd55-4d41-9421-3734043c6787,01,CON-0009,,2026-09-07T00:00:00+02:00,
b6d328f5-cd55-4d41-9421-3734043c6787,01,CON-0010,,2026-09-07T00:00:00+02:00,
b6d328f5-cd55-4d41-9421-3734043c6787,01,CON-0011,,2026-09-07T00:00:00+02:00,
b6d328f5-cd55-4d41-9421-3734043c6787,01,CON-0012,,2026-09-07T00:00:00+02:00,
b6d328f5-cd55-4d41-9421-3734043c6787,01,CON-0013,,2026-09-07T00:00:00+02:00,
b6d328f5-cd55-4d41-9421-3734043c6787,01,CON-0014,,2026-09-07T00:00:00+02:00,
b6d328f5-cd55-4d41-9421-3734043c6787,01,CON-0015,,2026-09-07T00:00:00+02:00,
b6d328f5-cd55-4d41-9421-3734043c6787,01,CON-0016,,2026-09-07T00:00:00+02:00,
b6d328f5-cd55-4d41-9421-3734043c6787,01,CON-0017,,2026-09-07T00:00:00+02:00,
b6d328f5-cd55-4d41-9421-3734043c6787,01,CON-0018,,2026-09-07T00:00:00+02:00,
b6d328f5-cd55-4d41-9421-3734043c6787,01,CON-0019,,2026-09-07T00:00:00+02:00,
b6d328f5-cd55-4d41-9421-3734043c6787,01,CON-0020,,2026-09-07T00:00:00+02:00,
b6d328f5-cd55-4d41-9421-3734043c6787,01,CON-0021,,2026-09-07T00:00:00+02:00,
b6d328f5-cd55-4d41-9421-3734043c6787,01,CON-0022,,2026-09-07T00:00:00+02:00,
2bbbdc07-fa5f-4af9-99a4-7b2e9248396f,01,CON-0001,2026-08-20T00:00:00+02:00,2026-08-25T00:00:00+02:00,
1604bfc0-df6f-4412-a9b8-6bbff0548131,01,CON-0001,2026-09-03T00:00:00+02:00,2026-09-14T00:00:00+02:00,
452cdf46-ea32-4091-af28-6a63ef8c9c74,01,CON-0001,,2026-09-11T00:00:00+02:00,
c1bb7efc-f32e-4d8a-a28b-7c7768dba9c8,01,CON-0001,,2026-01-28T00:00:00+01:00,
bcfd3845-ebc1-44b8-9c34-c2d124b10fe7,01,CON-0001,,2026-09-02T00:00:00+02:00,
89a419d8-3f95-4702-993f-d8beec8f6caa,01,CON-0001,2026-08-12T00:00:00+02:00,2026-08-24T00:00:00+02:00,
f9130abe-6656-41ee-90e5-fa88244bc975,01,CON-0001,2026-07-28T00:00:00+02:00,2026-07-29T00:00:00+02:00,
f9130abe-6656-41ee-90e5-fa88244bc975,01,CON-0002,2026-07-28T00:00:00+02:00,2026-07-29T00:00:00+02:00,
f9130abe-6656-41ee-90e5-fa88244bc975,01,CON-0003,2026-07-28T00:00:00+02:00,2026-07-29T00:00:00+02:00,
a32e0e5f-cbf6-4bc8-9fe1-c6a3af7ef5f3,01,CON-0001,2026-08-25T00:00:00+02:00,2026-09-08T00:00:00+02:00,
9a166902-52db-4456-b8e2-5fe3f2c51e39,01,CON-0001,2026-08-26T00:00:00+02:00,2026-09-14T00:00:00+02:00,
6c0e64fd-a181-465d-a3ad-b4585d2758dd,01,CON-0001,2026-09-14T00:00:00+02:00,2026-09-14T00:00:00+02:00,
3678614b-4cd2-4a0b-9d07-b3bf8b21c1cb,01,CON-0001,2025-03-18T00:00:00+02:00,2025-03-18T00:00:00+02:00,
08ecd73b-ffc2-45a7-8132-f92a89d11b94,01,CON-0001,,2026-08-31T00:00:00+02:00,
c4745a16-5769-4144-a01f-0802676c2ac0,01,CON-0001,2026-09-02T00:00:00+02:00,2026-09-14T00:00:00+02:00,
63de9706-6f8e-416b-9d0c-617396a34c87,01,CON-0001,,2024-10-07T00:00:00+02:00,
8014ade7-eefd-4ab9-b5aa-c3f0725bdf40,01,CON-0001,,2026-08-31T00:00:00+02:00,
29c52430-b029-4424-8ca7-24374715bf58,01,CON-0000,,2026-08-31T00:00:00+02:00,
4b6da03a-87a6-453f-a25a-669cc405f290,01,CON-0001,,2026-09-11T00:00:00+02:00,
b7d8db51-786a-4c0a-9bb5-cf046d701d5b,01,CON-0001,,2026-08-31T00:00:00+02:00,
ea2006a9-9224-467d-865e-5dd8134a2dbd,01,CON-0000,,2026-09-07T00:00:00+02:00,
28c8aa4c-208a-46f3-b333-35c568928d49,01,CON-0002,,2026-06-08T00:00:00+02:00,
28c8aa4c-208a-46f3-b333-35c568928d49,01,CON-0001,,2026-06-08T00:00:00+02:00,
7974c8fb-a1a8-4c8a-a703-742399e2eca0,01,CON-0002,,2026-09-14T00:00:00+02:00,
7974c8fb-a1a8-4c8a-a703-742399e2eca0,01,CON-0001,,2026-09-14T00:00:00+02:00,
ed0a655f-db5b-484a-9441-0a84ea90eb6c,01,CON-0002,,2026-08-25T00:00:00+02:00,
ed0a655f-db5b-484a-9441-0a84ea90eb6c,01,CON-0001,,2026-08-25T00:00:00+02:00,
4c566805-3ed7-43b2-8ce1-71ad7da16729,01,CON-0001,,,
403a86dd-da15-41c7-934d-8cb2d71dfc0e,01,CON-0001,,2026-09-14T00:00:00+02:00,
01a3c317-3099-4370-8c57-b8578c02eec7,01,CON-0001,2026-08-11T00:00:00+02:00,2026-08-24T00:00:00+02:00,
d5ddbef6-2140-4c2a-8864-c07abe57cb37,01,CON-0001,,2026-09-08T00:00:00+02:00,
e4e39e7b-6fec-4f52-b6a0-57445932f388,01,CON-0001,,2026-09-09T00:00:00+02:00,
e4e39e7b-6fec-4f52-b6a0-57445932f388,01,CON-0002,,2026-09-09T00:00:00+02:00,
e4e39e7b-6fec-4f52-b6a0-57445932f388,01,CON-0003,,2026-09-09T00:00:00+02:00,
5024b561-9182-4174-8d54-bee71dd951b7,01,CON-0001,2026-08-17T00:00:00+02:00,2026-09-01T00:00:00+02:00,
79c1dce7-77d6-41e7-9836-2f9005e66ae3,01,CON-0000,,2026-08-28T00:00:00+02:00,
79c1dce7-77d6-41e7-9836-2f9005e66ae3,01,CON-0001,,2026-08-28T00:00:00+02:00,
79c1dce7-77d6-41e7-9836-2f9005e66ae3,01,CON-0002,,2026-08-28T00:00:00+02:00,
9019b0c5-b6a7-40dc-9662-3f3615c31234,01,CON-0001,,2026-09-01T00:00:00+02:00,
9019b0c5-b6a7-40dc-9662-3f3615c31234,01,CON-0002,,2026-09-01T00:00:00+02:00,
f3dbf992-f72d-453e-91fa-e4875a88efd7,01,CON-0000,,2026-09-08T00:00:00+02:00,
697d148e-d366-4d4c-a115-5476bbf2f0ac,01,CON-0000,,2026-09-10T00:00:00+02:00,
28dac269-fd17-419e-afc3-18b5e18ac138,01,CON-0001,2026-08-24T00:00:00+02:00,2026-08-26T00:00:00+02:00,
19472414-7e91-4b88-ac14-f8a29741a6f5,01,CON-0001,2025-03-18T00:00:00+02:00,2025-03-18T00:00:00+02:00,
c804d707-ce16-4d9e-a0ff-1fc1acf61105,01,CON-0001,2026-09-02T00:00:00+02:00,2026-09-14T00:00:00+02:00,
7b8f6aaa-7500-4a2b-8907-776408f3a189,01,CON-0001,,,
ff280699-9dcb-44bd-9cc0-5be2fb8bc31d,01,CON-0001,2026-09-03T00:00:00+02:00,2026-09-14T00:00:00+02:00,
87865198-cdf9-4dd6-bd2d-f1e92723c465,01,CON-0001,2024-11-13T00:00:00+02:00,2024-11-15T00:00:00+02:00,
22ada15a-2249-4bd4-a671-8e8897670f68,01,CON-0001,2024-11-13T00:00:00+02:00,2024-11-15T00:00:00+02:00,
1dea86c8-4d21-4e3f-99ef-0c7b9affc2f3,01,CON-0001,,2026-08-31T00:00:00+02:00,
fa3b2024-c9bd-45dc-89a1-59df6965bc46,01,CON-0001,2026-09-01T00:00:00+02:00,2026-09-14T00:00:00+02:00,
ab1a2196-3b3e-400c-88a6-8b410e918be1,01,CON-0001,2026-09-01T00:00:00+02:00,2026-09-14T00:00:00+02:00,
89cb5b35-440d-4641-86a9-c4d96eb3adc6,01,CON-0000,,2017-07-18T00:00:00+02:00,
1d7eb9ce-d42c-41f0-a4f3-1cc0c4d87e20,01,CON-0001,,2026-09-07T00:00:00+02:00,
d44abc03-50f0-4083-aab5-466efac05753,01,CON-0001,,2026-08-31T00:00:00+02:00,
40c92953-19e6-4dd6-beac-39c302fd25cc,01,CON-0000,,2024-10-25T00:00:00+02:00,
49d4a12a-7b77-437a-a031-1d1260b427a4,01,CON-0001,2026-09-03T00:00:00+02:00,2026-09-15T00:00:00+02:00,
49272a08-0469-437d-bf1f-ba641417f443,01,CON-0001,,2026-09-15T00:00:00+02:00,
20176d84-f18c-4068-b17c-d013cf0cfe0f,01,CON-0000,,2026-09-15T00:00:00+02:00,
eeb9ef5a-0b01-43d5-8496-53b81772b15d,01,CON-0002,,2026-08-25T00:00:00+02:00,
eeb9ef5a-0b01-43d5-8496-53b81772b15d,01,CON-0001,,2026-08-25T00:00:00+02:00,
9ad7cb70-56ac-4e93-ad85-e249a639d263,01,CON-0001,2026-09-10T00:00:00+02:00,2026-09-10T00:00:00+02:00,
2a892d69-436e-4ab9-b235-22191b2a0817,01,CON-0001,,2026-09-15T00:00:00+02:00,
0a1d2ce8-8ee7-4d56-a411-9ddfdfcad7f9,01,CON-0001,,2026-09-07T00:00:00+02:00,
a9485f5f-9d7f-4d89-b14e-948fc88864b9,01,CON-0001,2022-02-10T00:00:00+02:00,2022-02-21T00:00:00+02:00,
38cb1b71-db55-447b-9dcf-7928fa9b9652,01,CON-0001,2026-09-01T00:00:00+02:00,2026-09-14T00:00:00+02:00,
bba1b515-3a6b-4be6-9618-db66267d5f72,01,CON-0001,,2026-09-14T00:00:00+02:00,
2063f8a7-8d9a-4395-9834-8ab5d4a62d1d,01,CON-0001,,2026-09-15T00:00:00+02:00,
5d6248d2-bbeb-4359-8df1-2c2b5dfe2de7,01,CON-0001,,2026-09-08T00:00:00+02:00,
f1f7f1b8-2e26-45ae-bb75-30766d4f2c89,01,CON-0001,,2026-09-15T00:00:00+02:00,
f964782e-bf72-4c36-bf5f-035b9b1ed8f3,01,CON-0001,,2026-09-15T00:00:00+02:00,
c937ed17-050d-4d82-a8c8-4c8f5e7b1f9e,01,CON-0002,,2026-08-25T00:00:00+02:00,
c937ed17-050d-4d82-a8c8-4c8f5e7b1f9e,01,CON-0001,,2026-08-25T00:00:00+02:00,
0b0cee46-7028-48a3-ab93-706252419a34,01,CON-0001,2026-09-02T00:00:00+02:00,2026-09-15T00:00:00+02:00,
abae6b4a-5a2e-4a62-a6e8-61a0d99ac0f0,01,CON-0001,,2026-09-15T00:00:00+02:00,
eb6cb358-277f-463a-a7b6-10419bb6b2b5,01,CON-0001,2026-07-27T00:00:00+02:00,2026-08-06T00:00:00+02:00,
ba79a82e-ba20-40d5-a701-698daf07eeb9,01,CON-0000,,2026-08-14T00:00:00+02:00,
892cd313-409d-4d28-89fb-e9c5c15b141b,01,CON-0000,,2026-05-28T00:00:00+02:00,
e4219d9f-af23-4f38-8d05-842a51bb2395,01,CON-0001,,2026-09-15T00:00:00+02:00,
7cba3224-ed9b-4557-912a-b89e03238035,01,CON-0002,,2026-09-14T00:00:00+02:00,
7cba3224-ed9b-4557-912a-b89e03238035,01,CON-0001,,2026-09-14T00:00:00+02:00,
ead3b499-cf64-4888-823d-7737ad787045,01,CON-0001,,2026-09-14T00:00:00+02:00,
9b92da70-5f05-4da6-8f36-63c00ccc4bfd,01,CON-0001,2026-09-04T00:00:00+02:00,2026-09-15T00:00:00+02:00,
7bbe3e4a-e8f3-4ce7-8fac-f9899a31ebc0,01,CON-0001,,2026-09-15T00:00:00+02:00,
415228ba-c998-4c5b-a88e-4badc9d2e4dc,01,CON-0001,2026-09-15T00:00:00+02:00,2026-09-15T00:00:00+02:00,
01a0a3dd-0de3-4c82-9bff-894ee83e347d,01,CON-0001,,2026-09-08T00:00:00+02:00,
a673c7df-5a09-4230-a1f0-8c32c383c6a7,01,CON-0001,,2025-07-03T00:00:00+02:00,
63ced94b-e3ff-42f0-9b7c-b0a68e642465,01,CON-0001,2026-09-15T00:00:00+02:00,2026-09-15T00:00:00+02:00,
63ced94b-e3ff-42f0-9b7c-b0a68e642465,01,CON-0002,2026-09-15T00:00:00+02:00,2026-09-15T00:00:00+02:00,
4e2efa0e-8630-465b-beb5-fe2dc2e116e2,01,CON-0003,,2026-09-15T00:00:00+02:00,
4e2efa0e-8630-465b-beb5-fe2dc2e116e2,01,CON-0001,,2026-09-15T00:00:00+02:00,
4e2efa0e-8630-465b-beb5-fe2dc2e116e2,01,CON-0002,,2026-09-15T00:00:00+02:00,
dc250dbf-39dc-4f59-b567-cfe9c7189181,01,CON-0000,2026-06-02T00:00:00+02:00,2026-07-02T00:00:00+02:00,
af5ff21e-3c05-4f2c-bd6d-2946bfe9f899,01,CON-0001,,2026-09-15T00:00:00+02:00,
f02e7748-2050-4ac4-a922-cb0f4439e986,01,CON-0001,,2026-09-15T00:00:00+02:00,
aa0363f1-766e-40ce-956c-9969d649029b,01,CON-0001,2026-08-31T00:00:00+02:00,2026-09-11T00:00:00+02:00,
01a0a386-93b5-4920-903f-b03532554f28,01,CON-0001,2026-08-10T00:00:00+02:00,2026-09-11T00:00:00+02:00,
01a0a386-93b5-4920-903f-b03532554f28,01,CON-0002,2026-09-10T00:00:00+02:00,2026-09-11T00:00:00+02:00,
01a0a386-93b5-4920-903f-b03532554f28,01,CON-0003,2026-09-10T00:00:00+02:00,2026-09-11T00:00:00+02:00,
01a0a386-93b5-4920-903f-b03532554f28,01,CON-0004,2026-09-10T00:00:00+02:00,2026-09-11T00:00:00+02:00,
0438fc4d-f4e0-43f1-8124-783654473a06,01,CON-0001,,,
4f3f43c4-b21a-4fe6-b95f-a02bcfaec978,01,CON-0001,2026-08-17T00:00:00+02:00,2026-09-11T00:00:00+02:00,
f142e565-038d-4c70-b79f-92083cfea0c8,01,CON-0001,2026-09-15T00:00:00+02:00,2026-09-15T00:00:00+02:00,
0e4c6765-b27b-4e7e-9cb1-a4cb71f87e03,01,CON-0001,2026-08-17T00:00:00+02:00,2026-09-11T00:00:00+02:00,
31c84d33-8204-4aeb-9bdc-6b03fe02d7b6,01,CON-0000,2025-10-29T00:00:00+01:00,2025-11-18T00:00:00+01:00,
3b65793d-c78d-42bc-b654-1eac5dccdd27,01,CON-0001,,2026-09-14T00:00:00+02:00,
3b65793d-c78d-42bc-b654-1eac5dccdd27,01,CON-0002,,2026-09-14T00:00:00+02:00,
9f47389f-4ff8-4452-bb85-29dc3fdbcacb,01,CON-0001,,2026-09-14T00:00:00+02:00,
975ec467-e4c0-41ee-93e8-9e85b58e3304,01,CON-0001,,2026-08-27T00:00:00+02:00,
65a1fbb7-b8fa-47a1-81b3-19eb0aea6d81,01,CON-0000,,2018-11-30T00:00:00+01:00,
75b1656a-978d-42f1-bea4-282faba63fb7,01,CON-0001,,2026-08-07T00:00:00+02:00,
411eac10-5d12-40fb-a4d9-edbad677041b,01,CON-0001,,2026-09-14T00:00:00+02:00,
15fde072-07e6-480b-9309-bd9ffe950305,01,CON-0000,2026-07-21T00:00:00+02:00,2026-09-11T00:00:00+02:00,
60e43b0a-8dfb-449e-b498-b09682344d0f,01,CON-0000,,,
2fbce19e-8406-42b5-9a31-021c37f0693e,01,CON-0001,2026-08-31T00:00:00+02:00,2026-09-11T00:00:00+02:00,
54a3c5e2-e83d-4d6d-b9b4-c8ef88801272,01,CON-0001,2026-07-23T00:00:00+02:00,2026-08-06T00:00:00+02:00,
aa9e8b24-c04d-428d-bc89-8f1066e28c35,01,CON-0001,2026-09-04T00:00:00+02:00,2026-09-15T00:00:00+02:00,
a3358992-2707-49b2-822c-dcf07304f3b0,01,CON-0000,2026-08-11T00:00:00+02:00,2026-08-24T00:00:00+02:00,
fb411cf6-4291-4ab1-9080-fb014f9a9c64,01,CON-0001,,2026-08-24T00:00:00+02:00,
4d643fae-3e36-4698-9988-0d3e35879d8f,01,CON-0001,2023-05-22T00:00:00+02:00,2023-06-13T00:00:00+02:00,
aecb6364-67b5-456f-ba2e-6dce58f64b21,01,CON-0000,,2026-09-15T00:00:00+02:00,
bcb96a9b-2bd2-46b3-b7a6-dbe4b1a6fd26,01,CON-0001,,2026-09-15T00:00:00+02:00,
02251263-d5d8-4ccf-bb46-d4ef31ac41c5,01,CON-0001,2026-09-03T00:00:00+02:00,2026-09-14T00:00:00+02:00,
e5945add-25b2-4c37-ade8-426440996759,01,CON-0001,,2026-09-15T00:00:00+02:00,
dc63569a-abdf-47f2-9210-616091d369de,01,CON-0001,,2026-09-15T00:00:00+02:00,
4b78a193-a1fc-423c-8a38-0694dfd95972,01,CON-0001,,2026-09-14T00:00:00+02:00,
091398e0-7d25-4871-911c-9da98bd731fd,01,CON-0001,,2026-09-15T00:00:00+02:00,
a137db0e-224a-4bd9-86d4-5bb3b3404d4e,01,CON-0001,,2026-08-04T00:00:00+02:00,
01a08f76-3858-4723-afdc-294aca37ffad,01,CON-0001,2026-08-27T00:00:00+02:00,2026-08-27T00:00:00+02:00,
b37b8634-91f0-43a1-9a0b-524aae0ee02e,01,CON-0000,,2026-03-17T00:00:00+01:00,
b01a3281-c302-440d-aa3a-0b3d7b665cea,01,CON-0001,2026-08-31T00:00:00+02:00,2026-09-07T00:00:00+02:00,
1799fd7d-d455-45ec-84b3-f267bdf5d0e2,01,CON-0001,2026-09-14T00:00:00+02:00,,
b502151c-0762-47f1-9b93-a51f389045d2,01,CON-0001,,2026-08-31T00:00:00+02:00,
68395e6d-ee88-4b84-b477-68e4396c6059,01,CON-0001,2025-04-22T00:00:00+02:00,2025-04-22T00:00:00+02:00,
b77e9652-6802-4103-a4e1-af42fab8cb9d,01,CON-0000,2021-11-03T00:00:00+01:00,2022-01-27T00:00:00+01:00,
52f6371b-39cc-4ec2-8721-e0b6e4e41699,01,CON-0001,,2026-09-15T00:00:00+02:00,
03e2ee12-213d-4a93-9e86-fa369290166f,01,CON-0001,2026-08-31T00:00:00+02:00,2026-08-31T00:00:00+02:00,
dee2c291-4257-440e-99c7-cdfab455b60a,01,CON-0001,2026-09-02T00:00:00+02:00,2026-09-15T00:00:00+02:00,
dee2c291-4257-440e-99c7-cdfab455b60a,01,CON-0002,2026-09-02T00:00:00+02:00,2026-09-15T00:00:00+02:00,
dee2c291-4257-440e-99c7-cdfab455b60a,01,CON-0003,2026-09-02T00:00:00+02:00,2026-09-15T00:00:00+02:00,
bdf2df03-ecca-4e4a-834a-8c169022bab7,01,CON-0000,2025-04-03T00:00:00+02:00,2026-08-04T00:00:00+02:00,
7005d76c-7d7c-4ac2-aad2-e48d7745a287,01,CON-0001,2026-09-02T00:00:00+02:00,2026-09-14T00:00:00+02:00,
2446e1a7-8dc7-4593-b2d7-3260e7e86389,01,CON-0001,,2026-09-15T00:00:00+02:00,
3de46702-3005-4272-9212-60a743a822bf,01,CON-0001,,2026-09-15T00:00:00+02:00,
3de46702-3005-4272-9212-60a743a822bf,01,CON-0002,,2026-09-15T00:00:00+02:00,
dfd696de-b38c-4233-9db9-86a8b768feb4,01,CON-0001,,2026-09-15T00:00:00+02:00,
5e5c519f-e67b-43bd-aff3-fb2f08bf4814,01,CON-0000,,2026-09-15T00:00:00+02:00,
5a91aec9-aee6-4c00-809a-5ac8845a61ec,01,CON-0001,,2026-09-15T00:00:00+02:00,
1b4499e0-c0e0-4052-976b-908f05d646fa,01,CON-0000,,,false
7844bb7e-551c-4b80-8e27-efa3b24aeb75,01,CON-0001,2026-09-04T00:00:00+02:00,2026-09-15T00:00:00+02:00,
7844bb7e-551c-4b80-8e27-efa3b24aeb75,01,CON-0002,2026-09-04T00:00:00+02:00,2026-09-15T00:00:00+02:00,
7844bb7e-551c-4b80-8e27-efa3b24aeb75,01,CON-0003,2026-09-04T00:00:00+02:00,2026-09-15T00:00:00+02:00,
d80782ed-7a0d-4d7b-9d1b-76c7cfbc136d,01,CON-0001,2026-09-02T00:00:00+02:00,2026-09-15T00:00:00+02:00,
ec4d8be1-1960-40c4-976d-87eb381e9f1e,01,CON-0000,2026-07-08T00:00:00+02:00,,
6c6fd5da-2d81-4cd1-9b7a-4f9af163c766,01,CON-0001,,2026-09-15T00:00:00+02:00,
b9edd57c-869d-46a1-9b2f-e4d784c599f8,01,CON-0001,,2022-08-09T00:00:00+02:00,
cc0b1993-24c7-49b8-965b-2d87b7d6b61f,01,CON-0002,,2026-09-15T00:00:00+02:00,
cc0b1993-24c7-49b8-965b-2d87b7d6b61f,01,CON-0001,,2026-09-15T00:00:00+02:00,
7d420b5a-d751-4e71-8250-e817a7c35bc9,01,CON-0001,,2026-09-15T00:00:00+02:00,
de46f8cc-3e1b-45a8-a1fb-b0c56e7a468d,01,CON-0001,,2026-09-15T00:00:00+02:00,
0f40a536-3868-4c78-8710-e1a04df5dfdc,01,CON-0001,2026-09-01T00:00:00+02:00,2026-09-14T00:00:00+02:00,
acb8340a-bc54-4982-bae7-7945179d4c5e,02,CON-0001,,2026-09-14T00:00:00+02:00,
8b68c9cd-becc-4aae-b266-0d8fd532adde,02,CON-0001,,2026-03-10T00:00:00+01:00,
169c17c4-4961-4faf-b265-cf241ade7b03,02,CON-0001,,2026-09-14T00:00:00+02:00,
8abc6569-ea2c-47c4-9535-5f7d00210f64,02,CON-0001,,2026-09-12T00:00:00+02:00,
8abc6569-ea2c-47c4-9535-5f7d00210f64,02,CON-0002,,2026-09-12T00:00:00+02:00,
ebf0316c-dc1d-4aff-9f0c-9601ef0834b6,02,CON-0001,,2026-08-25T00:00:00+02:00,
9a8868e4-d7bb-4015-8909-1bf3484af77f,01,CON-0001,2026-09-11T00:00:00+02:00,,
10ab646d-012a-4acd-9d41-d2d5927addbb,01,CON-0001,,2026-08-17T00:00:00+02:00,
91690441-2088-4e96-99df-2b8ad32e5a1b,01,CON-0001,2025-03-18T00:00:00+02:00,2025-03-18T00:00:00+02:00,
ee3a9d8e-fe1e-4949-9e4a-4e9c190918de,01,CON-0000,2026-05-05T00:00:00+02:00,2026-08-31T00:00:00+02:00,
ee3a9d8e-fe1e-4949-9e4a-4e9c190918de,01,CON-0001,2026-05-04T00:00:00+02:00,2026-08-31T00:00:00+02:00,
e7ffd4a2-72f0-4c60-b831-c4b32143062c,01,CON-0001,,2020-06-08T00:00:00+02:00,
9affc1f7-f387-4b6c-b221-a24ee46c41c6,01,CON-0001,2024-11-13T00:00:00+02:00,2024-11-15T00:00:00+02:00,
d28f5c90-99bc-44f6-ab7f-b559d95655ec,01,CON-0001,,2018-08-13T00:00:00+02:00,
0ef9519d-3c29-4818-a4de-74d9d2fafdd5,01,CON-0001,2026-08-14T00:00:00+02:00,2026-09-04T00:00:00+02:00,
d6edcf37-85e7-4c5d-aadd-631777267c50,01,CON-0001,2021-05-06T00:00:00+02:00,2021-05-20T00:00:00+02:00,
afd9f95e-cfc5-4aa3-9657-683dc982242e,01,CON-0001,2025-03-18T00:00:00+02:00,2025-03-18T00:00:00+02:00,
bd789d45-0e90-47dc-bc95-938462f0599d,01,CON-0001,2026-09-03T00:00:00+02:00,2026-09-14T00:00:00+02:00,
bd789d45-0e90-47dc-bc95-938462f0599d,01,CON-0002,2026-09-03T00:00:00+02:00,2026-09-14T00:00:00+02:00,
bd789d45-0e90-47dc-bc95-938462f0599d,01,CON-0003,2026-09-03T00:00:00+02:00,2026-09-14T00:00:00+02:00,
bd789d45-0e90-47dc-bc95-938462f0599d,01,CON-0004,2026-09-03T00:00:00+02:00,2026-09-14T00:00:00+02:00,
c14fa2a8-76dc-437b-bf6c-bd43c83bb3c9,01,CON-0001,2026-08-25T00:00:00+02:00,2026-09-14T00:00:00+02:00,
f313e41a-4633-4ba7-b1be-e4a4adc5eb12,01,CON-0001,,2026-06-02T00:00:00+02:00,
77dd412a-f4af-4b1f-bc1b-77bcaf09e031,01,CON-0001,2024-10-31T00:00:00+02:00,2024-11-11T00:00:00+02:00,
f67484c6-0ea9-45ec-98f4-f1afe4c46ecf,01,CON-0001,,2026-09-15T00:00:00+02:00,
f67484c6-0ea9-45ec-98f4-f1afe4c46ecf,01,CON-0002,,2026-09-15T00:00:00+02:00,
43f1eed3-92c4-4888-a2ae-b1de0485dec9,01,CON-0001,,2026-09-15T00:00:00+02:00,
43f1eed3-92c4-4888-a2ae-b1de0485dec9,01,CON-0002,,2026-09-15T00:00:00+02:00,
cba98c7f-e41f-4ab9-81b8-7a3319fc583a,01,CON-0000,2016-12-06T00:00:00+01:00,2016-12-07T00:00:00+01:00,
43e6cc1d-3b21-45dd-9238-1a0c606cbdac,01,CON-0001,,2026-09-15T00:00:00+02:00,
6f3b35b2-71c9-4abb-a5de-426cf16e85d8,01,CON-0000,,2026-03-23T00:00:00+01:00,
7ee8c71e-6e5c-48b4-bbd0-68c027e3724d,01,CON-0001,,2026-07-16T00:00:00+02:00,
2339bde4-829b-43aa-b216-c75c2496c85f,01,CON-0001,,2026-07-28T00:00:00+02:00,
f543cff6-5e02-459b-9d43-6a78f2f61da8,01,CON-0001,,2026-02-04T00:00:00+01:00,
fddd9d32-d79e-4c0e-b40e-8d14b7ca2629,01,CON-0001,2026-09-14T00:00:00+02:00,2026-09-14T00:00:00+02:00,
d4619e7b-8b9e-4a4f-a8e2-fa3fbe3dcb44,01,CON-0001,2026-09-14T00:00:00+02:00,2026-09-14T00:00:00+02:00,
7b584af3-cd7a-4fa9-be87-2fa6755c77f4,01,CON-0001,,2026-07-27T00:00:00+02:00,
c4e11c05-c40c-401c-b0f0-a479f42067b7,01,CON-0001,2026-08-21T00:00:00+02:00,2026-09-01T00:00:00+02:00,
193c6052-b39c-4044-9fec-9669ee69dfd8,01,CON-0001,,2026-09-15T00:00:00+02:00,
3c3b2519-5588-45d3-a0ca-9d0e5dada4ce,01,CON-0001,,2026-09-15T00:00:00+02:00,
8bc44cd7-7b10-4f1d-84b6-c2b84c99bd77,01,CON-0001,,2026-03-02T00:00:00+01:00,
39451e83-34bc-4104-841d-204bcaf0bfb1,01,CON-0001,,2025-12-29T00:00:00+01:00,
08738828-2406-4dee-b294-31c6c16f7568,01,CON-0005,,2026-09-15T00:00:00+02:00,
08738828-2406-4dee-b294-31c6c16f7568,01,CON-0003,,2026-09-15T00:00:00+02:00,
08738828-2406-4dee-b294-31c6c16f7568,01,CON-0004,,2026-09-15T00:00:00+02:00,
08738828-2406-4dee-b294-31c6c16f7568,01,CON-0001,,2026-09-15T00:00:00+02:00,
08738828-2406-4dee-b294-31c6c16f7568,01,CON-0002,,2026-09-15T00:00:00+02:00,
fffa5d0a-0257-4e98-b6e8-6a182061357d,01,CON-0001,,2026-09-15T00:00:00+02:00,
ca24ac0c-3c27-491e-a1e7-908958fd804d,01,CON-0001,,2026-08-25T00:00:00+02:00,
f38209f9-e539-4f4b-a401-83eb750ae9df,01,CON-0001,2026-08-13T00:00:00+02:00,2026-08-24T00:00:00+02:00,
0430fc54-6625-452c-aaf0-0a8cbd97d010,01,CON-0001,2025-05-23T00:00:00+02:00,2025-06-03T00:00:00+02:00,
da4582b1-8a28-481e-83a6-878d3f239556,01,CON-0001,2024-07-17T00:00:00+02:00,2024-07-29T00:00:00+02:00,
47e9847c-09f7-46c9-8624-15b5de8a8f62,01,CON-0001,2026-09-03T00:00:00+02:00,2026-09-14T00:00:00+02:00,
47e9847c-09f7-46c9-8624-15b5de8a8f62,01,CON-0002,2026-09-03T00:00:00+02:00,2026-09-14T00:00:00+02:00,
e6363aeb-0f90-4733-b245-4001b55ec7e6,01,CON-0001,2023-05-19T00:00:00+02:00,2023-06-05T00:00:00+02:00,
8ddab506-cf1b-4137-8c4e-d9def6330a29,01,CON-0000,,,
e2adf39c-21d6-4694-b513-9f76df32f968,01,CON-0001,,2026-09-07T00:00:00+02:00,
dbcf653b-8029-4098-a109-9b62fa738deb,01,CON-0001,2026-09-02T00:00:00+02:00,2026-09-15T00:00:00+02:00,
d18415b2-37c4-4bb8-bca6-73e36fa44adf,01,CON-0001,2026-09-03T00:00:00+02:00,2026-09-14T00:00:00+02:00,
763c3a53-9692-49bb-add0-43db1fd0f91d,01,CON-0001,,2026-06-09T00:00:00+02:00,
6b0f4674-e061-4675-a513-14d54862e182,01,CON-0001,,2026-09-14T00:00:00+02:00,
95906661-a883-4219-9c5f-e89d254ce70b,01,CON-0001,2025-05-14T00:00:00+02:00,2025-05-26T00:00:00+02:00,
f9402825-f213-40c8-8453-1ad29277d8f7,01,CON-0001,,2026-09-15T00:00:00+02:00,
8af347ed-e0b4-414f-8662-44a1be1556e0,01,CON-0001,,2026-07-27T00:00:00+02:00,
638de82a-f853-4b99-b7f6-276f72d8f122,01,CON-0001,2026-08-31T00:00:00+02:00,2026-09-11T00:00:00+02:00,
dd8c3ec5-5ab2-46cc-b703-5ad9f5ae6000,01,CON-0001,,2026-09-07T00:00:00+02:00,
a72e859e-1800-4833-813a-9247ffdf31e7,01,CON-0001,,2026-08-31T00:00:00+02:00,
49715446-c1da-4691-9ef4-4f898af7c008,01,CON-0001,,2026-09-15T00:00:00+02:00,
4c8b8d25-5ca8-4a24-af95-19a6f5a0b651,01,CON-0001,,2026-09-15T00:00:00+02:00,
48ad93c1-a5ef-48ec-b699-689d0bc29a11,01,CON-0001,,2026-09-15T00:00:00+02:00,
8eece87c-c8ed-4c58-8424-4bfc2e480153,01,CON-0001,2026-07-17T00:00:00+02:00,2026-08-14T00:00:00+02:00,
a01b6767-8cce-49dc-b347-29b2254182ba,01,CON-0001,2026-08-19T00:00:00+02:00,2026-09-01T00:00:00+02:00,
a01b6767-8cce-49dc-b347-29b2254182ba,01,CON-0002,2026-08-19T00:00:00+02:00,2026-09-01T00:00:00+02:00,
ea0e049a-a32c-4310-aeb3-6f1f61ea8b6c,01,CON-0001,2018-11-13T00:00:00+02:00,2018-11-26T00:00:00+02:00,
58eb916b-42e7-4bae-a968-f2441fbbdf8e,01,CON-0001,2025-07-01T00:00:00+02:00,2026-08-18T00:00:00+02:00,
58eb916b-42e7-4bae-a968-f2441fbbdf8e,01,CON-0002,2025-07-01T00:00:00+02:00,2026-08-18T00:00:00+02:00,
5b4b6b5d-0392-497a-9434-6a4c80f1c9ed,01,CON-0001,2026-09-11T00:00:00+02:00,2026-09-11T00:00:00+02:00,
6567e7d7-a73f-4743-95cc-1d79924e3da6,01,CON-0001,2025-06-27T00:00:00+02:00,2025-09-12T00:00:00+02:00,
455f167a-a4f5-4731-9358-f35e7a72bbd8,01,CON-0001,2026-09-03T00:00:00+01:00,2026-09-15T00:00:00+01:00,
d2d48dc2-f531-4bcd-999c-62b90579b79f,01,CON-0001,2026-09-15T00:00:00+02:00,2026-09-15T00:00:00+02:00,
5bb66845-fee5-49e6-b2c8-f3077fa3ed32,01,CON-0001,,2026-08-31T00:00:00+02:00,
5efadda4-49d5-4acd-b026-868aa4239f3f,01,CON-0001,,2026-06-12T00:00:00+02:00,
2ab32f0d-71a0-48ea-b7ce-574864ea9f96,01,CON-0001,,2026-02-04T00:00:00+01:00,
19567368-13c7-4717-8adf-135ddae9aea6,01,CON-0001,2025-05-05T00:00:00+02:00,2025-05-06T00:00:00+02:00,
a6cbee04-9b79-44b1-bc02-954157bf1acc,01,CON-0001,,2026-09-08T00:00:00+02:00,
325cac3c-ba5f-4058-8524-ec5a6b5562c7,01,CON-0001,2021-05-06T00:00:00+02:00,2021-05-17T00:00:00+02:00,
4466d3d1-354c-4dfd-80f1-470c81110cc7,01,CON-0001,,2026-07-28T00:00:00+02:00,
a450274a-fe7c-4dc9-99e0-a78b2904e3dd,01,CON-0001,,,
d9ab1893-476e-41db-ad82-62adfc75f439,01,CON-0001,,2026-08-24T00:00:00+02:00,
1cbc2be9-77e9-4ffa-9a20-800fad6e93c3,01,CON-0001,,2026-08-17T00:00:00+02:00,
a5a8d359-ffca-4d30-8c7f-1be5e578381a,01,CON-0001,,2026-09-15T00:00:00+02:00,
cbc38ace-ae5a-48fb-826f-0e56e65dcf44,01,CON-0001,2026-09-15T00:00:00+02:00,2026-09-15T00:00:00+02:00,
af662d6d-6dd9-47a9-b947-69930e5be98a,01,CON-0001,,2026-09-15T00:00:00+02:00,
76a4abec-70c6-4ed9-84f2-9cc496ac0c8d,01,CON-0001,2026-09-14T00:00:00+02:00,2026-09-14T00:00:00+02:00,
b8ee89a5-dff2-4f48-8e18-3179c15c7176,01,CON-0001,,2026-09-14T00:00:00+02:00,
508ca28a-585d-4af7-ae3e-01f3b25617b3,01,CON-0001,,2026-09-03T00:00:00+02:00,
508ca28a-585d-4af7-ae3e-01f3b25617b3,01,CON-0002,,2026-09-14T00:00:00+02:00,
2cffc857-8981-4b4c-b243-57cfade63ceb,01,CON-0001,2026-09-15T00:00:00+02:00,2026-09-15T00:00:00+02:00,
f439fc31-d3e0-4ed6-b2be-171c7602f2de,01,CON-0001,,2026-09-07T00:00:00+02:00,
1ab5d1a7-fe8d-419a-9db7-79d39fe0c7e2,01,CON-0001,,2026-09-14T00:00:00+02:00,
ff2104f9-1865-47f2-9eb6-492ec5350a0f,01,CON-0001,,2026-09-14T00:00:00+02:00,
c9741f16-aea4-4b1f-905d-999a6eff6661,01,CON-0001,,2026-09-15T00:00:00+02:00,
4c0e180b-bc9a-43e6-bac7-35fc4082df54,01,CON-0001,,2025-08-15T00:00:00+02:00,
ce81ab80-ec22-4e38-96c7-a762aaf4761a,01,CON-0001,,2026-09-09T00:00:00+02:00,
154276a1-4b77-4421-affc-870c5617d15b,01,CON-0001,,2026-09-15T00:00:00+02:00,
8bb86434-f323-438c-b410-688eea1e9382,01,CON-0001,,2026-09-15T00:00:00+02:00,
b225ac0d-7f96-4f8c-b700-3633e085621c,01,CON-0001,,2026-09-15T00:00:00+02:00,
01a08a75-f5eb-4e4c-83c5-60b164ebe35b,01,CON-0001,2025-08-08T00:00:00+02:00,2026-05-15T00:00:00+02:00,
01a08a75-f5eb-4e4c-83c5-60b164ebe35b,01,CON-0002,2025-05-08T00:00:00+02:00,2025-05-15T00:00:00+02:00,
01a08a75-f5eb-4e4c-83c5-60b164ebe35b,01,CON-0003,2025-05-08T00:00:00+02:00,2025-05-15T00:00:00+02:00,
01a08a75-f5eb-4e4c-83c5-60b164ebe35b,01,CON-0004,2025-05-08T00:00:00+02:00,2025-05-16T00:00:00+02:00,
01a08a75-f5eb-4e4c-83c5-60b164ebe35b,01,CON-0005,2025-05-08T00:00:00+02:00,2025-05-16T00:00:00+02:00,
01a08a75-f5eb-4e4c-83c5-60b164ebe35b,01,CON-0006,2025-05-08T00:00:00+02:00,2025-05-16T00:00:00+02:00,
e79bb7f2-a797-4169-abb8-05686d80f70c,01,CON-0001,,2026-08-04T00:00:00+02:00,
9fab6856-357f-44cb-a8f7-1b3a015751da,01,CON-0001,,2026-08-18T00:00:00+02:00,
1bc79d4d-4082-437e-9e3a-1e7a5bfcbe89,01,CON-0001,2026-08-25T00:00:00+02:00,2026-09-07T00:00:00+02:00,
ea6b8124-9d3e-47b1-8200-425ac8a738d0,01,CON-0001,2026-09-04T00:00:00+02:00,2026-09-15T00:00:00+02:00,
c1fccf1b-9a52-4960-a3e3-1066df557382,01,CON-0001,,2026-08-17T00:00:00+02:00,
26f1848e-d8d5-4ae3-8b0c-6dca3e4bee79,01,CON-0001,2022-03-03T00:00:00+02:00,2022-03-15T00:00:00+02:00,
0d06762e-e42a-44c3-96ef-618a5fa055fd,01,CON-0001,2026-08-27T00:00:00+02:00,2026-08-27T00:00:00+02:00,
56833ea5-58df-41b1-8b93-69c32e3b776d,01,CON-0001,2023-12-14T00:00:00+02:00,2024-01-03T00:00:00+02:00,
89f97a08-7e7c-47ff-a36b-8cf22b175cac,01,CON-0001,2023-02-10T00:00:00+02:00,2023-02-21T00:00:00+02:00,
fef55906-ff0b-49ed-baed-06312268141a,01,CON-0001,,2026-08-13T00:00:00+02:00,
6a072c36-ff4e-4e01-9d2f-c3849aff79cd,01,CON-0001,2025-04-11T00:00:00+02:00,2025-04-23T00:00:00+02:00,
ea8f1a43-9513-41a0-8a4d-0cd582862db3,01,CON-0001,2026-08-25T00:00:00+02:00,2026-09-09T00:00:00+02:00,
d54ec781-962f-409c-a82b-f09e4e169ca3,01,CON-0001,2026-09-04T00:00:00+02:00,2026-09-14T00:00:00+02:00,
232a86f2-44bc-4701-b740-2c7275873a1f,01,CON-0001,2026-09-15T00:00:00+02:00,2026-09-15T00:00:00+02:00,
232a86f2-44bc-4701-b740-2c7275873a1f,01,CON-0002,2026-09-15T00:00:00+02:00,2026-09-15T00:00:00+02:00,
232a86f2-44bc-4701-b740-2c7275873a1f,01,CON-0003,2026-09-15T00:00:00+02:00,2026-09-15T00:00:00+02:00,
232a86f2-44bc-4701-b740-2c7275873a1f,01,CON-0004,2026-09-15T00:00:00+02:00,2026-09-15T00:00:00+02:00,
232a86f2-44bc-4701-b740-2c7275873a1f,01,CON-0005,2026-09-15T00:00:00+02:00,2026-09-15T00:00:00+02:00,
232a86f2-44bc-4701-b740-2c7275873a1f,01,CON-0006,2026-09-15T00:00:00+02:00,2026-09-15T00:00:00+02:00,
57ece606-117a-426d-a888-4af660b56f3e,01,CON-0001,,2026-09-14T00:00:00+02:00,
29c7ca20-b67c-40b2-87ac-9686db66acaa,01,CON-0001,,2026-09-14T00:00:00+02:00,
f0c5d53b-9cb6-47fe-9daf-310dfde71f38,01,CON-0001,,2026-09-15T00:00:00+02:00,
5b6d92e9-a4ab-4d47-90c0-342cc5774de2,01,CON-0001,,2026-08-28T00:00:00+02:00,
aac2dd05-c839-4c68-baeb-784225a7c0be,01,CON-0001,2024-09-06T00:00:00+02:00,2024-09-06T00:00:00+02:00,
56123ce9-7570-44f8-898c-ccbf61ddfdba,01,CON-0002,,2026-09-14T00:00:00+02:00,
56123ce9-7570-44f8-898c-ccbf61ddfdba,01,CON-0001,,2026-09-14T00:00:00+02:00,
a4cd7a04-bb82-447d-80ff-207898189a11,01,CON-0001,,2026-09-15T00:00:00+02:00,
3747dc6f-9c33-4dc6-83af-6504813c09b1,01,CON-0001,2025-06-06T00:00:00+02:00,2025-06-17T00:00:00+02:00,
3446a559-15f9-491b-8476-6d32e4154c93,01,CON-0001,2026-09-14T00:00:00+02:00,2026-09-15T00:00:00+02:00,
1e8e8e86-5c2f-497f-9865-460e2e1cb375,01,CON-0001,2025-08-13T00:00:00+02:00,2025-08-25T00:00:00+02:00,
a00511c6-9a64-4118-811c-0f238982651a,01,CON-0001,2024-12-16T00:00:00+02:00,2025-01-03T00:00:00+02:00,
381fc019-557a-4388-a9a4-a8e7afcb1741,01,CON-0001,2026-07-10T00:00:00+02:00,2026-07-29T00:00:00+02:00,
fad97142-b443-4bd9-b7aa-c486345187b3,01,CON-0001,,2026-09-14T00:00:00+02:00,
db18829c-a80e-45d8-bacf-cf1745f3b6d5,01,CON-0001,2025-12-16T00:00:00+02:00,2026-01-05T00:00:00+02:00,
51971ae6-9e49-4e37-ae18-5812dd49561d,01,CON-0001,2026-09-15T00:00:00+02:00,2026-09-15T00:00:00+02:00,
54760ccf-db92-421d-bbc0-d3a3052c6575,01,CON-0001,2025-08-14T00:00:00+02:00,2025-08-14T00:00:00+02:00,
f51cf9c9-f534-4b55-b11e-79c7e00fc1b2,01,CON-0001,,2026-08-31T00:00:00+02:00,
29715cba-4b1c-4a79-a013-53b23c164720,01,CON-0001,2026-09-02T00:00:00+02:00,2026-09-15T00:00:00+02:00,
1c27c316-9b14-4594-907e-d95f38ed204e,01,CON-0001,,2026-09-15T00:00:00+02:00,
2f19d346-0db3-412c-b8a2-9dd0c007b0a8,01,CON-0001,,2026-09-08T00:00:00+02:00,
2f19d346-0db3-412c-b8a2-9dd0c007b0a8,01,CON-0002,,2026-09-08T00:00:00+02:00,
2f19d346-0db3-412c-b8a2-9dd0c007b0a8,01,CON-0003,,2026-09-08T00:00:00+02:00,
2f19d346-0db3-412c-b8a2-9dd0c007b0a8,01,CON-0004,,2026-09-08T00:00:00+02:00,
6db5929d-a517-43ed-9fe9-fb670fd9e694,01,CON-0001,,2026-09-02T00:00:00+02:00,
7dbb6c22-daf6-4e56-946f-922a05548229,01,CON-0001,,2026-09-14T00:00:00+02:00,
ec83e767-8a08-4384-b1f9-7c970236efa0,01,CON-0001,2026-08-26T00:00:00+02:00,2026-09-11T00:00:00+02:00,
6eed375a-5cb3-4ea3-8c0e-467f90e25ca1,01,CON-0001,,2026-08-21T00:00:00+02:00,
80675cc9-565a-4b93-816d-55b5930a0bb8,01,CON-0001,2026-09-02T00:00:00+02:00,2026-09-14T00:00:00+02:00,
79800511-1d4b-4ad3-8c60-fd255ab125b3,01,CON-0001,,2026-08-19T00:00:00+02:00,
d31e5a38-d43a-4547-8973-c3590bacd62e,01,CON-0001,,2026-09-10T00:00:00+02:00,
b64ce675-d41d-4740-be94-e6472a525ea9,01,CON-0001,2025-03-26T00:00:00+02:00,2025-04-06T00:00:00+02:00,
ad9eaa7a-3247-485c-859d-ec19a1263c6b,01,CON-0001,,2026-05-05T00:00:00+02:00,
830c6da5-b6b1-4631-a98e-1f52d628be32,01,CON-0001,2026-08-04T00:00:00+02:00,2026-09-14T00:00:00+02:00,
6726f720-afb1-4713-9d79-16afcdf8bc54,01,CON-0001,,2026-09-15T00:00:00+02:00,
bf0fdfde-8f62-4b1a-a947-5a92338c95b6,01,CON-0001,,2026-09-15T00:00:00+02:00,
a7170bc7-df89-4c34-ad0c-377bea21c268,01,CON-0001,2025-04-28T00:00:00+02:00,2025-05-09T00:00:00+02:00,
c92fe955-e074-45e2-b270-ab63af8a6e30,01,CON-0001,2026-09-03T00:00:00+02:00,2026-09-14T00:00:00+02:00,
ec07ce3b-6024-4d6e-b732-6f5218b332b4,02,CON-0001,,2026-09-14T00:00:00+02:00,
c3c3c991-ddef-4be9-8019-79e0977619b1,01,CON-0001,,2026-08-12T00:00:00+02:00,
8a5794f3-558e-4156-86a7-1950acb1d1e6,01,CON-0000,,,
ac66cbd7-4e75-4d04-a276-96c26831c4b1,01,CON-0001,2025-06-26T00:00:00+02:00,2025-07-07T00:00:00+02:00,
