noticeIdentifier,noticeVersion,lotIdentifier,procedureLotResultNumber,winnerChosen,notAwardedReason,frameworkMaximumValue,frameworkMaximumValueCurrency,frameworkEstimatedValue,frameworkEstimatedValueCurrency,tenderValueLowest,tenderValueLowestCurrency,tenderValueHighest,tenderValueHighestCurrency
3c8225a9-791b-49f1-b08d-a65ecfcb0076,01,LOT-0000,0,,,,,,,,,,
f9f456db-7d9a-4aa3-bb60-6dced2f58bcf,01,LOT-0000,0,,,,,,,,,,
3aa224f3-9873-4526-9c23-7271cf89efd8,01,LOT-0001,0,selec-w,,,,,,,,,
5b3d9c41-6b95-444b-951c-01eecb8f850e,01,LOT-0001,0,selec-w,,,,,,,,,
7520388b-9b97-457f-90b9-f475ba5e4f0d,01,LOT-0001,0,,,,,,,,,,
c99ad21f-5df0-4684-8d10-23135c1e8b85,01,LOT-0001,0,selec-w,,,,,,,,,
c99ad21f-5df0-4684-8d10-23135c1e8b85,01,LOT-0002,1,selec-w,,,,,,,,,
c99ad21f-5df0-4684-8d10-23135c1e8b85,01,LOT-0003,2,selec-w,,,,,,,,,
c99ad21f-5df0-4684-8d10-23135c1e8b85,01,LOT-0004,3,selec-w,,,,,,,,,
c99ad21f-5df0-4684-8d10-23135c1e8b85,01,LOT-0005,4,selec-w,,,,,,,,,
50fa43f2-fdd1-496b-92b0-37c5682c5e27,01,LOT-0001,0,selec-w,,,,,,,,,
bef6cc00-924a-4e51-a18e-0439bd51379d,01,LOT-0001,0,selec-w,,,,,,,,,
bef6cc00-924a-4e51-a18e-0439bd51379d,01,LOT-0002,1,selec-w,,,,,,,,,
6a370408-13db-4e37-84b8-9a80e96a5610,01,LOT-0000,0,selec-w,,,,,,,,,
c9c6916d-697f-4b01-b55a-5cb570bbc304,01,LOT-0000,0,selec-w,,,,,,,,,
de166c56-23c7-4c31-9f0e-9846fb8ea264,01,LOT-0000,0,clos-nw,rev-buyer,,,,,,,,
05406422-b01c-4501-81f5-f3a35c83851f,01,LOT-0001,0,selec-w,,,,,,,,,
671a062d-0e72-4040-807f-446ce257be29,01,LOT-0001,0,selec-w,,,,,,34516.90,EUR,43072.51,EUR
d944448a-9232-41c7-b2a5-5ba1ef6b0c51,01,LOT-0001,0,selec-w,,,,,,,,,
d944448a-9232-41c7-b2a5-5ba1ef6b0c51,01,LOT-0002,1,selec-w,,,,,,,,,
515eea47-64b4-43a9-b2b1-fdb7d7895ef0,01,LOT-0001,0,selec-w,,,,,,,,,
c04ac815-abf6-4327-b5a9-43ba95631cae,01,LOT-0001,0,selec-w,,,,,,259261.28,EUR,536616.00,EUR
a963e896-11ba-49ba-b2e8-8717d30a7a31,01,LOT-0000,0,selec-w,,,,,,,,,
4d11e71f-98dd-451f-b082-d5af534b3236,01,LOT-0001,0,selec-w,,,,,,84618.82,EUR,91423.71,EUR
b6d328f5-cd55-4d41-9421-3734043c6787,01,LOT-0001,0,selec-w,,,,,,4350.00,EUR,9613.38,EUR
b6d328f5-cd55-4d41-9421-3734043c6787,01,LOT-0010,1,clos-nw,ins-fund,,,,,,,,
b6d328f5-cd55-4d41-9421-3734043c6787,01,LOT-0011,2,selec-w,,,,,,5780.00,EUR,8597.79,EUR
b6d328f5-cd55-4d41-9421-3734043c6787,01,LOT-0012,3,selec-w,,,,,,6764.96,EUR,13000.00,EUR
b6d328f5-cd55-4d41-9421-3734043c6787,01,LOT-0013,4,clos-nw,ins-fund,,,,,,,,
b6d328f5-cd55-4d41-9421-3734043c6787,01,LOT-0014,5,clos-nw,ins-fund,,,,,,,,
b6d328f5-cd55-4d41-9421-3734043c6787,01,LOT-0015,6,selec-w,,,,,,4870.00,EUR,14481.31,EUR
b6d328f5-cd55-4d41-9421-3734043c6787,01,LOT-0016,7,selec-w,,,,,,5825.01,EUR,13000.00,EUR
b6d328f5-cd55-4d41-9421-3734043c6787,01,LOT-0017,8,selec-w,,,,,,3760.05,EUR,10100.00,EUR
b6d328f5-cd55-4d41-9421-3734043c6787,01,LOT-0018,9,selec-w,,,,,,4009.50,EUR,8250.00,EUR
b6d328f5-cd55-4d41-9421-3734043c6787,01,LOT-0019,10,clos-nw,ins-fund,,,,,,,,
b6d328f5-cd55-4d41-9421-3734043c6787,01,LOT-0002,11,selec-w,,,,,,0.00,EUR,9000.00,EUR
b6d328f5-cd55-4d41-9421-3734043c6787,01,LOT-0020,12,selec-w,,,,,,3346.00,EUR,10071.00,EUR
b6d328f5-cd55-4d41-9421-3734043c6787,01,LOT-0021,13,selec-w,,,,,,4000.00,EUR,13988.94,EUR
b6d328f5-cd55-4d41-9421-3734043c6787,01,LOT-0022,14,selec-w,,,,,,4854.00,EUR,10071.00,EUR
b6d328f5-cd55-4d41-9421-3734043c6787,01,LOT-0023,15,clos-nw,ins-fund,,,,,,,,
b6d328f5-cd55-4d41-9421-3734043c6787,01,LOT-0024,16,selec-w,,,,,,3410.00,EUR,13848.77,EUR
b6d328f5-cd55-4d41-9421-3734043c6787,01,LOT-0025,17,selec-w,,,,,,3205.00,EUR,9000.00,EUR
b6d328f5-cd55-4d41-9421-3734043c6787,01,LOT-0026,18,selec-w,,,,,,6681.12,EUR,12357.78,EUR
b6d328f5-cd55-4d41-9421-3734043c6787,01,LOT-0027,19,selec-w,,,,,,5986.00,EUR,8803.16,EUR
b6d328f5-cd55-4d41-9421-3734043c6787,01,LOT-0028,20,selec-w,,,,,,5050.00,EUR,10959.08,EUR
b6d328f5-cd55-4d41-9421-3734043c6787,01,LOT-0029,21,selec-w,,,,,,4082.00,EUR,8250.00,EUR
b6d328f5-cd55-4d41-9421-3734043c6787,01,LOT-0003,22,selec-w,,,,,,0.00,EUR,8250.00,EUR
b6d328f5-cd55-4d41-9421-3734043c6787,01,LOT-0030,23,selec-w,,,,,,9000.00,EUR,9000.00,EUR
b6d328f5-cd55-4d41-9421-3734043c6787,01,LOT-0031,24,selec-w,,,,,,6450.00,EUR,10807.48,EUR
b6d328f5-cd55-4d41-9421-3734043c6787,01,LOT-0032,25,selec-w,,,,,,5900.00,EUR,11869.22,EUR
b6d328f5-cd55-4d41-9421-3734043c6787,01,LOT-0033,26,selec-w,,,,,,3950.00,EUR,9500.00,EUR
b6d328f5-cd55-4d41-9421-3734043c6787,01,LOT-0034,27,selec-w,,,,,,4345.00,EUR,10465.03,EUR
b6d328f5-cd55-4d41-9421-3734043c6787,01,LOT-0035,28,selec-w,,,,,,5199.75,EUR,9000.00,EUR
b6d328f5-cd55-4d41-9421-3734043c6787,01,LOT-0036,29,selec-w,,,,,,3899.00,EUR,9750.00,EUR
b6d328f5-cd55-4d41-9421-3734043c6787,01,LOT-0037,30,selec-w,,,,,,3280.00,EUR,13200.00,EUR
b6d328f5-cd55-4d41-9421-3734043c6787,01,LOT-0004,31,selec-w,,,,,,0.00,EUR,8250.00,EUR
b6d328f5-cd55-4d41-9421-3734043c6787,01,LOT-0005,32,selec-w,,,,,,6725.00,EUR,10000.00,EUR
b6d328f5-cd55-4d41-9421-3734043c6787,01,LOT-0006,33,selec-w,,,,,,5656.00,EUR,11000.00,EUR
b6d328f5-cd55-4d41-9421-3734043c6787,01,LOT-0007,34,selec-w,,,,,,4553.75,EUR,9312.66,EUR
b6d328f5-cd55-4d41-9421-3734043c6787,01,LOT-0008,35,selec-w,,,,,,5387.30,EUR,26630.28,EUR
b6d328f5-cd55-4d41-9421-3734043c6787,01,LOT-0009,36,selec-w,,,,,,5387.30,EUR,9750.00,EUR
2bbbdc07-fa5f-4af9-99a4-7b2e9248396f,01,LOT-0001,0,selec-w,,,,,,,,,
1604bfc0-df6f-4412-a9b8-6bbff0548131,01,LOT-0001,0,selec-w,,,,,,,,,
452cdf46-ea32-4091-af28-6a63ef8c9c74,01,LOT-0001,0,selec-w,,,,,,,,,
c1bb7efc-f32e-4d8a-a28b-7c7768dba9c8,01,LOT-0001,0,selec-w,,,,,,,,,
bcfd3845-ebc1-44b8-9c34-c2d124b10fe7,01,LOT-0001,0,selec-w,,,,,,,,,
89a419d8-3f95-4702-993f-d8beec8f6caa,01,LOT-0001,0,selec-w,,,,,,,,,
f9130abe-6656-41ee-90e5-fa88244bc975,01,LOT-0001,0,selec-w,,,,,,,,,
f9130abe-6656-41ee-90e5-fa88244bc975,01,LOT-0002,1,selec-w,,,,,,,,,
f9130abe-6656-41ee-90e5-fa88244bc975,01,LOT-0003,2,selec-w,,,,,,,,,
f9130abe-6656-41ee-90e5-fa88244bc975,01,LOT-0004,3,selec-w,,,,,,,,,
a32e0e5f-cbf6-4bc8-9fe1-c6a3af7ef5f3,01,LOT-0001,0,selec-w,,,,,,,,,
9a166902-52db-4456-b8e2-5fe3f2c51e39,01,LOT-0000,0,selec-w,,,,,,,,,
6c0e64fd-a181-465d-a3ad-b4585d2758dd,01,LOT-0001,0,selec-w,,,,,,,,,
3678614b-4cd2-4a0b-9d07-b3bf8b21c1cb,01,LOT-0001,0,,,,,,,,,,
08ecd73b-ffc2-45a7-8132-f92a89d11b94,01,LOT-0000,0,selec-w,,,,12689640.00,EUR,,,,
c4745a16-5769-4144-a01f-0802676c2ac0,01,LOT-0001,0,selec-w,,1875000.00,EUR,1500000.00,EUR,,,,
63de9706-6f8e-416b-9d0c-617396a34c87,01,LOT-0000,0,,,,,,,,,,
8014ade7-eefd-4ab9-b5aa-c3f0725bdf40,01,LOT-0001,0,selec-w,,,,,,,,,
f77e1a90-902b-4f00-8bbc-42e977721d7f,01,LOT-0001,0,clos-nw,other,,,,,,,,
29c52430-b029-4424-8ca7-24374715bf58,01,LOT-0000,0,selec-w,,,,,,,,,
4b6da03a-87a6-453f-a25a-669cc405f290,01,LOT-0001,0,selec-w,,,,,,124000.00,EUR,124000.00,EUR
4b6da03a-87a6-453f-a25a-669cc405f290,01,LOT-0002,1,clos-nw,all-rej,,,,,,,,
b7d8db51-786a-4c0a-9bb5-cf046d701d5b,01,LOT-0001,0,selec-w,,,,,,,,,
ea2006a9-9224-467d-865e-5dd8134a2dbd,01,LOT-0000,0,selec-w,,,,,,,,,
28c8aa4c-208a-46f3-b333-35c568928d49,01,LOT-0001,0,selec-w,,,,,,,,,
28c8aa4c-208a-46f3-b333-35c568928d49,01,LOT-0002,1,selec-w,,,,,,,,,
7974c8fb-a1a8-4c8a-a703-742399e2eca0,01,LOT-0001,0,selec-w,,,,,,,,,
7974c8fb-a1a8-4c8a-a703-742399e2eca0,01,LOT-0002,1,selec-w,,,,,,,,,
ed0a655f-db5b-484a-9441-0a84ea90eb6c,01,LOT-0001,0,selec-w,,,,,,,,,
ed0a655f-db5b-484a-9441-0a84ea90eb6c,01,LOT-0002,1,selec-w,,,,,,,,,
4c566805-3ed7-43b2-8ce1-71ad7da16729,01,LOT-0000,0,,,,,,,,,,
403a86dd-da15-41c7-934d-8cb2d71dfc0e,01,LOT-0000,0,selec-w,,,,,,,,,
01a3c317-3099-4370-8c57-b8578c02eec7,01,LOT-0001,0,selec-w,,,,,,,,,
d5ddbef6-2140-4c2a-8864-c07abe57cb37,01,LOT-0001,0,selec-w,,,,,,,,,
d5ddbef6-2140-4c2a-8864-c07abe57cb37,01,LOT-0002,1,selec-w,,,,,,,,,
e4e39e7b-6fec-4f52-b6a0-57445932f388,01,LOT-0001,0,selec-w,,,,,,122960.00,EUR,245344.30,EUR
e4e39e7b-6fec-4f52-b6a0-57445932f388,01,LOT-0002,1,selec-w,,,,,,123700.34,EUR,132570.00,EUR
e4e39e7b-6fec-4f52-b6a0-57445932f388,01,LOT-0003,2,selec-w,,,,,,228900.00,EUR,244830.00,EUR
5024b561-9182-4174-8d54-bee71dd951b7,01,LOT-0001,0,selec-w,,,,,,,,,
79c1dce7-77d6-41e7-9836-2f9005e66ae3,01,LOT-0001,0,selec-w,,,,,,,,,
79c1dce7-77d6-41e7-9836-2f9005e66ae3,01,LOT-0002,1,selec-w,,,,,,,,,
79c1dce7-77d6-41e7-9836-2f9005e66ae3,01,LOT-0003,2,selec-w,,,,,,,,,
9019b0c5-b6a7-40dc-9662-3f3615c31234,01,LOT-0001,0,selec-w,,,,,,,,,
9019b0c5-b6a7-40dc-9662-3f3615c31234,01,LOT-0002,1,selec-w,,,,,,,,,
9019b0c5-b6a7-40dc-9662-3f3615c31234,01,LOT-0003,2,selec-w,,,,,,,,,
f3dbf992-f72d-453e-91fa-e4875a88efd7,01,LOT-0001,0,selec-w,,,,,,,,,
697d148e-d366-4d4c-a115-5476bbf2f0ac,01,LOT-0001,0,selec-w,,,,,,,,,
28dac269-fd17-419e-afc3-18b5e18ac138,01,LOT-0001,0,selec-w,,,,,,,,,
19472414-7e91-4b88-ac14-f8a29741a6f5,01,LOT-0001,0,,,,,,,,,,
c804d707-ce16-4d9e-a0ff-1fc1acf61105,01,LOT-0001,0,selec-w,,,,,,,,,
7b8f6aaa-7500-4a2b-8907-776408f3a189,01,LOT-0001,0,,,,,,,,,,
ff280699-9dcb-44bd-9cc0-5be2fb8bc31d,01,LOT-0001,0,selec-w,,,,,,,,,
87865198-cdf9-4dd6-bd2d-f1e92723c465,01,LOT-0001,0,,,,,,,,,,
22ada15a-2249-4bd4-a671-8e8897670f68,01,LOT-0001,0,,,,,,,,,,
1dea86c8-4d21-4e3f-99ef-0c7b9affc2f3,01,LOT-0001,0,selec-w,,,,,,389798.08,EUR,619397.00,EUR
fa3b2024-c9bd-45dc-89a1-59df6965bc46,01,LOT-0001,0,selec-w,,,,,,123880.00,EUR,343624.00,EUR
ab1a2196-3b3e-400c-88a6-8b410e918be1,01,LOT-0001,0,selec-w,,,,,,,,,
89cb5b35-440d-4641-86a9-c4d96eb3adc6,01,LOT-0000,0,,,,,,,,,,
1d7eb9ce-d42c-41f0-a4f3-1cc0c4d87e20,01,LOT-0000,0,selec-w,,,,,,,,,
d44abc03-50f0-4083-aab5-466efac05753,01,LOT-0000,0,selec-w,,,,,,,,,
40c92953-19e6-4dd6-beac-39c302fd25cc,01,LOT-0000,0,,,,,,,,,,
49d4a12a-7b77-437a-a031-1d1260b427a4,01,LOT-0001,0,selec-w,,,,,,1,EUR,1,EUR
49272a08-0469-437d-bf1f-ba641417f443,01,LOT-0000,0,selec-w,,,,,,,,,
20176d84-f18c-4068-b17c-d013cf0cfe0f,01,LOT-0000,0,selec-w,,,,,,,,,
eeb9ef5a-0b01-43d5-8496-53b81772b15d,01,LOT-0001,0,selec-w,,,,,,,,,
eeb9ef5a-0b01-43d5-8496-53b81772b15d,01,LOT-0002,1,selec-w,,,,,,,,,
e4f3839a-4932-42c0-9b85-f1745d43c9c6,01,LOT-0000,0,clos-nw,no-rece,,,,,,,,
9ad7cb70-56ac-4e93-ad85-e249a639d263,01,LOT-0000,0,selec-w,,,,,,,,,
2a892d69-436e-4ab9-b235-22191b2a0817,01,LOT-0001,0,selec-w,,,,,,,,,
0a1d2ce8-8ee7-4d56-a411-9ddfdfcad7f9,01,LOT-0000,0,selec-w,,,,,,,,,
a9485f5f-9d7f-4d89-b14e-948fc88864b9,01,LOT-0001,0,,,,,,,,,,
38cb1b71-db55-447b-9dcf-7928fa9b9652,01,LOT-0001,0,selec-w,,,,,,,,,
38cb1b71-db55-447b-9dcf-7928fa9b9652,01,LOT-0002,1,selec-w,,,,,,,,,
38cb1b71-db55-447b-9dcf-7928fa9b9652,01,LOT-0003,2,selec-w,,,,,,,,,
bba1b515-3a6b-4be6-9618-db66267d5f72,01,LOT-0000,0,selec-w,,,,,,,,,
2063f8a7-8d9a-4395-9834-8ab5d4a62d1d,01,LOT-0000,0,selec-w,,,,,,,,,
5d6248d2-bbeb-4359-8df1-2c2b5dfe2de7,01,LOT-0000,0,selec-w,,,,,,,,,
f1f7f1b8-2e26-45ae-bb75-30766d4f2c89,01,LOT-0000,0,selec-w,,,,,,,,,
f964782e-bf72-4c36-bf5f-035b9b1ed8f3,01,LOT-0000,0,selec-w,,,,,,,,,
c937ed17-050d-4d82-a8c8-4c8f5e7b1f9e,01,LOT-0001,0,selec-w,,,,,,,,,
c937ed17-050d-4d82-a8c8-4c8f5e7b1f9e,01,LOT-0002,1,selec-w,,,,,,,,,
0b0cee46-7028-48a3-ab93-706252419a34,01,LOT-0001,0,selec-w,,,,,,1,EUR,1,EUR
abae6b4a-5a2e-4a62-a6e8-61a0d99ac0f0,01,LOT-0000,0,selec-w,,,,,,,,,
eb6cb358-277f-463a-a7b6-10419bb6b2b5,01,LOT-0001,0,selec-w,,,,,,,,,
ba79a82e-ba20-40d5-a701-698daf07eeb9,01,LOT-0000,0,selec-w,,,,,,,,,
892cd313-409d-4d28-89fb-e9c5c15b141b,01,LOT-0000,0,,,,,,,,,,
e4219d9f-af23-4f38-8d05-842a51bb2395,01,LOT-0000,0,selec-w,,,,,,,,,
7cba3224-ed9b-4557-912a-b89e03238035,01,LOT-0001,0,selec-w,,,,,,,,,
7cba3224-ed9b-4557-912a-b89e03238035,01,LOT-0002,1,selec-w,,,,,,,,,
ead3b499-cf64-4888-823d-7737ad787045,01,LOT-0000,0,selec-w,,,,,,,,,
9b92da70-5f05-4da6-8f36-63c00ccc4bfd,01,LOT-0001,0,selec-w,,0,EUR,,,,,,
7bbe3e4a-e8f3-4ce7-8fac-f9899a31ebc0,01,LOT-0001,0,selec-w,,,,,,396610.01,EUR,536575.40,EUR
415228ba-c998-4c5b-a88e-4badc9d2e4dc,01,LOT-0000,0,selec-w,,,,,,,,,
01a0a3dd-0de3-4c82-9bff-894ee83e347d,01,LOT-0001,0,selec-w,,,,,,,,,
a673c7df-5a09-4230-a1f0-8c32c383c6a7,01,LOT-0001,0,,,,,,,,,,
63ced94b-e3ff-42f0-9b7c-b0a68e642465,01,LOT-0001,0,selec-w,,1800000.00,EUR,1250000.00,EUR,,,,
4e2efa0e-8630-465b-beb5-fe2dc2e116e2,01,LOT-0001,0,selec-w,,,,,,,,,
4e2efa0e-8630-465b-beb5-fe2dc2e116e2,01,LOT-0002,1,selec-w,,,,,,,,,
4e2efa0e-8630-465b-beb5-fe2dc2e116e2,01,LOT-0003,2,selec-w,,,,,,,,,
dc250dbf-39dc-4f59-b567-cfe9c7189181,01,LOT-0000,0,selec-w,,,,,,,,,
af5ff21e-3c05-4f2c-bd6d-2946bfe9f899,01,LOT-0000,0,selec-w,,,,,,,,,
f02e7748-2050-4ac4-a922-cb0f4439e986,01,LOT-0000,0,selec-w,,,,,,,,,
aa0363f1-766e-40ce-956c-9969d649029b,01,LOT-0001,0,selec-w,,,,,,77281.00,EUR,99798.00,EUR
01a0a386-93b5-4920-903f-b03532554f28,01,LOT-0930,0,selec-w,,,,,,,,,
01a0a386-93b5-4920-903f-b03532554f28,01,LOT-1130,1,selec-w,,,,,,,,,
01a0a386-93b5-4920-903f-b03532554f28,01,LOT-1230,2,selec-w,,,,,,,,,
01a0a386-93b5-4920-903f-b03532554f28,01,LOT-1330,3,selec-w,,,,,,,,,
01a0a386-93b5-4920-903f-b03532554f28,01,LOT-1430,4,clos-nw,no-rece,,,,,,,,
01a0a386-93b5-4920-903f-b03532554f28,01,LOT-1830,5,clos-nw,ins-fund,,,,,,,,
0438fc4d-f4e0-43f1-8124-783654473a06,01,LOT-0001,0,selec-w,,,,,,,,,
4f3f43c4-b21a-4fe6-b95f-a02bcfaec978,01,LOT-0000,0,selec-w,,,,,,,,,
f142e565-038d-4c70-b79f-92083cfea0c8,01,LOT-0000,0,selec-w,,,,,,,,,
0e4c6765-b27b-4e7e-9cb1-a4cb71f87e03,01,LOT-0000,0,selec-w,,,,,,,,,
31c84d33-8204-4aeb-9bdc-6b03fe02d7b6,01,LOT-0000,0,,,,,,,,,,
3b65793d-c78d-42bc-b654-1eac5dccdd27,01,LOT-0001,0,selec-w,,,,,,,,,
3b65793d-c78d-42bc-b654-1eac5dccdd27,01,LOT-0002,1,selec-w,,,,,,,,,
9f47389f-4ff8-4452-bb85-29dc3fdbcacb,01,LOT-0000,0,selec-w,,,,,,,,,
975ec467-e4c0-41ee-93e8-9e85b58e3304,01,LOT-0000,0,selec-w,,,,,,,,,
65a1fbb7-b8fa-47a1-81b3-19eb0aea6d81,01,LOT-0000,0,,,,,,,,,,
75b1656a-978d-42f1-bea4-282faba63fb7,01,LOT-0000,0,selec-w,,,,,,381900.00,EUR,518700.00,EUR
411eac10-5d12-40fb-a4d9-edbad677041b,01,LOT-0001,0,selec-w,,,,,,537054.00,EUR,537054.00,EUR
411eac10-5d12-40fb-a4d9-edbad677041b,01,LOT-0002,1,selec-w,,,,,,395724.00,EUR,426816.60,EUR
411eac10-5d12-40fb-a4d9-edbad677041b,01,LOT-0003,2,selec-w,,,,,,163704.00,EUR,163704.00,EUR
411eac10-5d12-40fb-a4d9-edbad677041b,01,LOT-0004,3,selec-w,,,,,,120624.00,EUR,130101.60,EUR
15fde072-07e6-480b-9309-bd9ffe950305,01,LOT-0000,0,selec-w,,,,,,,,,
60e43b0a-8dfb-449e-b498-b09682344d0f,01,LOT-0000,0,selec-w,,,,,,,,,
2fbce19e-8406-42b5-9a31-021c37f0693e,01,LOT-0001,0,selec-w,,302000.00,EUR,,,,,,
54a3c5e2-e83d-4d6d-b9b4-c8ef88801272,01,LOT-0000,0,selec-w,,,,,,,,,
22be7dde-4ac6-4315-b87d-f19b7e9864cd,01,LOT-0001,0,clos-nw,chan-need,,,,,,,,
aa9e8b24-c04d-428d-bc89-8f1066e28c35,01,LOT-0001,0,selec-w,,0,EUR,,,,,,
5dbbe2be-5c22-4c3b-8923-6a3e9f4aa280,01,LOT-0001,0,clos-nw,all-rej,,,,,,,,
a3358992-2707-49b2-822c-dcf07304f3b0,01,LOT-0000,0,selec-w,,,,,,,,,
fb411cf6-4291-4ab1-9080-fb014f9a9c64,01,LOT-0000,0,selec-w,,,,,,,,,
4d643fae-3e36-4698-9988-0d3e35879d8f,01,LOT-0001,0,,,,,,,,,,
aecb6364-67b5-456f-ba2e-6dce58f64b21,01,LOT-0000,0,selec-w,,,,,,,,,
bcb96a9b-2bd2-46b3-b7a6-dbe4b1a6fd26,01,LOT-0000,0,selec-w,,,,,,,,,
02251263-d5d8-4ccf-bb46-d4ef31ac41c5,01,LOT-0001,0,selec-w,,,,,,,,,
e5945add-25b2-4c37-ade8-426440996759,01,LOT-0000,0,selec-w,,,,,,,,,
dc63569a-abdf-47f2-9210-616091d369de,01,LOT-0000,0,selec-w,,,,,,,,,
4b78a193-a1fc-423c-8a38-0694dfd95972,01,LOT-0000,0,selec-w,,,,,,,,,
091398e0-7d25-4871-911c-9da98bd731fd,01,LOT-0000,0,selec-w,,,,,,,,,
a137db0e-224a-4bd9-86d4-5bb3b3404d4e,01,LOT-0000,0,selec-w,,,,,,,,,
01a08f76-3858-4723-afdc-294aca37ffad,01,LOT-0001,0,selec-w,,,,,,,,,
b37b8634-91f0-43a1-9a0b-524aae0ee02e,01,LOT-0000,0,,,,,,,,,,
b01a3281-c302-440d-aa3a-0b3d7b665cea,01,LOT-0001,0,selec-w,,,,,,,,,
1799fd7d-d455-45ec-84b3-f267bdf5d0e2,01,LOT-0001,0,,,,,,,,,,
b502151c-0762-47f1-9b93-a51f389045d2,01,LOT-0000,0,selec-w,,,,,,,,,
68395e6d-ee88-4b84-b477-68e4396c6059,01,LOT-0001,0,,,,,,,,,,
b77e9652-6802-4103-a4e1-af42fab8cb9d,01,LOT-0000,0,,,,,,,,,,
52f6371b-39cc-4ec2-8721-e0b6e4e41699,01,LOT-0001,0,selec-w,,,,,,368910.52,EUR,671226.78,EUR
03e2ee12-213d-4a93-9e86-fa369290166f,01,LOT-0000,0,selec-w,,,,,,,,,
dee2c291-4257-440e-99c7-cdfab455b60a,01,LOT-0001,0,selec-w,,,,,,460170.66,EUR,581085.97,EUR
dee2c291-4257-440e-99c7-cdfab455b60a,01,LOT-0002,1,selec-w,,,,,,284280.76,EUR,354492.61,EUR
dee2c291-4257-440e-99c7-cdfab455b60a,01,LOT-0003,2,selec-w,,,,,,841913.55,EUR,2132556.11,EUR
bdf2df03-ecca-4e4a-834a-8c169022bab7,01,LOT-0000,0,,,,,,,,,,
7005d76c-7d7c-4ac2-aad2-e48d7745a287,01,LOT-0001,0,selec-w,,,,,,5926611.55,EUR,8279914.06,EUR
2446e1a7-8dc7-4593-b2d7-3260e7e86389,01,LOT-0000,0,selec-w,,,,,,,,,
3de46702-3005-4272-9212-60a743a822bf,01,LOT-0001,0,selec-w,,,,,,254800.00,EUR,302722.60,EUR
3de46702-3005-4272-9212-60a743a822bf,01,LOT-0002,1,selec-w,,,,,,184286.40,EUR,187007.80,EUR
dfd696de-b38c-4233-9db9-86a8b768feb4,01,LOT-0000,0,selec-w,,,,,,,,,
5e5c519f-e67b-43bd-aff3-fb2f08bf4814,01,LOT-0000,0,selec-w,,,,,,,,,
5a91aec9-aee6-4c00-809a-5ac8845a61ec,01,LOT-0000,0,selec-w,,,,,,,,,
1b4499e0-c0e0-4052-976b-908f05d646fa,01,LOT-0000,0,selec-w,,471000,EUR,428000,EUR,428000,EUR,471000,EUR
7844bb7e-551c-4b80-8e27-efa3b24aeb75,01,LOT-0001,0,selec-w,,66000,EUR,,,339715.00,EUR,462145.00,EUR
7844bb7e-551c-4b80-8e27-efa3b24aeb75,01,LOT-0002,1,selec-w,,900000,EUR,,,356100.00,EUR,441095.00,EUR
7844bb7e-551c-4b80-8e27-efa3b24aeb75,01,LOT-0003,2,selec-w,,300000,EUR,,,57206.00,EUR,84120.00,EUR
d80782ed-7a0d-4d7b-9d1b-76c7cfbc136d,01,LOT-0001,0,selec-w,,,,,,,,,
ec4d8be1-1960-40c4-976d-87eb381e9f1e,01,LOT-0000,0,selec-w,,,,,,,,,
6c6fd5da-2d81-4cd1-9b7a-4f9af163c766,01,LOT-0000,0,,,,,,,,,,
b9edd57c-869d-46a1-9b2f-e4d784c599f8,01,LOT-0000,0,,,,,,,,,,
cc0b1993-24c7-49b8-965b-2d87b7d6b61f,01,LOT-0001,0,selec-w,,,,,,,,,
cc0b1993-24c7-49b8-965b-2d87b7d6b61f,01,LOT-0002,1,selec-w,,,,,,,,,
7d420b5a-d751-4e71-8250-e817a7c35bc9,01,LOT-0001,0,selec-w,,,,,,172642.65,EUR,318512.00,EUR
de46f8cc-3e1b-45a8-a1fb-b0c56e7a468d,01,LOT-0000,0,selec-w,,,,,,,,,
0f40a536-3868-4c78-8710-e1a04df5dfdc,01,LOT-0001,0,selec-w,,,,,,,,,
acb8340a-bc54-4982-bae7-7945179d4c5e,02,LOT-0001,0,selec-w,,,,,,,,,
8b68c9cd-becc-4aae-b266-0d8fd532adde,02,LOT-0001,0,selec-w,,,,,,,,,
169c17c4-4961-4faf-b265-cf241ade7b03,02,LOT-0001,0,selec-w,,,,,,,,,
8abc6569-ea2c-47c4-9535-5f7d00210f64,02,LOT-0001,0,selec-w,,,,,,,,,
8abc6569-ea2c-47c4-9535-5f7d00210f64,02,LOT-0002,1,selec-w,,,,,,,,,
ebf0316c-dc1d-4aff-9f0c-9601ef0834b6,02,LOT-0001,0,selec-w,,,,,,,,,
9a8868e4-d7bb-4015-8909-1bf3484af77f,01,LOT-0001,0,,,,,,,,,,
10ab646d-012a-4acd-9d41-d2d5927addbb,01,LOT-0001,0,selec-w,,,,,,,,,
91690441-2088-4e96-99df-2b8ad32e5a1b,01,LOT-0001,0,,,,,,,,,,
ee3a9d8e-fe1e-4949-9e4a-4e9c190918de,01,LOT-0001,0,selec-w,,,,,,,,,
ee3a9d8e-fe1e-4949-9e4a-4e9c190918de,01,LOT-0002,1,selec-w,,,,,,,,,
6626a339-d511-4a4c-b0a7-54a84a14e72e,01,LOT-0000,0,clos-nw,all-rej,,,,,,,,
e7ffd4a2-72f0-4c60-b831-c4b32143062c,01,LOT-0000,0,,,,,,,,,,
9affc1f7-f387-4b6c-b221-a24ee46c41c6,01,LOT-0001,0,,,,,,,,,,
d28f5c90-99bc-44f6-ab7f-b559d95655ec,01,LOT-0000,0,,,,,,,,,,
0ef9519d-3c29-4818-a4de-74d9d2fafdd5,01,LOT-0001,0,selec-w,,,,,,,,,
d6edcf37-85e7-4c5d-aadd-631777267c50,01,LOT-0001,0,,,,,,,,,,
afd9f95e-cfc5-4aa3-9657-683dc982242e,01,LOT-0001,0,,,,,,,,,,
bd789d45-0e90-47dc-bc95-938462f0599d,01,LOT-0001,0,selec-w,,,,,,,,,
bd789d45-0e90-47dc-bc95-938462f0599d,01,LOT-0002,1,selec-w,,,,,,,,,
bd789d45-0e90-47dc-bc95-938462f0599d,01,LOT-0003,2,selec-w,,,,,,,,,
bd789d45-0e90-47dc-bc95-938462f0599d,01,LOT-0004,3,selec-w,,,,,,,,,
c14fa2a8-76dc-437b-bf6c-bd43c83bb3c9,01,LOT-0001,0,selec-w,,,,,,1294914.90,EUR,2039773.00,EUR
f313e41a-4633-4ba7-b1be-e4a4adc5eb12,01,LOT-0001,0,selec-w,,,,,,143996.36,EUR,316379.93,EUR
77dd412a-f4af-4b1f-bc1b-77bcaf09e031,01,LOT-0001,0,,,,,,,,,,
f67484c6-0ea9-45ec-98f4-f1afe4c46ecf,01,LOT-0001,0,selec-w,,,,,,279985.70,EUR,480947.85,EUR
f67484c6-0ea9-45ec-98f4-f1afe4c46ecf,01,LOT-0002,1,selec-w,,,,,,0.00,EUR,48840.00,EUR
43f1eed3-92c4-4888-a2ae-b1de0485dec9,01,LOT-0001,0,selec-w,,,,,,,,,
43f1eed3-92c4-4888-a2ae-b1de0485dec9,01,LOT-0002,1,selec-w,,,,,,,,,
cba98c7f-e41f-4ab9-81b8-7a3319fc583a,01,LOT-0000,0,,,,,,,,,,
43e6cc1d-3b21-45dd-9238-1a0c606cbdac,01,LOT-0001,0,selec-w,,,,,,,,,
6f3b35b2-71c9-4abb-a5de-426cf16e85d8,01,LOT-0000,0,,,,,,,,,,
7ee8c71e-6e5c-48b4-bbd0-68c027e3724d,01,LOT-0001,0,selec-w,,,,,,,,,
2339bde4-829b-43aa-b216-c75c2496c85f,01,LOT-0001,0,selec-w,,,,,,245803.46,EUR,363854.84,EUR
f543cff6-5e02-459b-9d43-6a78f2f61da8,01,LOT-0001,0,selec-w,,6260.63,EUR,,,,,,
fddd9d32-d79e-4c0e-b40e-8d14b7ca2629,01,LOT-0000,0,selec-w,,,,,,,,,
d4619e7b-8b9e-4a4f-a8e2-fa3fbe3dcb44,01,LOT-0000,0,selec-w,,,,,,,,,
7b584af3-cd7a-4fa9-be87-2fa6755c77f4,01,LOT-0001,0,selec-w,,,,,,209603.60,EUR,228913.81,EUR
c4e11c05-c40c-401c-b0f0-a479f42067b7,01,LOT-0001,0,selec-w,,,,,,364389.00,EUR,440750.00,EUR
193c6052-b39c-4044-9fec-9669ee69dfd8,01,LOT-0000,0,selec-w,,,,,,,,,
3c3b2519-5588-45d3-a0ca-9d0e5dada4ce,01,LOT-0000,0,selec-w,,,,,,,,,
8bc44cd7-7b10-4f1d-84b6-c2b84c99bd77,01,LOT-0000,0,selec-w,,,,540176.00,EUR,,,,
39451e83-34bc-4104-841d-204bcaf0bfb1,01,LOT-0001,0,selec-w,,,,,,,,,
08738828-2406-4dee-b294-31c6c16f7568,01,LOT-0001,0,selec-w,,,,,,,,,
08738828-2406-4dee-b294-31c6c16f7568,01,LOT-0002,1,selec-w,,,,,,,,,
08738828-2406-4dee-b294-31c6c16f7568,01,LOT-0003,2,selec-w,,,,,,,,,
08738828-2406-4dee-b294-31c6c16f7568,01,LOT-0004,3,selec-w,,,,,,,,,
08738828-2406-4dee-b294-31c6c16f7568,01,LOT-0005,4,selec-w,,,,,,,,,
fffa5d0a-0257-4e98-b6e8-6a182061357d,01,LOT-0001,0,selec-w,,,,,,3945474.24,EUR,5251144.26,EUR
ca24ac0c-3c27-491e-a1e7-908958fd804d,01,LOT-0001,0,selec-w,,,,,,277500.00,EUR,286400.00,EUR
f38209f9-e539-4f4b-a401-83eb750ae9df,01,LOT-0001,0,selec-w,,,,,,0.01,EUR,0.01,EUR
0430fc54-6625-452c-aaf0-0a8cbd97d010,01,LOT-0001,0,,,,,,,,,,
da4582b1-8a28-481e-83a6-878d3f239556,01,LOT-0001,0,,,,,,,,,,
47e9847c-09f7-46c9-8624-15b5de8a8f62,01,LOT-0001,0,selec-w,,,,,,,,,
47e9847c-09f7-46c9-8624-15b5de8a8f62,01,LOT-0002,1,selec-w,,,,,,,,,
e6363aeb-0f90-4733-b245-4001b55ec7e6,01,LOT-0001,0,,,,,,,,,,
8ddab506-cf1b-4137-8c4e-d9def6330a29,01,LOT-0000,0,,,,,,,,,,
e2adf39c-21d6-4694-b513-9f76df32f968,01,LOT-0000,0,selec-w,,,,,,,,,
dbcf653b-8029-4098-a109-9b62fa738deb,01,LOT-0000,0,selec-w,,,,,,,,,
d18415b2-37c4-4bb8-bca6-73e36fa44adf,01,LOT-0001,0,selec-w,,,,,,77664.70,EUR,120546.10,EUR
763c3a53-9692-49bb-add0-43db1fd0f91d,01,LOT-0001,0,selec-w,,,,,,,,,
6b0f4674-e061-4675-a513-14d54862e182,01,LOT-0001,0,selec-w,,,,,,99629.72,EUR,290602.00,EUR
95906661-a883-4219-9c5f-e89d254ce70b,01,LOT-0001,0,,,,,,,,,,
f9402825-f213-40c8-8453-1ad29277d8f7,01,LOT-0000,0,selec-w,,,,,,,,,
8af347ed-e0b4-414f-8662-44a1be1556e0,01,LOT-0001,0,selec-w,,,,,,57887.50,EUR,116703.20,EUR
20133507-4613-4ebd-95da-8a2f57f0d895,01,LOT-0001,0,clos-nw,other,,,,,,,,
638de82a-f853-4b99-b7f6-276f72d8f122,01,LOT-0001,0,selec-w,,,,,,,,,
dd8c3ec5-5ab2-46cc-b703-5ad9f5ae6000,01,LOT-0001,0,selec-w,,,,,,,,,
a72e859e-1800-4833-813a-9247ffdf31e7,01,LOT-0001,0,selec-w,,6591200.00,EUR,,,,,,
49715446-c1da-4691-9ef4-4f898af7c008,01,LOT-0000,0,selec-w,,,,,,,,,
4c8b8d25-5ca8-4a24-af95-19a6f5a0b651,01,LOT-0000,0,selec-w,,,,,,,,,
48ad93c1-a5ef-48ec-b699-689d0bc29a11,01,LOT-0001,0,selec-w,,,,,,,,,
8eece87c-c8ed-4c58-8424-4bfc2e480153,01,LOT-0001,0,selec-w,,,,,,,,,
a01b6767-8cce-49dc-b347-29b2254182ba,01,LOT-0001,0,selec-w,,1001.00,EUR,,,1001.00,EUR,1001.00,EUR
a01b6767-8cce-49dc-b347-29b2254182ba,01,LOT-0002,1,selec-w,,1001.00,EUR,,,1001.00,EUR,1001.00,EUR
a01b6767-8cce-49dc-b347-29b2254182ba,01,LOT-0003,2,selec-w,,1001.00,EUR,,,1001.00,EUR,1001.00,EUR
ea0e049a-a32c-4310-aeb3-6f1f61ea8b6c,01,LOT-0001,0,,,,,,,,,,
443b1f65-33e9-470e-a0d4-bdfbe75a3894,01,LOT-0001,0,clos-nw,no-rece,,,,,,,,
443b1f65-33e9-470e-a0d4-bdfbe75a3894,01,LOT-0002,1,clos-nw,no-rece,,,,,,,,
58eb916b-42e7-4bae-a968-f2441fbbdf8e,01,LOT-0001,0,selec-w,,,,,,1995001.63,EUR,1995001.63,EUR
5b4b6b5d-0392-497a-9434-6a4c80f1c9ed,01,LOT-0000,0,selec-w,,,,,,,,,
6567e7d7-a73f-4743-95cc-1d79924e3da6,01,LOT-0001,0,,,,,,,,,,
455f167a-a4f5-4731-9358-f35e7a72bbd8,01,LOT-0001,0,selec-w,,,,,,,,,
d2d48dc2-f531-4bcd-999c-62b90579b79f,01,LOT-0001,0,selec-w,,,,,,,,,
d2d48dc2-f531-4bcd-999c-62b90579b79f,01,LOT-0002,1,selec-w,,,,,,,,,
d2d48dc2-f531-4bcd-999c-62b90579b79f,01,LOT-0003,2,selec-w,,,,,,,,,
d2d48dc2-f531-4bcd-999c-62b90579b79f,01,LOT-0004,3,selec-w,,,,,,,,,
5bb66845-fee5-49e6-b2c8-f3077fa3ed32,01,LOT-0001,0,selec-w,,8250112.00,EUR,,,,,,
5efadda4-49d5-4acd-b026-868aa4239f3f,01,LOT-0001,0,selec-w,,,,,,259300.00,EUR,294200.00,EUR
2ab32f0d-71a0-48ea-b7ce-574864ea9f96,01,LOT-0001,0,selec-w,,6260.63,EUR,,,,,,
19567368-13c7-4717-8adf-135ddae9aea6,01,LOT-0001,0,,,,,,,,,,
a6cbee04-9b79-44b1-bc02-954157bf1acc,01,LOT-0001,0,selec-w,,,,,,,,,
325cac3c-ba5f-4058-8524-ec5a6b5562c7,01,LOT-0001,0,,,,,,,,,,
4466d3d1-354c-4dfd-80f1-470c81110cc7,01,LOT-0001,0,selec-w,,,,,,156440.00,EUR,251551.30,EUR
a450274a-fe7c-4dc9-99e0-a78b2904e3dd,01,LOT-0001,0,,,,,,,,,,
d9ab1893-476e-41db-ad82-62adfc75f439,01,LOT-0000,0,selec-w,,,,,,,,,
1cbc2be9-77e9-4ffa-9a20-800fad6e93c3,01,LOT-0000,0,selec-w,,,,,,,,,
a5a8d359-ffca-4d30-8c7f-1be5e578381a,01,LOT-0000,0,selec-w,,,,,,,,,
cbc38ace-ae5a-48fb-826f-0e56e65dcf44,01,LOT-0000,0,selec-w,,,,,,,,,
cc2d829a-34b8-48aa-a872-94a33787ac01,01,LOT-0001,0,clos-nw,chan-need,,,,,,,,
af662d6d-6dd9-47a9-b947-69930e5be98a,01,LOT-0001,0,selec-w,,,,,,110663.00,EUR,247480.00,EUR
76a4abec-70c6-4ed9-84f2-9cc496ac0c8d,01,LOT-0001,0,selec-w,,,,,,,,,
b8ee89a5-dff2-4f48-8e18-3179c15c7176,01,LOT-0000,0,selec-w,,,,,,,,,
508ca28a-585d-4af7-ae3e-01f3b25617b3,01,LOT-0001,0,selec-w,,,,,,,,,
508ca28a-585d-4af7-ae3e-01f3b25617b3,01,LOT-0002,1,selec-w,,,,,,,,,
b96be751-fb7a-4b0e-8c51-95cf2f0b6932,01,LOT-0001,0,clos-nw,chan-need,,,,,,,,
2cffc857-8981-4b4c-b243-57cfade63ceb,01,LOT-0000,0,selec-w,,,,,,,,,
f439fc31-d3e0-4ed6-b2be-171c7602f2de,01,LOT-0001,0,selec-w,,,,,,203317.76,EUR,279414.46,EUR
1ab5d1a7-fe8d-419a-9db7-79d39fe0c7e2,01,LOT-0000,0,selec-w,,,,,,,,,
ff2104f9-1865-47f2-9eb6-492ec5350a0f,01,LOT-0000,0,selec-w,,,,,,,,,
c9741f16-aea4-4b1f-905d-999a6eff6661,01,LOT-0001,0,selec-w,,,,,,38563.03,EUR,43567.47,EUR
c9741f16-aea4-4b1f-905d-999a6eff6661,01,LOT-0002,1,selec-w,,,,,,44109.25,EUR,47000.00,EUR
c9741f16-aea4-4b1f-905d-999a6eff6661,01,LOT-0003,2,selec-w,,,,,,39655.47,EUR,44672.97,EUR
c9741f16-aea4-4b1f-905d-999a6eff6661,01,LOT-0004,3,selec-w,,,,,,39655.47,EUR,44672.97,EUR
c9741f16-aea4-4b1f-905d-999a6eff6661,01,LOT-0005,4,selec-w,,,,,,44697.48,EUR,48250.00,EUR
4c0e180b-bc9a-43e6-bac7-35fc4082df54,01,LOT-0001,0,,,,,,,,,,
ce81ab80-ec22-4e38-96c7-a762aaf4761a,01,LOT-0000,0,selec-w,,,,,,645649.59,EUR,707546.00,EUR
154276a1-4b77-4421-affc-870c5617d15b,01,LOT-0000,0,selec-w,,,,,,,,,
8bb86434-f323-438c-b410-688eea1e9382,01,LOT-0000,0,selec-w,,,,,,,,,
b225ac0d-7f96-4f8c-b700-3633e085621c,01,LOT-0000,0,selec-w,,,,,,,,,
01a08a75-f5eb-4e4c-83c5-60b164ebe35b,01,LOT-0008,0,selec-w,,,,,,,,,
01a08a75-f5eb-4e4c-83c5-60b164ebe35b,01,LOT-0009,1,selec-w,,,,,,,,,
01a08a75-f5eb-4e4c-83c5-60b164ebe35b,01,LOT-0011,2,selec-w,,,,,,,,,
01a08a75-f5eb-4e4c-83c5-60b164ebe35b,01,LOT-0012,3,selec-w,,,,,,,,,
01a08a75-f5eb-4e4c-83c5-60b164ebe35b,01,LOT-0013,4,selec-w,,,,,,,,,
01a08a75-f5eb-4e4c-83c5-60b164ebe35b,01,LOT-0017,5,selec-w,,,,,,,,,
e79bb7f2-a797-4169-abb8-05686d80f70c,01,LOT-0000,0,selec-w,,,,,,,,,
9fab6856-357f-44cb-a8f7-1b3a015751da,01,LOT-0000,0,selec-w,,,,,,,,,
1bc79d4d-4082-437e-9e3a-1e7a5bfcbe89,01,LOT-0001,0,selec-w,,,,,,,,,
ea6b8124-9d3e-47b1-8200-425ac8a738d0,01,LOT-0001,0,selec-w,,,,,,,,,
cf7fd649-8c6c-4db7-aeaa-8b6adf173b11,01,LOT-0000,0,clos-nw,chan-need,,,,,,,,
069f2e57-7452-4eec-8c81-59e0faf49d5e,01,LOT-0001,0,clos-nw,chan-need,,,,,,,,
c1fccf1b-9a52-4960-a3e3-1066df557382,01,LOT-0001,0,selec-w,,,,,,290528.24,EUR,354007.74,EUR
26f1848e-d8d5-4ae3-8b0c-6dca3e4bee79,01,LOT-0001,0,,,,,,,,,,
0d06762e-e42a-44c3-96ef-618a5fa055fd,01,LOT-0001,0,selec-w,,,,,,160971.26,EUR,160971.26,EUR
0d06762e-e42a-44c3-96ef-618a5fa055fd,01,LOT-0002,1,clos-nw,chan-need,,,,,,,,
56833ea5-58df-41b1-8b93-69c32e3b776d,01,LOT-0001,0,,,,,,,,,,
89f97a08-7e7c-47ff-a36b-8cf22b175cac,01,LOT-0001,0,,,,,,,,,,
255a6420-e1db-4b4a-bd00-02847c49b7bd,01,LOT-0000,0,clos-nw,no-rece,,,,,,,,
fef55906-ff0b-49ed-baed-06312268141a,01,LOT-0001,0,selec-w,,,,,,,,,
6a072c36-ff4e-4e01-9d2f-c3849aff79cd,01,LOT-0001,0,,,,,,,,,,
ea8f1a43-9513-41a0-8a4d-0cd582862db3,01,LOT-0001,0,selec-w,,,,,,0,EUR,0,EUR
ea399951-3dbe-4ef5-bed6-49aca30291ac,01,LOT-0000,0,clos-nw,other,,,,,,,,
d54ec781-962f-409c-a82b-f09e4e169ca3,01,LOT-0001,0,selec-w,,,,,,96503.00,EUR,115740.00,EUR
232a86f2-44bc-4701-b740-2c7275873a1f,01,LOT-0001,0,selec-w,,,,,,,,,
232a86f2-44bc-4701-b740-2c7275873a1f,01,LOT-0002,1,selec-w,,,,,,,,,
232a86f2-44bc-4701-b740-2c7275873a1f,01,LOT-0003,2,selec-w,,,,,,,,,
232a86f2-44bc-4701-b740-2c7275873a1f,01,LOT-0004,3,selec-w,,,,,,,,,
232a86f2-44bc-4701-b740-2c7275873a1f,01,LOT-0005,4,selec-w,,,,,,,,,
232a86f2-44bc-4701-b740-2c7275873a1f,01,LOT-0006,5,selec-w,,,,,,,,,
57ece606-117a-426d-a888-4af660b56f3e,01,LOT-0000,0,selec-w,,,,,,,,,
29c7ca20-b67c-40b2-87ac-9686db66acaa,01,LOT-0000,0,selec-w,,,,,,,,,
f0c5d53b-9cb6-47fe-9daf-310dfde71f38,01,LOT-0000,0,selec-w,,,,,,,,,
5b6d92e9-a4ab-4d47-90c0-342cc5774de2,01,LOT-0001,0,selec-w,,,,,,,,,
aac2dd05-c839-4c68-baeb-784225a7c0be,01,LOT-0001,0,,,,,,,,,,
56123ce9-7570-44f8-898c-ccbf61ddfdba,01,LOT-0001,0,selec-w,,,,,,,,,
56123ce9-7570-44f8-898c-ccbf61ddfdba,01,LOT-0002,1,selec-w,,,,,,,,,
a4cd7a04-bb82-447d-80ff-207898189a11,01,LOT-0000,0,selec-w,,,,,,,,,
3747dc6f-9c33-4dc6-83af-6504813c09b1,01,LOT-0001,0,,,,,,,,,,
3446a559-15f9-491b-8476-6d32e4154c93,01,LOT-0001,0,selec-w,,,,,,208567.00,EUR,208567.00,EUR
1e8e8e86-5c2f-497f-9865-460e2e1cb375,01,LOT-0001,0,,,,,,,,,,
a00511c6-9a64-4118-811c-0f238982651a,01,LOT-0001,0,,,,,,,,,,
381fc019-557a-4388-a9a4-a8e7afcb1741,01,LOT-0001,0,selec-w,,,,,,,,,
fad97142-b443-4bd9-b7aa-c486345187b3,01,LOT-0000,0,selec-w,,,,,,,,,
db18829c-a80e-45d8-bacf-cf1745f3b6d5,01,LOT-0001,0,,,,,,,,,,
51971ae6-9e49-4e37-ae18-5812dd49561d,01,LOT-0000,0,selec-w,,,,,,,,,
54760ccf-db92-421d-bbc0-d3a3052c6575,01,LOT-0001,0,,,,,,,,,,
f51cf9c9-f534-4b55-b11e-79c7e00fc1b2,01,LOT-0001,0,selec-w,,3279989.00,EUR,,,,,,
29715cba-4b1c-4a79-a013-53b23c164720,01,LOT-0001,0,selec-w,,,,,,,,,
1c27c316-9b14-4594-907e-d95f38ed204e,01,LOT-0000,0,selec-w,,,,,,,,,
2f19d346-0db3-412c-b8a2-9dd0c007b0a8,01,LOT-0001,0,selec-w,,,,,,,,,
2f19d346-0db3-412c-b8a2-9dd0c007b0a8,01,LOT-0002,1,selec-w,,,,,,,,,
2f19d346-0db3-412c-b8a2-9dd0c007b0a8,01,LOT-0003,2,selec-w,,,,,,,,,
2f19d346-0db3-412c-b8a2-9dd0c007b0a8,01,LOT-0004,3,selec-w,,,,,,,,,
6db5929d-a517-43ed-9fe9-fb670fd9e694,01,LOT-0001,0,selec-w,,,,,,,,,
7dbb6c22-daf6-4e56-946f-922a05548229,01,LOT-0001,0,selec-w,,,,,,135198.00,EUR,183088.75,EUR
ec83e767-8a08-4384-b1f9-7c970236efa0,01,LOT-0001,0,selec-w,,,,,,1182620.67,EUR,1475211.36,EUR
6eed375a-5cb3-4ea3-8c0e-467f90e25ca1,01,LOT-0000,0,,,,,,,,,,
80675cc9-565a-4b93-816d-55b5930a0bb8,01,LOT-0001,0,selec-w,,,,,,,,,
79800511-1d4b-4ad3-8c60-fd255ab125b3,01,LOT-0001,0,selec-w,,,,,,,,,
d31e5a38-d43a-4547-8973-c3590bacd62e,01,LOT-0001,0,selec-w,,,,,,198150.00,EUR,198150.00,EUR
d31e5a38-d43a-4547-8973-c3590bacd62e,01,LOT-0002,1,selec-w,,,,,,15526.25,EUR,15526.25,EUR
b64ce675-d41d-4740-be94-e6472a525ea9,01,LOT-0001,0,,,,,,,,,,
ad9eaa7a-3247-485c-859d-ec19a1263c6b,01,LOT-0001,0,selec-w,,9388.52,EUR,,,,,,
830c6da5-b6b1-4631-a98e-1f52d628be32,01,LOT-0001,0,selec-w,,,,,,165469.10,EUR,303066.37,EUR
6726f720-afb1-4713-9d79-16afcdf8bc54,01,LOT-0000,0,selec-w,,,,,,,,,
bf0fdfde-8f62-4b1a-a947-5a92338c95b6,01,LOT-0000,0,selec-w,,,,,,,,,
a7170bc7-df89-4c34-ad0c-377bea21c268,01,LOT-0001,0,,,,,,,,,,
c92fe955-e074-45e2-b270-ab63af8a6e30,01,LOT-0001,0,selec-w,,,,,,31631.00,EUR,39485.00,EUR
ec07ce3b-6024-4d6e-b732-6f5218b332b4,02,LOT-0001,0,selec-w,,,,,,,,,
2e39367e-8a41-4431-a32e-ad0a284f236e,02,LOT-0001,0,clos-nw,all-rej,,,,,,,,
c3c3c991-ddef-4be9-8019-79e0977619b1,01,LOT-0001,0,selec-w,,,,,,,,,
8a5794f3-558e-4156-86a7-1950acb1d1e6,01,LOT-0000,0,selec-w,,,,,,,,,
ac66cbd7-4e75-4d04-a276-96c26831c4b1,01,LOT-0001,0,,,,,,,,,,
01a0a4d3-42d3-44f0-b13d-d8b56e99fc69,01,LOT-0001,0,clos-nw,no-rece,,,,,,,,
