noticeIdentifier,noticeVersion,lotIdentifier,tenderValidityDeadline,tenderValidityDeadlineUnit,guaranteeRequired,publicOpeningDate
c5ef3499-a4b9-47ec-bc70-26f11a16f0c3,01,LOT-0000,60.0,DAY,True,2026-09-28 09:00:00+00:00
3c8225a9-791b-49f1-b08d-a65ecfcb0076,01,LOT-0000,,,,
c69749e4-68cc-4d41-aabc-ab5cf295998f,1,LOT-0000,,,False,
7b083735-d2fe-4149-b920-ca6a524868e3,1,LOT-0000,,,True,
62017582-b322-43ba-b234-99c6d10e7cde,1,LOT-0000,,,True,
8168d760-e364-4120-9df0-b30c308f22c7,1,LOT-0000,,,True,
f9f456db-7d9a-4aa3-bb60-6dced2f58bcf,01,LOT-0000,,,,
3aa224f3-9873-4526-9c23-7271cf89efd8,01,LOT-0001,,,,
ca6a9d29-4645-4b9f-9cbf-ec837f1587f9,01,LOT-0000,59.0,DAY,,2026-10-16 06:00:00+00:00
1fddcaa3-767c-4634-bea9-8c172601ff9e,01,LOT-0001,60.0,DAY,,2026-10-15 08:30:00+00:00
041a3b4a-d1d4-4009-9dcc-6ff36b793ef3,01,LOT-0001,56.0,DAY,True,2026-10-15 08:00:00+00:00
6bf5b4f6-4a92-47f9-bc92-0d3e550a2fe2,01,LOT-0000,42.0,DAY,,2026-10-20 10:00:00+00:00
69e0360e-ef46-4cfc-93dc-c2f1a34d1292,01,LOT-0001,99.0,DAY,False,
008f59f2-eb85-4cae-abb1-fc517ee97374,01,LOT-0001,52.0,DAY,,2026-09-24 11:30:00+00:00
a530858f-6d25-4f15-85a0-5947d0f21719,01,LOT-0001,60.0,DAY,True,2026-10-12 07:00:00+00:00
298f0d7c-fb8d-4be7-8010-aa46e2328aed,01,LOT-0001,98.0,DAY,False,2026-09-24 08:00:00+00:00
5b3d9c41-6b95-444b-951c-01eecb8f850e,01,LOT-0001,,,,
7520388b-9b97-457f-90b9-f475ba5e4f0d,01,LOT-0001,,,,
e6f5cf35-ea68-40a6-b4e7-9cda0aa4174b,01,LOT-0001,60.0,DAY,,2026-10-15 08:30:00+00:00
bd27ea21-4be0-43b2-ade5-0789e54cbaee,01,LOT-0001,,,False,
307bbb8e-7821-42e3-bebc-c5ce607d6d58,01,LOT-0001,30.0,DAY,,2026-11-04 09:00:00+00:00
5bf0da81-04b4-4540-a2a1-fa832e81b42d,01,LOT-0000,42.0,DAY,,2026-10-20 09:30:00+00:00
c99ad21f-5df0-4684-8d10-23135c1e8b85,01,LOT-0001,,,,
c99ad21f-5df0-4684-8d10-23135c1e8b85,01,LOT-0002,,,,
c99ad21f-5df0-4684-8d10-23135c1e8b85,01,LOT-0003,,,,
c99ad21f-5df0-4684-8d10-23135c1e8b85,01,LOT-0004,,,,
c99ad21f-5df0-4684-8d10-23135c1e8b85,01,LOT-0005,,,,
381330e9-a9a0-4bc7-a13c-dcca11451662,01,LOT-0001,,,,
fcd29cc5-5683-4216-98b9-bce47074c29b,01,LOT-0000,60.0,DAY,,2026-10-20 09:00:00+00:00
55e88b1c-8f87-4059-a5e7-b883f368db49,01,LOT-0001,2.0,MONTH,False,
50fa43f2-fdd1-496b-92b0-37c5682c5e27,01,LOT-0001,,,,
c321c95c-20c6-4bbc-827b-02d8b709daea,01,LOT-0001,46.0,DAY,False,
80a70f68-a454-456f-b5ea-c7d81027ef8b,01,LOT-0000,73.0,DAY,,2026-10-26 09:00:00+00:00
bef6cc00-924a-4e51-a18e-0439bd51379d,01,LOT-0001,,,,
bef6cc00-924a-4e51-a18e-0439bd51379d,01,LOT-0002,,,,
a1ee4560-73ee-44ca-879c-b81b4a3e500b,01,LOT-0001,72.0,DAY,,
a1ee4560-73ee-44ca-879c-b81b4a3e500b,01,LOT-0002,72.0,DAY,,
e336f93b-93c1-488d-ab33-497cd88996cf,01,LOT-0001,60.0,DAY,False,2026-10-15 06:30:00+00:00
deebdf92-64cc-4802-981c-de0c3eef80e2,01,LOT-0000,,,,
975a9fd6-729e-45a6-b6e0-5042d1b52752,01,LOT-0001,,,,
907f675f-60c4-4f5c-a630-1b14f3ce81f7,01,LOT-0001,47.0,DAY,False,2026-10-14 08:00:00+00:00
6a370408-13db-4e37-84b8-9a80e96a5610,01,LOT-0000,,,,
c9c6916d-697f-4b01-b55a-5cb570bbc304,01,LOT-0000,,,,
d915e6fc-98f1-4026-b89a-ca71511550d7,01,LOT-0001,35.0,DAY,,2026-07-03 08:00:00+00:00
d915e6fc-98f1-4026-b89a-ca71511550d7,01,LOT-0002,74.0,DAY,,2026-10-12 08:00:00+00:00
7b607828-d2b7-4030-b1f8-ccfa850420c5,01,LOT-0000,44.0,DAY,False,2026-10-14 08:00:00+00:00
de166c56-23c7-4c31-9f0e-9846fb8ea264,01,LOT-0000,,,,
05406422-b01c-4501-81f5-f3a35c83851f,01,LOT-0001,,,,
32a921fc-6099-482a-b50f-05bab94d8660,01,LOT-0001,,,,
671a062d-0e72-4040-807f-446ce257be29,01,LOT-0001,,,,
b8d6782f-fde0-4efd-88f2-7be05e488c82,01,LOT-0000,3.0,MONTH,,
01a0a017-b599-47f5-bb96-ad3a5279dfb2,01,LOT-0001,55.0,DAY,,
13749400-50bc-453b-af41-538d48435248,01,LOT-0001,,,True,
d944448a-9232-41c7-b2a5-5ba1ef6b0c51,01,LOT-0001,,,,
d944448a-9232-41c7-b2a5-5ba1ef6b0c51,01,LOT-0002,,,,
46665f56-3961-43b7-9815-fee8452fef01,01,LOT-0001,3.0,MONTH,False,2026-10-19 10:05:00+00:00
515eea47-64b4-43a9-b2b1-fdb7d7895ef0,01,LOT-0001,,,,
441bf2d2-b2ab-4701-85af-025a1d352a34,01,LOT-0001,40.0,DAY,,2026-10-26 09:00:00+00:00
5872a17b-44fb-4261-96de-d8513acb1c67,01,LOT-0001,60.0,DAY,False,2026-10-20 10:15:00+00:00
1ac5b191-c43e-4f22-9002-0d527b55fcd2,01,LOT-0000,30.0,DAY,,2026-10-13 09:31:00+00:00
c04ac815-abf6-4327-b5a9-43ba95631cae,01,LOT-0001,,,,
a963e896-11ba-49ba-b2e8-8717d30a7a31,01,LOT-0000,,,,
4d11e71f-98dd-451f-b082-d5af534b3236,01,LOT-0001,,,,
93613bd8-3bcd-4118-bbce-f56adce48bb4,01,LOT-0000,2.0,MONTH,,2026-10-15 11:00:00+00:00
5bace31b-17d6-4672-a429-62870fd8e5a5,01,LOT-0001,40.0,DAY,,2026-10-20 07:00:00+00:00
5bace31b-17d6-4672-a429-62870fd8e5a5,01,LOT-0002,40.0,DAY,,2026-10-20 07:00:00+00:00
5bace31b-17d6-4672-a429-62870fd8e5a5,01,LOT-0003,40.0,DAY,,2026-10-20 07:00:00+00:00
5bace31b-17d6-4672-a429-62870fd8e5a5,01,LOT-0004,40.0,DAY,,2026-10-20 07:00:00+00:00
b6d328f5-cd55-4d41-9421-3734043c6787,01,LOT-0001,,,,
b6d328f5-cd55-4d41-9421-3734043c6787,01,LOT-0002,,,,
b6d328f5-cd55-4d41-9421-3734043c6787,01,LOT-0003,,,,
b6d328f5-cd55-4d41-9421-3734043c6787,01,LOT-0004,,,,
b6d328f5-cd55-4d41-9421-3734043c6787,01,LOT-0005,,,,
b6d328f5-cd55-4d41-9421-3734043c6787,01,LOT-0006,,,,
b6d328f5-cd55-4d41-9421-3734043c6787,01,LOT-0007,,,,
b6d328f5-cd55-4d41-9421-3734043c6787,01,LOT-0008,,,,
b6d328f5-cd55-4d41-9421-3734043c6787,01,LOT-0009,,,,
b6d328f5-cd55-4d41-9421-3734043c6787,01,LOT-0010,,,,
b6d328f5-cd55-4d41-9421-3734043c6787,01,LOT-0011,,,,
b6d328f5-cd55-4d41-9421-3734043c6787,01,LOT-0012,,,,
b6d328f5-cd55-4d41-9421-3734043c6787,01,LOT-0013,,,,
b6d328f5-cd55-4d41-9421-3734043c6787,01,LOT-0014,,,,
b6d328f5-cd55-4d41-9421-3734043c6787,01,LOT-0015,,,,
b6d328f5-cd55-4d41-9421-3734043c6787,01,LOT-0016,,,,
b6d328f5-cd55-4d41-9421-3734043c6787,01,LOT-0017,,,,
b6d328f5-cd55-4d41-9421-3734043c6787,01,LOT-0018,,,,
b6d328f5-cd55-4d41-9421-3734043c6787,01,LOT-0019,,,,
b6d328f5-cd55-4d41-9421-3734043c6787,01,LOT-0020,,,,
b6d328f5-cd55-4d41-9421-3734043c6787,01,LOT-0021,,,,
b6d328f5-cd55-4d41-9421-3734043c6787,01,LOT-0022,,,,
b6d328f5-cd55-4d41-9421-3734043c6787,01,LOT-0023,,,,
b6d328f5-cd55-4d41-9421-3734043c6787,01,LOT-0024,,,,
b6d328f5-cd55-4d41-9421-3734043c6787,01,LOT-0025,,,,
b6d328f5-cd55-4d41-9421-3734043c6787,01,LOT-0026,,,,
b6d328f5-cd55-4d41-9421-3734043c6787,01,LOT-0027,,,,
b6d328f5-cd55-4d41-9421-3734043c6787,01,LOT-0028,,,,
b6d328f5-cd55-4d41-9421-3734043c6787,01,LOT-0029,,,,
b6d328f5-cd55-4d41-9421-3734043c6787,01,LOT-0030,,,,
b6d328f5-cd55-4d41-9421-3734043c6787,01,LOT-0031,,,,
b6d328f5-cd55-4d41-9421-3734043c6787,01,LOT-0032,,,,
b6d328f5-cd55-4d41-9421-3734043c6787,01,LOT-0033,,,,
b6d328f5-cd55-4d41-9421-3734043c6787,01,LOT-0034,,,,
b6d328f5-cd55-4d41-9421-3734043c6787,01,LOT-0035,,,,
b6d328f5-cd55-4d41-9421-3734043c6787,01,LOT-0036,,,,
b6d328f5-cd55-4d41-9421-3734043c6787,01,LOT-0037,,,,
eca54e1b-066b-4624-9b25-52c469e4b387,01,LOT-0001,,,False,
2bbbdc07-fa5f-4af9-99a4-7b2e9248396f,01,LOT-0001,,,,
31817d6c-02a0-4088-8949-b5a7f9edc13e,01,LOT-0000,,,,
1604bfc0-df6f-4412-a9b8-6bbff0548131,01,LOT-0001,,,,
7a2bc9a7-8015-4b5e-b0de-841f3a78496b,01,LOT-0001,57.0,DAY,,2026-10-22 07:30:00+00:00
f1f4f430-22aa-4217-9c09-8d7d94a5516c,01,LOT-0001,,,False,
452cdf46-ea32-4091-af28-6a63ef8c9c74,01,LOT-0001,,,,
0154f570-03d0-4766-90ab-501c3e9c9727,01,LOT-0001,,,True,
e4ea949f-6d96-43b3-ba0f-8f48f6c8c175,01,LOT-0001,61.0,DAY,,2026-10-21 07:00:00+00:00
e4ea949f-6d96-43b3-ba0f-8f48f6c8c175,01,LOT-0002,61.0,DAY,,2026-10-21 07:00:00+00:00
e4ea949f-6d96-43b3-ba0f-8f48f6c8c175,01,LOT-0003,61.0,DAY,,2026-10-21 07:00:00+00:00
ea96b9d2-128d-4482-bda5-b62255a3569c,01,PAR-0001,,,,
d96a9962-729c-44a2-a060-f4fa4fa5caa6,01,LOT-0001,53.0,DAY,False,
e43bf811-04c1-4456-a92e-b8059fc60905,01,LOT-0000,55.0,DAY,,
c1bb7efc-f32e-4d8a-a28b-7c7768dba9c8,01,LOT-0001,,,,
bcfd3845-ebc1-44b8-9c34-c2d124b10fe7,01,LOT-0001,,,,
9a1b2062-053c-47dc-bc6c-b4cd4604c5f2,01,LOT-0001,60.0,DAY,,
2f51da30-ace1-438c-87f3-d453fea657eb,01,LOT-0001,44.0,DAY,,2026-10-14 08:30:00+00:00
89a419d8-3f95-4702-993f-d8beec8f6caa,01,LOT-0001,,,,
ddcd7ad8-87a6-4630-8e5c-2b280cfcc3dc,01,LOT-0000,60.0,DAY,,2026-10-16 08:00:00+00:00
f9130abe-6656-41ee-90e5-fa88244bc975,01,LOT-0001,,,,
f9130abe-6656-41ee-90e5-fa88244bc975,01,LOT-0002,,,,
f9130abe-6656-41ee-90e5-fa88244bc975,01,LOT-0003,,,,
f9130abe-6656-41ee-90e5-fa88244bc975,01,LOT-0004,,,,
0e1e53c6-2e9a-43e0-b379-157699a278b1,01,PAR-0000,,,,
99e8a48e-55be-4c76-b600-3777e7cba28e,01,LOT-0001,36.0,DAY,,2026-09-25 10:00:00+00:00
a32e0e5f-cbf6-4bc8-9fe1-c6a3af7ef5f3,01,LOT-0001,,,,
db17c97d-c656-41ab-a10b-25b187f9f62b,01,LOT-0001,,,False,
9a166902-52db-4456-b8e2-5fe3f2c51e39,01,LOT-0000,,,,
d108fbfa-8380-49ee-89d5-e5b47b1b8533,01,LOT-0001,46.0,DAY,,2026-10-15 10:00:00+00:00
c214e855-82c8-4204-94b5-4a8bc3c188b8,01,LOT-0001,60.0,DAY,True,2026-10-16 07:00:00+00:00
80fc2cde-cc93-4d94-8f2e-8a53c6c4a93c,01,LOT-0001,31.0,DAY,False,2026-10-15 08:30:00+00:00
80fc2cde-cc93-4d94-8f2e-8a53c6c4a93c,01,LOT-0002,31.0,DAY,False,2026-10-15 08:30:00+00:00
f2f288d1-4d81-4487-abf7-c6bd0c996e22,01,LOT-0001,,,,
d66220d5-2fb6-4e0a-b885-ebd544cee9e6,01,LOT-0001,64.0,DAY,,
00d958fa-1508-46e7-8b03-2e3cfab170a4,01,LOT-0001,,,False,
68799396-9c0b-41bc-84f6-3c646b99051e,01,LOT-0001,57.0,DAY,,2026-10-22 09:00:00+00:00
6c0e64fd-a181-465d-a3ad-b4585d2758dd,01,LOT-0001,,,,
172ae66a-09d6-41d6-aa39-f7a293f9a600,01,LOT-0000,60.0,DAY,,2026-10-22 07:10:00+00:00
f183c2f1-a1f6-4252-8ac6-5866d30c6ca4,01,LOT-0001,60.0,DAY,True,2026-10-14 09:01:00+00:00
38598773-63fb-48eb-b6aa-a255ff4040fa,01,LOT-0001,,,False,
3678614b-4cd2-4a0b-9d07-b3bf8b21c1cb,01,LOT-0001,,,,
08ecd73b-ffc2-45a7-8132-f92a89d11b94,01,LOT-0000,,,,
c4745a16-5769-4144-a01f-0802676c2ac0,01,LOT-0001,,,,
de9b5ae4-c01d-4d0c-acfa-5a1de3ff16a4,01,LOT-0001,198.0,DAY,False,2026-10-14 08:05:00+00:00
9a8ae6f7-4ea4-4b56-a73e-05759cff10a9,01,LOT-0001,,,,
9a8ae6f7-4ea4-4b56-a73e-05759cff10a9,01,LOT-0002,,,,
f6da07ed-feae-40a5-9eac-0aa287f95e78,01,LOT-0000,42.0,DAY,,2026-10-15 09:00:00+00:00
6f7f8e44-08f4-4d44-9904-cd2117e84eee,01,LOT-0001,,,False,
63de9706-6f8e-416b-9d0c-617396a34c87,01,LOT-0000,,,,
8014ade7-eefd-4ab9-b5aa-c3f0725bdf40,01,LOT-0001,,,,
f77e1a90-902b-4f00-8bbc-42e977721d7f,01,LOT-0001,,,,
fb71ece0-27b2-42e6-8bcd-e8707b08ac24,01,LOT-0000,,,,
29c52430-b029-4424-8ca7-24374715bf58,01,LOT-0000,,,,
4b6da03a-87a6-453f-a25a-669cc405f290,01,LOT-0001,,,,
4b6da03a-87a6-453f-a25a-669cc405f290,01,LOT-0002,,,,
4ad66f02-72eb-45a0-95b6-68f73ee7e093,01,LOT-0001,,,False,
b7d8db51-786a-4c0a-9bb5-cf046d701d5b,01,LOT-0001,,,,
3416f20b-ef8f-4c6f-93f1-ccdaad7ed079,01,LOT-0001,63.0,DAY,,2026-09-29 09:00:00+00:00
3416f20b-ef8f-4c6f-93f1-ccdaad7ed079,01,LOT-0002,63.0,DAY,,2026-09-29 09:00:00+00:00
c08a2d81-686f-463a-8dba-252b629bfd0a,01,LOT-0001,49.0,DAY,,
c08a2d81-686f-463a-8dba-252b629bfd0a,01,LOT-0002,49.0,DAY,,
c08a2d81-686f-463a-8dba-252b629bfd0a,01,LOT-0003,49.0,DAY,,
c08a2d81-686f-463a-8dba-252b629bfd0a,01,LOT-0004,49.0,DAY,,
c08a2d81-686f-463a-8dba-252b629bfd0a,01,LOT-0005,49.0,DAY,,
c08a2d81-686f-463a-8dba-252b629bfd0a,01,LOT-0006,49.0,DAY,,
c08a2d81-686f-463a-8dba-252b629bfd0a,01,LOT-0007,49.0,DAY,,
c08a2d81-686f-463a-8dba-252b629bfd0a,01,LOT-0008,49.0,DAY,,
c08a2d81-686f-463a-8dba-252b629bfd0a,01,LOT-0009,49.0,DAY,,
c08a2d81-686f-463a-8dba-252b629bfd0a,01,LOT-0010,49.0,DAY,,
c08a2d81-686f-463a-8dba-252b629bfd0a,01,LOT-0011,49.0,DAY,,
c08a2d81-686f-463a-8dba-252b629bfd0a,01,LOT-0012,49.0,DAY,,
c08a2d81-686f-463a-8dba-252b629bfd0a,01,LOT-0013,49.0,DAY,,
c08a2d81-686f-463a-8dba-252b629bfd0a,01,LOT-0014,49.0,DAY,,
4e332a71-bcc9-4ecd-8802-5dbb477b85e3,01,LOT-0001,,,,
ea2006a9-9224-467d-865e-5dd8134a2dbd,01,LOT-0000,,,,
921b9e0b-9696-467e-a913-ccc15ad1abe6,01,LOT-0001,32.0,DAY,False,
28c8aa4c-208a-46f3-b333-35c568928d49,01,LOT-0001,,,,
28c8aa4c-208a-46f3-b333-35c568928d49,01,LOT-0002,,,,
7974c8fb-a1a8-4c8a-a703-742399e2eca0,01,LOT-0001,,,,
7974c8fb-a1a8-4c8a-a703-742399e2eca0,01,LOT-0002,,,,
ed0a655f-db5b-484a-9441-0a84ea90eb6c,01,LOT-0001,,,,
ed0a655f-db5b-484a-9441-0a84ea90eb6c,01,LOT-0002,,,,
41a21091-13a1-4673-a9eb-5fa733cadcc1,01,LOT-0001,71.0,DAY,,2026-10-21 11:01:00+00:00
41a21091-13a1-4673-a9eb-5fa733cadcc1,01,LOT-0002,71.0,DAY,,2026-10-21 11:01:00+00:00
41a21091-13a1-4673-a9eb-5fa733cadcc1,01,LOT-0003,71.0,DAY,,2026-10-21 11:01:00+00:00
41a21091-13a1-4673-a9eb-5fa733cadcc1,01,LOT-0004,71.0,DAY,,2026-10-21 11:01:00+00:00
41a21091-13a1-4673-a9eb-5fa733cadcc1,01,LOT-0005,71.0,DAY,,2026-10-21 11:01:00+00:00
41a21091-13a1-4673-a9eb-5fa733cadcc1,01,LOT-0006,71.0,DAY,,2026-10-21 11:01:00+00:00
e4037a44-d382-4130-95c5-b24bacec472a,01,LOT-0000,60.0,DAY,,2026-09-22 08:30:00+00:00
0991a754-c9fb-47f7-841c-63d3e0dbf409,01,LOT-0000,57.0,DAY,,2026-09-30 07:00:00+00:00
4c566805-3ed7-43b2-8ce1-71ad7da16729,01,LOT-0000,,,,
9064fef8-44a9-45f0-8afc-b6f1dc65cac4,01,LOT-0000,,,False,
a5c274cd-00ec-4f70-9018-5d0604857d3f,01,LOT-0001,,,False,
a5c274cd-00ec-4f70-9018-5d0604857d3f,01,LOT-0002,,,False,
403a86dd-da15-41c7-934d-8cb2d71dfc0e,01,LOT-0000,,,,
3f142d74-b342-4a09-8751-0e24d8730a44,01,LOT-0001,43.0,DAY,,2026-10-15 06:00:00+00:00
3f142d74-b342-4a09-8751-0e24d8730a44,01,LOT-0002,43.0,DAY,,2026-10-15 06:00:00+00:00
3f142d74-b342-4a09-8751-0e24d8730a44,01,LOT-0003,43.0,DAY,,2026-10-15 06:00:00+00:00
3f142d74-b342-4a09-8751-0e24d8730a44,01,LOT-0004,43.0,DAY,,2026-10-15 06:00:00+00:00
3f142d74-b342-4a09-8751-0e24d8730a44,01,LOT-0005,43.0,DAY,,2026-10-15 06:00:00+00:00
3f142d74-b342-4a09-8751-0e24d8730a44,01,LOT-0006,43.0,DAY,,2026-10-15 06:00:00+00:00
1ae6335f-2b2f-4554-abf4-993aa797aea1,01,LOT-0001,,,,
01a3c317-3099-4370-8c57-b8578c02eec7,01,LOT-0001,,,,
d5ddbef6-2140-4c2a-8864-c07abe57cb37,01,LOT-0001,,,,
d5ddbef6-2140-4c2a-8864-c07abe57cb37,01,LOT-0002,,,,
e4e39e7b-6fec-4f52-b6a0-57445932f388,01,LOT-0001,,,,
e4e39e7b-6fec-4f52-b6a0-57445932f388,01,LOT-0002,,,,
e4e39e7b-6fec-4f52-b6a0-57445932f388,01,LOT-0003,,,,
531ef96a-411b-4e8d-9e60-ba326a97f149,01,LOT-0000,60.0,DAY,,2026-10-14 07:00:00+00:00
d3432434-d211-4b5e-a23f-82df491ed7e6,01,LOT-0000,90.0,DAY,,
a3beabad-c6af-4c42-804c-bbcc86f3b382,01,LOT-0001,2.0,MONTH,True,2026-10-20 08:01:00+00:00
b24c4956-df4a-4280-851f-1a21bc105482,01,LOT-0001,30.0,DAY,False,2026-10-15 07:00:00+00:00
5024b561-9182-4174-8d54-bee71dd951b7,01,LOT-0001,,,,
21d51fc0-d44e-49b6-994b-e6a9ecc383cd,01,LOT-0001,2.0,MONTH,False,
df00f846-986d-43e7-ad47-14eaf79dc6fc,01,LOT-0001,,,,
79c1dce7-77d6-41e7-9836-2f9005e66ae3,01,LOT-0001,,,,
79c1dce7-77d6-41e7-9836-2f9005e66ae3,01,LOT-0002,,,,
79c1dce7-77d6-41e7-9836-2f9005e66ae3,01,LOT-0003,,,,
9019b0c5-b6a7-40dc-9662-3f3615c31234,01,LOT-0001,,,,
9019b0c5-b6a7-40dc-9662-3f3615c31234,01,LOT-0002,,,,
9019b0c5-b6a7-40dc-9662-3f3615c31234,01,LOT-0003,,,,
eb0d1ca3-431e-4780-896b-0e67b20290a0,01,LOT-0001,,,,
f3dbf992-f72d-453e-91fa-e4875a88efd7,01,LOT-0001,,,,
697d148e-d366-4d4c-a115-5476bbf2f0ac,01,LOT-0001,,,,
28dac269-fd17-419e-afc3-18b5e18ac138,01,LOT-0001,,,,
e3ca66ee-8c29-4425-ae6d-250aeb67f87a,01,LOT-0001,9.0,WEEK,False,
50e20b67-265d-4b6d-a1cc-a2c8cab29bd0,01,LOT-0001,60.0,DAY,False,
19472414-7e91-4b88-ac14-f8a29741a6f5,01,LOT-0001,,,,
8d9ec30c-94f5-42b1-8ed0-44602bf43431,01,LOT-0001,118.0,DAY,False,2026-10-19 08:05:00+00:00
c2602d20-d12b-49c1-97bb-ab127e523c19,01,LOT-0001,118.0,DAY,False,2026-10-19 08:05:00+00:00
c804d707-ce16-4d9e-a0ff-1fc1acf61105,01,LOT-0001,,,,
b49f51c2-db9f-42aa-ba47-8275f2b947ab,01,LOT-0000,,,,
1077025c-9104-45b0-8184-c7b1e3d129a7,01,LOT-0000,60.0,DAY,,
499397aa-ef0e-4e1b-abc0-fc43d36f22b4,01,LOT-0000,2.0,MONTH,,2026-10-02 08:00:00+00:00
7b8f6aaa-7500-4a2b-8907-776408f3a189,01,LOT-0001,,,,
ff280699-9dcb-44bd-9cc0-5be2fb8bc31d,01,LOT-0001,,,,
63841dbe-939a-4d6b-a36e-3bb9f4a67060,01,LOT-0000,65.0,DAY,,2026-10-21 10:00:00+00:00
f0460a11-fd44-40db-82c9-78fb4582a636,01,LOT-0001,,,False,
53e57289-7224-4e7c-b80e-e70c3eafd7ec,01,LOT-0000,42.0,DAY,,2026-10-15 09:00:00+00:00
36bf9a8d-d13a-42dc-92b3-0e5e314a39a6,01,LOT-0001,83.0,DAY,False,
36bf9a8d-d13a-42dc-92b3-0e5e314a39a6,01,LOT-0002,83.0,DAY,False,
36bf9a8d-d13a-42dc-92b3-0e5e314a39a6,01,LOT-0003,83.0,DAY,False,
03ddf5d7-0650-411f-a1ac-d0fca9374811,01,LOT-0001,,,False,
93fe2072-3b93-4cfb-a11e-5e9a8297a9ee,01,LOT-0001,,,,
93fe2072-3b93-4cfb-a11e-5e9a8297a9ee,01,LOT-0002,,,,
93fe2072-3b93-4cfb-a11e-5e9a8297a9ee,01,LOT-0003,,,,
93fe2072-3b93-4cfb-a11e-5e9a8297a9ee,01,LOT-0004,,,,
93fe2072-3b93-4cfb-a11e-5e9a8297a9ee,01,LOT-0005,,,,
80b2687f-449b-49f2-b1e5-b2b8d7ea7196,01,LOT-0001,,,True,
87865198-cdf9-4dd6-bd2d-f1e92723c465,01,LOT-0001,,,,
22ada15a-2249-4bd4-a671-8e8897670f68,01,LOT-0001,,,,
bd7642d8-4463-4602-8602-19e6282d684c,01,LOT-0001,6.0,WEEK,False,
0010ea9b-1249-49d6-afe2-6a10ac0d7b74,01,LOT-0000,2.0,MONTH,,2026-10-16 07:00:00+00:00
39e93420-e42a-4bb1-98d8-82065ded5ff7,01,LOT-0000,65.0,DAY,,2026-10-21 10:00:00+00:00
c7672e7d-503f-42ee-acc7-5406d8fa8918,01,LOT-0000,65.0,DAY,,2026-10-21 10:00:00+00:00
caa45dc9-fc51-462d-bba4-d63ab3b28536,01,LOT-0000,65.0,DAY,,2026-10-21 10:00:00+00:00
1dea86c8-4d21-4e3f-99ef-0c7b9affc2f3,01,LOT-0001,,,,
6e40078a-968e-4451-a6f9-0066cfea02be,01,LOT-0001,60.0,DAY,,
d0413b88-e4ff-4670-80a4-bd8c90178d61,01,LOT-0001,2.0,MONTH,False,2026-10-15 09:01:00+00:00
01a09f71-aedb-42a9-a01c-dcf8f6e6d57f,01,LOT-0001,58.0,DAY,False,
36bd70d5-a3c2-46af-b6ad-fb9365b5cdc0,01,LOT-0000,65.0,DAY,,2026-10-21 10:00:00+00:00
fa3b2024-c9bd-45dc-89a1-59df6965bc46,01,LOT-0001,,,,
a1922220-370b-4b20-9468-db1dcc39e4e2,01,LOT-0001,60.0,DAY,True,2026-10-16 07:30:00+00:00
d8a37cbb-1fd9-4cdc-be92-43d9784ee74e,01,LOT-0001,,,False,
ddda550b-8e79-492f-8c1c-1f8558261896,01,LOT-0001,44.0,DAY,,
ddda550b-8e79-492f-8c1c-1f8558261896,01,LOT-0002,44.0,DAY,,
ddda550b-8e79-492f-8c1c-1f8558261896,01,LOT-0003,44.0,DAY,,
ab1a2196-3b3e-400c-88a6-8b410e918be1,01,LOT-0001,,,,
d9f6395a-527b-49cd-a0ec-bf43a062cdf0,01,LOT-0001,60.0,DAY,,2026-10-19 08:30:00+00:00
89cb5b35-440d-4641-86a9-c4d96eb3adc6,01,LOT-0000,,,,
9ae1067f-71f7-4ef3-874e-52d6c4dcad8c,01,LOT-0001,,,True,
9ae1067f-71f7-4ef3-874e-52d6c4dcad8c,01,LOT-0002,,,True,
2a65f837-7dff-4d67-8571-a798cef1350f,01,LOT-0001,,,True,
2a65f837-7dff-4d67-8571-a798cef1350f,01,LOT-0002,,,True,
41d7ac31-f585-4156-af42-5415f9f2b774,01,LOT-0000,60.0,DAY,True,2026-10-19 11:00:00+00:00
1d7eb9ce-d42c-41f0-a4f3-1cc0c4d87e20,01,LOT-0000,,,,
6b20f242-021d-4a08-8e14-0fc9b29a4e17,01,LOT-0000,60.0,DAY,,2026-10-16 08:00:00+00:00
947fc897-edd4-43ea-b443-63e8d47a9149,01,LOT-0001,60.0,DAY,False,
947fc897-edd4-43ea-b443-63e8d47a9149,01,LOT-0002,60.0,DAY,False,
f25e66fd-bd2e-4aea-b339-b37895bbf089,01,LOT-0001,32.0,DAY,False,2026-10-19 08:05:00+00:00
d44abc03-50f0-4083-aab5-466efac05753,01,LOT-0000,,,,
ed4e3ad6-5358-410f-8b45-9cbba1f7afef,01,LOT-0001,72.0,DAY,False,2026-10-21 10:00:00+00:00
ed4e3ad6-5358-410f-8b45-9cbba1f7afef,01,LOT-0002,72.0,DAY,False,2026-10-21 10:00:00+00:00
ed4e3ad6-5358-410f-8b45-9cbba1f7afef,01,LOT-0003,72.0,DAY,False,2026-10-21 10:00:00+00:00
ed4e3ad6-5358-410f-8b45-9cbba1f7afef,01,LOT-0004,72.0,DAY,False,2026-10-21 10:00:00+00:00
40c92953-19e6-4dd6-beac-39c302fd25cc,01,LOT-0000,,,,
49d4a12a-7b77-437a-a031-1d1260b427a4,01,LOT-0001,,,,
afeff892-c330-4fb8-973c-6b65d1d3c1c1,01,LOT-0001,60.0,DAY,True,
49272a08-0469-437d-bf1f-ba641417f443,01,LOT-0000,,,,
01a0a3e8-422f-4756-96c5-d2a2a05e53bf,01,LOT-0001,,,False,
76042013-ac39-4932-9f1a-4656a0011b6b,01,PAR-0001,,,,
a9f62a24-31b1-425a-b9aa-ca085ced8bf4,01,LOT-0000,,,,
20176d84-f18c-4068-b17c-d013cf0cfe0f,01,LOT-0000,,,,
eeb9ef5a-0b01-43d5-8496-53b81772b15d,01,LOT-0001,,,,
eeb9ef5a-0b01-43d5-8496-53b81772b15d,01,LOT-0002,,,,
e4f3839a-4932-42c0-9b85-f1745d43c9c6,01,LOT-0000,,,,
a040d776-b7d8-40d6-81c9-b50e1aa6daeb,01,LOT-0001,60.0,DAY,,
9ad7cb70-56ac-4e93-ad85-e249a639d263,01,LOT-0000,,,,
f1c9a3f9-c8d4-42b4-9e98-1838d72567e0,01,LOT-0001,95.0,DAY,False,
2a892d69-436e-4ab9-b235-22191b2a0817,01,LOT-0001,,,,
0a1d2ce8-8ee7-4d56-a411-9ddfdfcad7f9,01,LOT-0000,,,,
a98df0ee-02df-4926-a699-f0264bc70ae4,01,LOT-0000,60.0,DAY,,2026-10-16 08:30:00+00:00
2c665769-7e2e-4628-991e-28dcf9c3821a,01,LOT-0000,60.0,DAY,,2026-10-19 07:00:00+00:00
1ccd2bd7-0f11-41f1-899f-4de6866a4092,01,LOT-0000,7.0,WEEK,,
a9485f5f-9d7f-4d89-b14e-948fc88864b9,01,LOT-0001,,,,
38cb1b71-db55-447b-9dcf-7928fa9b9652,01,LOT-0001,,,,
38cb1b71-db55-447b-9dcf-7928fa9b9652,01,LOT-0002,,,,
38cb1b71-db55-447b-9dcf-7928fa9b9652,01,LOT-0003,,,,
4c995852-f3a4-4bec-b31c-16ee0f73a0e2,01,LOT-0001,34.0,DAY,False,2026-10-16 07:00:00+00:00
68ed286a-7dcd-4fa8-8fe1-cef357b78bb9,01,LOT-0001,39.0,DAY,False,2026-10-01 10:05:00+00:00
68ed286a-7dcd-4fa8-8fe1-cef357b78bb9,01,LOT-0002,39.0,DAY,False,2026-10-01 10:05:00+00:00
68ed286a-7dcd-4fa8-8fe1-cef357b78bb9,01,LOT-0003,39.0,DAY,False,2026-10-01 10:05:00+00:00
68ed286a-7dcd-4fa8-8fe1-cef357b78bb9,01,LOT-0004,39.0,DAY,False,2026-10-01 10:05:00+00:00
d67d21b0-4b54-4ba6-96e2-3b6b23819299,01,LOT-0001,66.0,DAY,False,2026-09-29 09:00:00+00:00
1b85bfe4-fb5b-49bb-84de-474fa2eb9ef5,01,LOT-0001,60.0,DAY,False,
adbbb2a3-a548-485c-b584-b649f0cff1b3,01,LOT-0000,60.0,DAY,,2026-10-12 07:30:00+00:00
5cbe1b0e-18eb-4c76-90b1-d36ed71801c1,01,LOT-0001,,,False,
5cbe1b0e-18eb-4c76-90b1-d36ed71801c1,01,LOT-0002,,,False,
5cbe1b0e-18eb-4c76-90b1-d36ed71801c1,01,LOT-0003,,,False,
5cbe1b0e-18eb-4c76-90b1-d36ed71801c1,01,LOT-0004,,,False,
5cbe1b0e-18eb-4c76-90b1-d36ed71801c1,01,LOT-0005,,,False,
5cbe1b0e-18eb-4c76-90b1-d36ed71801c1,01,LOT-0006,,,False,
5cbe1b0e-18eb-4c76-90b1-d36ed71801c1,01,LOT-0007,,,False,
5cbe1b0e-18eb-4c76-90b1-d36ed71801c1,01,LOT-0008,,,False,
5cbe1b0e-18eb-4c76-90b1-d36ed71801c1,01,LOT-0009,,,False,
5cbe1b0e-18eb-4c76-90b1-d36ed71801c1,01,LOT-0010,,,False,
5cbe1b0e-18eb-4c76-90b1-d36ed71801c1,01,LOT-0011,,,False,
071a393b-8c2d-42cd-9d57-551d42b58813,01,LOT-0000,,,False,
bba1b515-3a6b-4be6-9618-db66267d5f72,01,LOT-0000,,,,
2063f8a7-8d9a-4395-9834-8ab5d4a62d1d,01,LOT-0000,,,,
5d6248d2-bbeb-4359-8df1-2c2b5dfe2de7,01,LOT-0000,,,,
f1f7f1b8-2e26-45ae-bb75-30766d4f2c89,01,LOT-0000,,,,
f964782e-bf72-4c36-bf5f-035b9b1ed8f3,01,LOT-0000,,,,
c937ed17-050d-4d82-a8c8-4c8f5e7b1f9e,01,LOT-0001,,,,
c937ed17-050d-4d82-a8c8-4c8f5e7b1f9e,01,LOT-0002,,,,
37b9ca59-76f8-4f86-95c3-350b3f85e457,01,LOT-0001,76.0,DAY,False,2026-10-16 08:01:00+00:00
0b0cee46-7028-48a3-ab93-706252419a34,01,LOT-0001,,,,
abae6b4a-5a2e-4a62-a6e8-61a0d99ac0f0,01,LOT-0000,,,,
eb6cb358-277f-463a-a7b6-10419bb6b2b5,01,LOT-0001,,,,
ba79a82e-ba20-40d5-a701-698daf07eeb9,01,LOT-0000,,,,
892cd313-409d-4d28-89fb-e9c5c15b141b,01,LOT-0000,,,,
e4219d9f-af23-4f38-8d05-842a51bb2395,01,LOT-0000,,,,
358aa36b-0b4d-406d-b3f0-3823146a9ea6,01,LOT-0001,59.0,DAY,,2026-10-20 07:00:00+00:00
81ef8785-328d-45a5-aa26-05b430f1424f,01,LOT-0000,76.0,DAY,,2026-10-16 06:00:00+00:00
005970e4-fa83-4d72-b88d-6b8acfe47c4a,01,LOT-0000,60.0,DAY,,2026-10-16 09:30:00+00:00
7cba3224-ed9b-4557-912a-b89e03238035,01,LOT-0001,,,,
7cba3224-ed9b-4557-912a-b89e03238035,01,LOT-0002,,,,
eccaf8a7-61f2-4d8b-b5b5-46950178c568,01,LOT-0000,56.0,DAY,,2026-10-20 07:00:00+00:00
ead3b499-cf64-4888-823d-7737ad787045,01,LOT-0000,,,,
40a54a1a-4422-4c9b-b817-9b085061ad44,01,LOT-0000,,,False,
9b92da70-5f05-4da6-8f36-63c00ccc4bfd,01,LOT-0001,,,,
7bbe3e4a-e8f3-4ce7-8fac-f9899a31ebc0,01,LOT-0001,,,,
415228ba-c998-4c5b-a88e-4badc9d2e4dc,01,LOT-0000,,,,
01a0a3dd-0de3-4c82-9bff-894ee83e347d,01,LOT-0001,,,,
125814cb-3fd3-45fb-8ee4-1940fc409986,01,LOT-0001,57.0,DAY,False,2026-10-20 09:01:00+00:00
a673c7df-5a09-4230-a1f0-8c32c383c6a7,01,LOT-0001,,,,
5136b73e-1a8c-4623-ba6e-68446d10b433,01,LOT-0000,43.0,DAY,,2026-10-16 08:00:00+00:00
63ced94b-e3ff-42f0-9b7c-b0a68e642465,01,LOT-0001,,,,
4e2efa0e-8630-465b-beb5-fe2dc2e116e2,01,LOT-0001,,,,
4e2efa0e-8630-465b-beb5-fe2dc2e116e2,01,LOT-0002,,,,
4e2efa0e-8630-465b-beb5-fe2dc2e116e2,01,LOT-0003,,,,
615b5280-a5cf-40f2-b7b9-3da4726c7de4,01,LOT-0000,43.0,DAY,,
c27ce215-7d21-4d3f-8032-3718f85a797b,01,LOT-0001,50.0,DAY,False,2026-10-27 09:00:00+00:00
c27ce215-7d21-4d3f-8032-3718f85a797b,01,LOT-0002,50.0,DAY,False,2026-10-27 09:00:00+00:00
dc250dbf-39dc-4f59-b567-cfe9c7189181,01,LOT-0000,,,,
af5ff21e-3c05-4f2c-bd6d-2946bfe9f899,01,LOT-0000,,,,
f02e7748-2050-4ac4-a922-cb0f4439e986,01,LOT-0000,,,,
aa0363f1-766e-40ce-956c-9969d649029b,01,LOT-0001,,,,
01a0a386-93b5-4920-903f-b03532554f28,01,LOT-0930,,,,
01a0a386-93b5-4920-903f-b03532554f28,01,LOT-1130,,,,
01a0a386-93b5-4920-903f-b03532554f28,01,LOT-1230,,,,
01a0a386-93b5-4920-903f-b03532554f28,01,LOT-1330,,,,
01a0a386-93b5-4920-903f-b03532554f28,01,LOT-1430,,,,
01a0a386-93b5-4920-903f-b03532554f28,01,LOT-1830,,,,
25ffc2dd-ffb6-484b-9642-475359ac01fc,01,LOT-0001,41.0,DAY,,
25ffc2dd-ffb6-484b-9642-475359ac01fc,01,LOT-0002,41.0,DAY,,
25ffc2dd-ffb6-484b-9642-475359ac01fc,01,LOT-0003,41.0,DAY,,
f2c6fd75-9a61-4140-a51a-5c616ff7c99d,01,LOT-0001,54.0,DAY,False,
f2c6fd75-9a61-4140-a51a-5c616ff7c99d,01,LOT-0002,54.0,DAY,False,
f2c6fd75-9a61-4140-a51a-5c616ff7c99d,01,LOT-0003,54.0,DAY,False,
1dcf98ce-459c-4042-9b70-dcc925ded5e5,01,LOT-0000,37.0,DAY,,2026-09-23 08:00:00+00:00
0a084d8e-b409-46c3-8f38-42d0c38f4087,01,LOT-0001,,,,
f8f990a2-b9fb-452d-8a21-a403a2239e46,01,LOT-0001,56.0,DAY,,2026-09-18 09:30:00+00:00
f8f990a2-b9fb-452d-8a21-a403a2239e46,01,LOT-0002,56.0,DAY,,2026-09-18 09:30:00+00:00
0438fc4d-f4e0-43f1-8124-783654473a06,01,LOT-0001,,,,
4f3f43c4-b21a-4fe6-b95f-a02bcfaec978,01,LOT-0000,,,,
f142e565-038d-4c70-b79f-92083cfea0c8,01,LOT-0000,,,,
0e4c6765-b27b-4e7e-9cb1-a4cb71f87e03,01,LOT-0000,,,,
31c84d33-8204-4aeb-9bdc-6b03fe02d7b6,01,LOT-0000,,,,
3b65793d-c78d-42bc-b654-1eac5dccdd27,01,LOT-0001,,,,
3b65793d-c78d-42bc-b654-1eac5dccdd27,01,LOT-0002,,,,
77a17daa-1726-45b5-8710-0d9f238d3cb2,01,LOT-0000,76.0,DAY,,2026-10-16 06:00:00+00:00
01a0a39a-b1ce-41e2-a40e-d2a19840eef3,01,LOT-0001,31.0,DAY,,2026-10-20 08:00:00+00:00
9f47389f-4ff8-4452-bb85-29dc3fdbcacb,01,LOT-0000,,,,
37ef6440-39ad-4711-b6d8-50cd3e259338,01,LOT-0001,61.0,DAY,False,2026-10-23 08:01:00+00:00
975ec467-e4c0-41ee-93e8-9e85b58e3304,01,LOT-0000,,,,
1a3ffe25-e783-42d6-85d9-06a72e6621ae,01,LOT-0000,55.0,DAY,,2026-10-15 08:00:00+00:00
65a1fbb7-b8fa-47a1-81b3-19eb0aea6d81,01,LOT-0000,,,,
75b1656a-978d-42f1-bea4-282faba63fb7,01,LOT-0000,,,,
411eac10-5d12-40fb-a4d9-edbad677041b,01,LOT-0001,,,,
411eac10-5d12-40fb-a4d9-edbad677041b,01,LOT-0002,,,,
411eac10-5d12-40fb-a4d9-edbad677041b,01,LOT-0003,,,,
411eac10-5d12-40fb-a4d9-edbad677041b,01,LOT-0004,,,,
b66086b4-5a0c-43e5-beff-d9e5bd9b4747,01,LOT-0001,39.0,DAY,,
15fde072-07e6-480b-9309-bd9ffe950305,01,LOT-0000,,,,
bdb7cd0f-27a9-49e6-be6e-c80723885512,01,LOT-0000,50.0,DAY,,2026-09-22 09:00:00+00:00
60e43b0a-8dfb-449e-b498-b09682344d0f,01,LOT-0000,,,,
2fbce19e-8406-42b5-9a31-021c37f0693e,01,LOT-0001,,,,
54a3c5e2-e83d-4d6d-b9b4-c8ef88801272,01,LOT-0000,,,,
22be7dde-4ac6-4315-b87d-f19b7e9864cd,01,LOT-0001,,,,
aa9e8b24-c04d-428d-bc89-8f1066e28c35,01,LOT-0001,,,,
cef888de-af89-4526-849f-b65849ea460a,01,LOT-0000,76.0,DAY,,
5dbbe2be-5c22-4c3b-8923-6a3e9f4aa280,01,LOT-0001,,,,
7d14c033-c833-4b40-8efc-e2ed271a3c3d,01,LOT-0000,43.0,DAY,,2026-10-16 08:00:00+00:00
32bcd728-4e98-499d-a4e3-75f506ec038a,01,LOT-0000,38.0,DAY,,
07c57189-4238-4bcf-987b-80763a6d7e23,01,LOT-0001,96.0,DAY,False,2026-09-17 09:00:00+00:00
07c57189-4238-4bcf-987b-80763a6d7e23,01,LOT-0002,96.0,DAY,False,2026-09-17 09:00:00+00:00
07c57189-4238-4bcf-987b-80763a6d7e23,01,LOT-0003,96.0,DAY,False,2026-09-17 09:00:00+00:00
a3358992-2707-49b2-822c-dcf07304f3b0,01,LOT-0000,,,,
fb411cf6-4291-4ab1-9080-fb014f9a9c64,01,LOT-0000,,,,
9d83ea1f-2e6a-4af3-9974-0b8a7823c726,01,LOT-0000,43.0,DAY,,2026-10-16 08:00:00+00:00
741f8574-9ba3-434b-bf87-42f565cdff51,01,LOT-0000,60.0,DAY,,2026-10-26 08:35:00+00:00
4d643fae-3e36-4698-9988-0d3e35879d8f,01,LOT-0001,,,,
aecb6364-67b5-456f-ba2e-6dce58f64b21,01,LOT-0000,,,,
bcb96a9b-2bd2-46b3-b7a6-dbe4b1a6fd26,01,LOT-0000,,,,
02251263-d5d8-4ccf-bb46-d4ef31ac41c5,01,LOT-0001,,,,
e72422bd-7b79-45d6-a647-dad18da6e4bc,01,LOT-0000,60.0,DAY,False,2026-10-21 09:00:00+00:00
e5945add-25b2-4c37-ade8-426440996759,01,LOT-0000,,,,
dc63569a-abdf-47f2-9210-616091d369de,01,LOT-0000,,,,
4b78a193-a1fc-423c-8a38-0694dfd95972,01,LOT-0000,,,,
091398e0-7d25-4871-911c-9da98bd731fd,01,LOT-0000,,,,
a137db0e-224a-4bd9-86d4-5bb3b3404d4e,01,LOT-0000,,,,
c2df0f6b-f6d4-4dc0-b3ad-25fa9a032e55,01,LOT-0001,,,False,
6b47bdf2-1f73-4935-ba14-aee6a80304a3,01,LOT-0000,41.0,DAY,,2026-10-20 11:00:00+00:00
01a08f76-3858-4723-afdc-294aca37ffad,01,LOT-0001,,,,
85c9a7bb-cf66-405a-93c9-50857968cd15,01,LOT-0000,60.0,DAY,,2026-10-22 11:00:00+00:00
80225e23-4152-4fd6-abf9-b18067c9b448,01,LOT-0001,60.0,DAY,False,2026-10-19 08:05:00+00:00
77b9119d-d72d-4bca-adc2-6341ef20117a,01,LOT-0000,,,,
a87ddb58-7ced-47bf-afd4-8dcf5a1ae567,01,LOT-0001,47.0,DAY,False,
a87ddb58-7ced-47bf-afd4-8dcf5a1ae567,01,LOT-0002,47.0,DAY,False,
a87ddb58-7ced-47bf-afd4-8dcf5a1ae567,01,LOT-0003,47.0,DAY,False,
a87ddb58-7ced-47bf-afd4-8dcf5a1ae567,01,LOT-0004,47.0,DAY,False,
a87ddb58-7ced-47bf-afd4-8dcf5a1ae567,01,LOT-0005,47.0,DAY,False,
a87ddb58-7ced-47bf-afd4-8dcf5a1ae567,01,LOT-0006,47.0,DAY,False,
a87ddb58-7ced-47bf-afd4-8dcf5a1ae567,01,LOT-0007,47.0,DAY,False,
0a256d31-3992-4c28-af2a-af2e7c9d54a3,01,LOT-0001,97.0,DAY,False,
ef3be2c8-73dd-4ce7-a0a5-5626e1d4def2,01,LOT-0001,60.0,DAY,,2026-10-20 08:00:00+00:00
ef3be2c8-73dd-4ce7-a0a5-5626e1d4def2,01,LOT-0002,60.0,DAY,,2026-10-20 08:00:00+00:00
ef3be2c8-73dd-4ce7-a0a5-5626e1d4def2,01,LOT-0003,60.0,DAY,,2026-10-20 08:00:00+00:00
ef3be2c8-73dd-4ce7-a0a5-5626e1d4def2,01,LOT-0004,60.0,DAY,,2026-10-20 08:00:00+00:00
ef3be2c8-73dd-4ce7-a0a5-5626e1d4def2,01,LOT-0005,60.0,DAY,,2026-10-20 08:00:00+00:00
ef3be2c8-73dd-4ce7-a0a5-5626e1d4def2,01,LOT-0006,60.0,DAY,,2026-10-20 08:00:00+00:00
ef3be2c8-73dd-4ce7-a0a5-5626e1d4def2,01,LOT-0007,60.0,DAY,,2026-10-20 08:00:00+00:00
b37b8634-91f0-43a1-9a0b-524aae0ee02e,01,LOT-0000,,,,
abadc72a-717a-45fc-9044-e7eb3dad334a,01,LOT-0001,60.0,DAY,False,2026-10-21 09:00:00+00:00
b01a3281-c302-440d-aa3a-0b3d7b665cea,01,LOT-0001,,,,
1799fd7d-d455-45ec-84b3-f267bdf5d0e2,01,LOT-0001,,,,
c9bdc192-58a1-4e7c-a260-cbdd646fd279,01,LOT-0000,3.0,MONTH,,2026-10-16 09:31:00+00:00
3b62235d-ca80-4e03-9c3e-297de871fe80,01,LOT-0001,60.0,DAY,False,2026-10-19 07:01:00+00:00
b502151c-0762-47f1-9b93-a51f389045d2,01,LOT-0000,,,,
ff86e7dd-9047-4ad8-9ddb-106f4c18e10f,01,LOT-0001,77.0,DAY,,
ff86e7dd-9047-4ad8-9ddb-106f4c18e10f,01,LOT-0002,77.0,DAY,,
3084e989-acb5-4689-8ebb-6bf0ad8e0903,01,LOT-0001,60.0,DAY,True,2026-09-15 12:00:00+00:00
68395e6d-ee88-4b84-b477-68e4396c6059,01,LOT-0001,,,,
162d0079-0ada-4d8b-b2a3-db5d889299a2,01,LOT-0001,99.0,DAY,False,
b77e9652-6802-4103-a4e1-af42fab8cb9d,01,LOT-0000,,,,
430701f1-558e-4eee-a5d4-f58d6eeefab8,01,LOT-0001,60.0,DAY,,2026-10-16 09:00:00+00:00
52f6371b-39cc-4ec2-8721-e0b6e4e41699,01,LOT-0001,,,,
03e2ee12-213d-4a93-9e86-fa369290166f,01,LOT-0000,,,,
07e2fa36-a8c8-4b6b-94d1-b5ec715848fc,01,LOT-0000,57.0,DAY,False,2026-10-22 08:00:00+00:00
5d1ac361-d019-4d42-902b-cbf8708a05bd,01,LOT-0001,76.0,DAY,,2026-10-16 06:00:00+00:00
5d1ac361-d019-4d42-902b-cbf8708a05bd,01,LOT-0002,76.0,DAY,,2026-10-16 06:00:00+00:00
5d1ac361-d019-4d42-902b-cbf8708a05bd,01,LOT-0003,76.0,DAY,,2026-10-16 06:00:00+00:00
5d1ac361-d019-4d42-902b-cbf8708a05bd,01,LOT-0004,76.0,DAY,,2026-10-16 06:00:00+00:00
dee2c291-4257-440e-99c7-cdfab455b60a,01,LOT-0001,,,,
dee2c291-4257-440e-99c7-cdfab455b60a,01,LOT-0002,,,,
dee2c291-4257-440e-99c7-cdfab455b60a,01,LOT-0003,,,,
7a855c7f-8d65-411f-9126-6dcb4aec744d,01,LOT-0000,,,,
10b4365a-23af-4cbd-874f-5faa960c37e5,01,LOT-0001,60.0,DAY,False,
af9f35a0-65bc-4409-8b2d-339746ec18fa,01,LOT-0000,40.0,DAY,True,2026-10-22 06:30:00+00:00
bdf2df03-ecca-4e4a-834a-8c169022bab7,01,LOT-0000,,,,
7005d76c-7d7c-4ac2-aad2-e48d7745a287,01,LOT-0001,,,,
1c273480-662f-4557-999b-ee51263af361,01,LOT-0001,107.0,DAY,,2026-10-16 07:01:00+00:00
1c273480-662f-4557-999b-ee51263af361,01,LOT-0002,107.0,DAY,,2026-10-16 07:01:00+00:00
2446e1a7-8dc7-4593-b2d7-3260e7e86389,01,LOT-0000,,,,
3de46702-3005-4272-9212-60a743a822bf,01,LOT-0001,,,,
3de46702-3005-4272-9212-60a743a822bf,01,LOT-0002,,,,
e5b06742-88fb-461f-b5a2-561a22b4947e,01,LOT-0000,60.0,DAY,,2026-09-25 08:00:00+00:00
d46eb7c9-65b4-4319-ae4f-b64aad501fec,01,LOT-0001,3.0,MONTH,True,2026-10-19 11:00:00+00:00
dfd696de-b38c-4233-9db9-86a8b768feb4,01,LOT-0000,,,,
5e5c519f-e67b-43bd-aff3-fb2f08bf4814,01,LOT-0000,,,,
5a91aec9-aee6-4c00-809a-5ac8845a61ec,01,LOT-0000,,,,
5d25dc37-cd12-454d-9a04-e023831a2f6b,01,LOT-0001,60.0,DAY,,2026-10-15 08:00:00+00:00
5d25dc37-cd12-454d-9a04-e023831a2f6b,01,LOT-0002,60.0,DAY,,2026-10-15 08:00:00+00:00
5d25dc37-cd12-454d-9a04-e023831a2f6b,01,LOT-0003,60.0,DAY,,2026-10-15 08:00:00+00:00
5d25dc37-cd12-454d-9a04-e023831a2f6b,01,LOT-0004,60.0,DAY,,2026-10-15 08:00:00+00:00
1b4499e0-c0e0-4052-976b-908f05d646fa,01,LOT-0000,,,,
7844bb7e-551c-4b80-8e27-efa3b24aeb75,01,LOT-0001,,,,
7844bb7e-551c-4b80-8e27-efa3b24aeb75,01,LOT-0002,,,,
7844bb7e-551c-4b80-8e27-efa3b24aeb75,01,LOT-0003,,,,
d80782ed-7a0d-4d7b-9d1b-76c7cfbc136d,01,LOT-0001,,,,
2d885c65-7f8d-466b-ae79-a214d09abef4,01,LOT-0000,58.0,DAY,,2026-10-13 10:00:00+00:00
f3a5f1e0-9f72-4179-90d4-bcbd0ab4b850,01,LOT-0000,,,,
e57a5e81-925c-4497-a287-25ade645b989,01,LOT-0000,,,,
ec4d8be1-1960-40c4-976d-87eb381e9f1e,01,LOT-0000,,,,
506dd332-df90-4a82-a41a-7fd75b71a74a,01,LOT-0001,60.0,DAY,False,
6c6fd5da-2d81-4cd1-9b7a-4f9af163c766,01,LOT-0000,,,,
b9edd57c-869d-46a1-9b2f-e4d784c599f8,01,LOT-0000,,,,
2370d38a-4a55-40fd-880f-484ba02afa04,01,LOT-0000,2.0,MONTH,,
cc0b1993-24c7-49b8-965b-2d87b7d6b61f,01,LOT-0001,,,,
cc0b1993-24c7-49b8-965b-2d87b7d6b61f,01,LOT-0002,,,,
04ff402f-4285-41f8-8377-bac1364d2807,01,LOT-0001,44.0,DAY,,
04ff402f-4285-41f8-8377-bac1364d2807,01,LOT-0002,44.0,DAY,,
d5be3ec2-f7c5-4017-bc4c-fae12b7f6ef7,01,LOT-0001,33.0,DAY,False,2026-09-28 10:00:00+00:00
d5be3ec2-f7c5-4017-bc4c-fae12b7f6ef7,01,LOT-0002,33.0,DAY,False,2026-09-28 10:00:00+00:00
d5be3ec2-f7c5-4017-bc4c-fae12b7f6ef7,01,LOT-0003,33.0,DAY,False,2026-09-28 10:00:00+00:00
d5be3ec2-f7c5-4017-bc4c-fae12b7f6ef7,01,LOT-0004,33.0,DAY,False,2026-09-28 10:00:00+00:00
d5be3ec2-f7c5-4017-bc4c-fae12b7f6ef7,01,LOT-0005,33.0,DAY,False,2026-09-28 10:00:00+00:00
ec979362-0650-4ab1-8069-b5eb25d72e28,01,LOT-0000,26.0,DAY,True,
9eac5c2d-a869-4f51-aa20-65d23c0c2d8d,01,LOT-0000,,,,
7d420b5a-d751-4e71-8250-e817a7c35bc9,01,LOT-0001,,,,
de46f8cc-3e1b-45a8-a1fb-b0c56e7a468d,01,LOT-0000,,,,
0f40a536-3868-4c78-8710-e1a04df5dfdc,01,LOT-0001,,,,
81c6013b-1919-4756-861d-b75bb351baed,01,LOT-0001,,,False,
acb8340a-bc54-4982-bae7-7945179d4c5e,02,LOT-0001,,,,
8b68c9cd-becc-4aae-b266-0d8fd532adde,02,LOT-0001,,,,
169c17c4-4961-4faf-b265-cf241ade7b03,02,LOT-0001,,,,
8abc6569-ea2c-47c4-9535-5f7d00210f64,02,LOT-0001,,,,
8abc6569-ea2c-47c4-9535-5f7d00210f64,02,LOT-0002,,,,
ebf0316c-dc1d-4aff-9f0c-9601ef0834b6,02,LOT-0001,,,,
a94fce7c-d20b-4801-a8a4-fa82599b306b,07,LOT-0000,21.0,DAY,,
d054f781-67a9-4059-8661-386f0f62f944,07,LOT-0000,37.0,DAY,,
f1b8b89e-0c34-489c-8605-e48d0d0a5cb1,01,LOT-0001,101.0,DAY,,
9a8868e4-d7bb-4015-8909-1bf3484af77f,01,LOT-0001,,,,
10ab646d-012a-4acd-9d41-d2d5927addbb,01,LOT-0001,,,,
91690441-2088-4e96-99df-2b8ad32e5a1b,01,LOT-0001,,,,
ee3a9d8e-fe1e-4949-9e4a-4e9c190918de,01,LOT-0001,,,,
ee3a9d8e-fe1e-4949-9e4a-4e9c190918de,01,LOT-0002,,,,
6626a339-d511-4a4c-b0a7-54a84a14e72e,01,LOT-0000,,,,
78a13158-21b8-4927-8497-55f095cffba6,01,LOT-0001,60.0,DAY,,2026-10-15 08:00:00+00:00
b74698a4-9f50-479c-b077-0a57c4ab0fb0,01,LOT-0001,118.0,DAY,False,2026-10-19 08:05:00+00:00
af09e797-6292-421c-b943-41d89a98d88e,01,LOT-0001,118.0,DAY,False,2026-10-19 08:05:00+00:00
98597e19-5747-4c1b-988b-56cbc7418509,01,LOT-0001,27.0,DAY,False,
98597e19-5747-4c1b-988b-56cbc7418509,01,LOT-0002,27.0,DAY,False,
991c04fe-ca10-4e6b-9304-0ad31b4757ed,01,LOT-0001,,,False,
37cdd9a6-65fb-4c7d-b7f5-ad7c7befc670,01,LOT-0001,60.0,DAY,True,2026-10-21 10:00:00+00:00
e7ffd4a2-72f0-4c60-b831-c4b32143062c,01,LOT-0000,,,,
31a68589-dbd6-413e-9508-5e94c897fcc7,01,LOT-0001,,,False,
9affc1f7-f387-4b6c-b221-a24ee46c41c6,01,LOT-0001,,,,
6bbaf2c8-f9d8-42ff-8696-dff505cb0366,01,LOT-0000,125.0,DAY,,
46d59055-2d6b-4dd0-8259-86b3ae67397c,01,LOT-0000,60.0,DAY,,2026-10-20 06:50:00+00:00
f03cd7a8-f967-4d6c-8ce7-8fdc0ed14af6,01,LOT-0001,44.0,DAY,,
f03cd7a8-f967-4d6c-8ce7-8fdc0ed14af6,01,LOT-0002,44.0,DAY,,
3eb98c24-107b-4db4-9bc7-13790e23b295,01,LOT-0001,,,False,
d28f5c90-99bc-44f6-ab7f-b559d95655ec,01,LOT-0000,,,,
0ef9519d-3c29-4818-a4de-74d9d2fafdd5,01,LOT-0001,,,,
01a0908b-72d0-4605-806b-700f82b26738,01,LOT-0001,,,False,
008cde4f-7c6c-45cd-8286-9111985fe572,01,LOT-0001,46.0,DAY,False,2026-10-14 07:05:00+00:00
4d70dd3a-19b8-45bb-8fe1-cc4dbf9f9bc0,01,LOT-0001,60.0,DAY,True,2026-10-16 07:00:00+00:00
3b86fd33-00b9-40dd-8ca9-ceabce92d4f0,01,LOT-0001,107.0,DAY,False,
fb31e81f-405c-4e29-a8ae-81702715ad54,01,LOT-0001,,,False,
f9a8f375-5a0b-4757-8f63-3bb02d515e15,01,LOT-0001,60.0,DAY,False,
f3b9c031-9495-43d1-98ae-9b6965e5dcd5,01,LOT-0001,60.0,DAY,False,
c75374b3-68b2-4961-babf-eda69b82ddf5,01,LOT-0000,65.0,MONTH,,2026-10-21 10:00:00+00:00
eef2ee81-6ce1-44d3-a872-d7ef3172d45b,01,LOT-0001,48.0,DAY,False,
72116ef8-f365-4654-a1ae-dad48639eca7,01,LOT-0001,93.0,DAY,,
72116ef8-f365-4654-a1ae-dad48639eca7,01,LOT-0002,93.0,DAY,,
72116ef8-f365-4654-a1ae-dad48639eca7,01,LOT-0003,93.0,DAY,,
d6edcf37-85e7-4c5d-aadd-631777267c50,01,LOT-0001,,,,
1fae276e-8f0b-4dc6-86fe-d4f630f347b4,01,LOT-0001,60.0,DAY,False,2026-10-16 10:00:00+00:00
2127b926-d426-4e4b-903f-6ca78cf49240,01,LOT-0000,,,,
b5167006-df6c-4516-b249-954d8e8f3df2,01,LOT-0000,60.0,DAY,,2026-10-22 11:00:00+00:00
00645247-2a18-4009-8d3c-86d79b0008cd,01,LOT-0001,33.0,DAY,,
41652100-e2a9-449d-b561-ec5cd19b8897,03,LOT-0000,2.0,MONTH,,2026-10-15 08:15:00+00:00
afd9f95e-cfc5-4aa3-9657-683dc982242e,01,LOT-0001,,,,
bd789d45-0e90-47dc-bc95-938462f0599d,01,LOT-0001,,,,
bd789d45-0e90-47dc-bc95-938462f0599d,01,LOT-0002,,,,
bd789d45-0e90-47dc-bc95-938462f0599d,01,LOT-0003,,,,
bd789d45-0e90-47dc-bc95-938462f0599d,01,LOT-0004,,,,
9796d9b5-7bf5-46ad-8cfc-948b3723d87d,01,LOT-0000,,,,
c14fa2a8-76dc-437b-bf6c-bd43c83bb3c9,01,LOT-0001,,,,
01a0a3d5-6165-4f32-aef7-aa42a53416f8,01,LOT-0001,2.0,MONTH,,
f313e41a-4633-4ba7-b1be-e4a4adc5eb12,01,LOT-0001,,,,
77dd412a-f4af-4b1f-bc1b-77bcaf09e031,01,LOT-0001,,,,
74213ead-8e86-41f8-b1d4-eff6c6ab222a,01,LOT-0001,60.0,DAY,True,2026-10-26 10:00:00+00:00
f67484c6-0ea9-45ec-98f4-f1afe4c46ecf,01,LOT-0001,,,,
f67484c6-0ea9-45ec-98f4-f1afe4c46ecf,01,LOT-0002,,,,
dc8a5290-a8f6-4e7a-93be-cc3b6edf7b7f,01,LOT-0000,80.0,DAY,,
8712ead9-715a-4650-ab3e-b34384a3359a,01,LOT-0000,60.0,DAY,,2026-09-23 10:00:00+00:00
04f76f7a-e349-489a-a764-54850c2dea86,01,LOT-0001,,,,
d3248030-a348-43c2-a9dd-1f1b9f890f0d,01,LOT-0001,41.0,DAY,False,
d3248030-a348-43c2-a9dd-1f1b9f890f0d,01,LOT-0002,41.0,DAY,False,
d3248030-a348-43c2-a9dd-1f1b9f890f0d,01,LOT-0003,41.0,DAY,False,
d3248030-a348-43c2-a9dd-1f1b9f890f0d,01,LOT-0004,41.0,DAY,False,
d3248030-a348-43c2-a9dd-1f1b9f890f0d,01,LOT-0005,41.0,DAY,False,
d3248030-a348-43c2-a9dd-1f1b9f890f0d,01,LOT-0006,41.0,DAY,False,
d3248030-a348-43c2-a9dd-1f1b9f890f0d,01,LOT-0007,41.0,DAY,False,
d3248030-a348-43c2-a9dd-1f1b9f890f0d,01,LOT-0008,41.0,DAY,False,
d3248030-a348-43c2-a9dd-1f1b9f890f0d,01,LOT-0009,41.0,DAY,False,
d3248030-a348-43c2-a9dd-1f1b9f890f0d,01,LOT-0010,41.0,DAY,False,
d3248030-a348-43c2-a9dd-1f1b9f890f0d,01,LOT-0011,41.0,DAY,False,
d3248030-a348-43c2-a9dd-1f1b9f890f0d,01,LOT-0012,41.0,DAY,False,
d3248030-a348-43c2-a9dd-1f1b9f890f0d,01,LOT-0013,41.0,DAY,False,
d3248030-a348-43c2-a9dd-1f1b9f890f0d,01,LOT-0014,41.0,DAY,False,
d3248030-a348-43c2-a9dd-1f1b9f890f0d,01,LOT-0015,41.0,DAY,False,
d3248030-a348-43c2-a9dd-1f1b9f890f0d,01,LOT-0016,41.0,DAY,False,
d3248030-a348-43c2-a9dd-1f1b9f890f0d,01,LOT-0017,41.0,DAY,False,
d3248030-a348-43c2-a9dd-1f1b9f890f0d,01,LOT-0018,41.0,DAY,False,
58ff65ad-ad0d-43da-9705-373a3e18d3db,01,LOT-0000,34.0,DAY,,
cd3f20d9-6470-470f-9daa-4132a2932046,01,PAR-0001,,,,
43f1eed3-92c4-4888-a2ae-b1de0485dec9,01,LOT-0001,,,,
43f1eed3-92c4-4888-a2ae-b1de0485dec9,01,LOT-0002,,,,
cba98c7f-e41f-4ab9-81b8-7a3319fc583a,01,LOT-0000,,,,
c76203cb-e304-450e-ab70-f351183aeb21,01,LOT-0000,60.0,DAY,,
c0a87660-19a6-44c1-bbc8-c7fec1c7615d,01,LOT-0001,38.0,DAY,,2026-10-16 09:00:00+00:00
c0a87660-19a6-44c1-bbc8-c7fec1c7615d,01,LOT-0002,38.0,DAY,,2026-10-16 09:00:00+00:00
c0a87660-19a6-44c1-bbc8-c7fec1c7615d,01,LOT-0003,38.0,DAY,,2026-10-16 09:00:00+00:00
43e6cc1d-3b21-45dd-9238-1a0c606cbdac,01,LOT-0001,,,,
6f3b35b2-71c9-4abb-a5de-426cf16e85d8,01,LOT-0000,,,,
81db0040-7ed0-434a-947e-7113d2568512,01,LOT-0001,60.0,DAY,True,2026-10-22 08:01:00+00:00
7ee8c71e-6e5c-48b4-bbd0-68c027e3724d,01,LOT-0001,,,,
252e2ba7-7660-4d37-a9f0-0247365d28f8,01,LOT-0001,51.0,DAY,,
252e2ba7-7660-4d37-a9f0-0247365d28f8,01,LOT-0002,51.0,DAY,,
252e2ba7-7660-4d37-a9f0-0247365d28f8,01,LOT-0003,51.0,DAY,,
252e2ba7-7660-4d37-a9f0-0247365d28f8,01,LOT-0004,51.0,DAY,,
252e2ba7-7660-4d37-a9f0-0247365d28f8,01,LOT-0005,51.0,DAY,,
252e2ba7-7660-4d37-a9f0-0247365d28f8,01,LOT-0006,51.0,DAY,,
470072e8-59d4-460e-83d7-7ef747d9690f,01,LOT-0001,,,False,
c3a9b49a-2f04-4f8c-8eb2-c8341bbafabe,01,LOT-0000,60.0,DAY,True,2026-09-29 07:45:00+00:00
2339bde4-829b-43aa-b216-c75c2496c85f,01,LOT-0001,,,,
f543cff6-5e02-459b-9d43-6a78f2f61da8,01,LOT-0001,,,,
97e862d6-eeca-4870-8e35-1ec6806240b8,01,LOT-0001,4.0,WEEK,False,2026-10-19 06:30:00+00:00
97e862d6-eeca-4870-8e35-1ec6806240b8,01,LOT-0002,4.0,WEEK,False,2026-10-19 06:30:00+00:00
97e862d6-eeca-4870-8e35-1ec6806240b8,01,LOT-0003,4.0,WEEK,False,2026-10-19 06:30:00+00:00
97e862d6-eeca-4870-8e35-1ec6806240b8,01,LOT-0004,4.0,WEEK,False,2026-10-19 06:30:00+00:00
fae26baa-4795-4ee7-95a1-db6fa841d07a,01,LOT-0001,45.0,DAY,False,2026-10-20 05:00:00+00:00
fae26baa-4795-4ee7-95a1-db6fa841d07a,01,LOT-0002,45.0,DAY,False,2026-10-20 05:00:00+00:00
fae26baa-4795-4ee7-95a1-db6fa841d07a,01,LOT-0003,45.0,DAY,False,2026-10-20 05:00:00+00:00
fae26baa-4795-4ee7-95a1-db6fa841d07a,01,LOT-0004,45.0,DAY,False,2026-10-20 05:00:00+00:00
fae26baa-4795-4ee7-95a1-db6fa841d07a,01,LOT-0005,45.0,DAY,False,2026-10-20 05:00:00+00:00
fae26baa-4795-4ee7-95a1-db6fa841d07a,01,LOT-0006,45.0,DAY,False,2026-10-20 05:00:00+00:00
fae26baa-4795-4ee7-95a1-db6fa841d07a,01,LOT-0007,45.0,DAY,False,2026-10-20 05:00:00+00:00
fae26baa-4795-4ee7-95a1-db6fa841d07a,01,LOT-0008,45.0,DAY,False,2026-10-20 05:00:00+00:00
fae26baa-4795-4ee7-95a1-db6fa841d07a,01,LOT-0009,45.0,DAY,False,2026-10-20 05:00:00+00:00
fae26baa-4795-4ee7-95a1-db6fa841d07a,01,LOT-0010,45.0,DAY,False,2026-10-20 05:00:00+00:00
fae26baa-4795-4ee7-95a1-db6fa841d07a,01,LOT-0011,45.0,DAY,False,2026-10-20 05:00:00+00:00
fae26baa-4795-4ee7-95a1-db6fa841d07a,01,LOT-0012,45.0,DAY,False,2026-10-20 05:00:00+00:00
fae26baa-4795-4ee7-95a1-db6fa841d07a,01,LOT-0013,45.0,DAY,False,2026-10-20 05:00:00+00:00
fae26baa-4795-4ee7-95a1-db6fa841d07a,01,LOT-0014,45.0,DAY,False,2026-10-20 05:00:00+00:00
fae26baa-4795-4ee7-95a1-db6fa841d07a,01,LOT-0015,45.0,DAY,False,2026-10-20 05:00:00+00:00
fae26baa-4795-4ee7-95a1-db6fa841d07a,01,LOT-0016,45.0,DAY,False,2026-10-20 05:00:00+00:00
fae26baa-4795-4ee7-95a1-db6fa841d07a,01,LOT-0017,45.0,DAY,False,2026-10-20 05:00:00+00:00
fae26baa-4795-4ee7-95a1-db6fa841d07a,01,LOT-0018,45.0,DAY,False,2026-10-20 05:00:00+00:00
fae26baa-4795-4ee7-95a1-db6fa841d07a,01,LOT-0019,45.0,DAY,False,2026-10-20 05:00:00+00:00
fae26baa-4795-4ee7-95a1-db6fa841d07a,01,LOT-0020,45.0,DAY,False,2026-10-20 05:00:00+00:00
fae26baa-4795-4ee7-95a1-db6fa841d07a,01,LOT-0021,45.0,DAY,False,2026-10-20 05:00:00+00:00
fae26baa-4795-4ee7-95a1-db6fa841d07a,01,LOT-0022,45.0,DAY,False,2026-10-20 05:00:00+00:00
fae26baa-4795-4ee7-95a1-db6fa841d07a,01,LOT-0023,45.0,DAY,False,2026-10-20 05:00:00+00:00
fae26baa-4795-4ee7-95a1-db6fa841d07a,01,LOT-0024,45.0,DAY,False,2026-10-20 05:00:00+00:00
fae26baa-4795-4ee7-95a1-db6fa841d07a,01,LOT-0025,45.0,DAY,False,2026-10-20 05:00:00+00:00
fae26baa-4795-4ee7-95a1-db6fa841d07a,01,LOT-0026,45.0,DAY,False,2026-10-20 05:00:00+00:00
fae26baa-4795-4ee7-95a1-db6fa841d07a,01,LOT-0027,45.0,DAY,False,2026-10-20 05:00:00+00:00
fae26baa-4795-4ee7-95a1-db6fa841d07a,01,LOT-0028,45.0,DAY,False,2026-10-20 05:00:00+00:00
ad444921-a025-4950-b270-afc0dd34dd39,01,LOT-0000,1.0,MONTH,,2026-09-30 08:00:00+00:00
b86b2a2d-f22f-4843-9c9e-47873e5a5838,01,LOT-0000,60.0,DAY,,2026-09-30 13:00:00+00:00
5d148dca-836a-4cbe-8ad5-ef933ebbaa3b,01,LOT-0001,,,False,
5d148dca-836a-4cbe-8ad5-ef933ebbaa3b,01,LOT-0002,,,False,
5d148dca-836a-4cbe-8ad5-ef933ebbaa3b,01,LOT-0003,,,False,
5d148dca-836a-4cbe-8ad5-ef933ebbaa3b,01,LOT-0004,,,False,
5d148dca-836a-4cbe-8ad5-ef933ebbaa3b,01,LOT-0005,,,False,
5d148dca-836a-4cbe-8ad5-ef933ebbaa3b,01,LOT-0006,,,False,
fddd9d32-d79e-4c0e-b40e-8d14b7ca2629,01,LOT-0000,,,,
d4619e7b-8b9e-4a4f-a8e2-fa3fbe3dcb44,01,LOT-0000,,,,
7b584af3-cd7a-4fa9-be87-2fa6755c77f4,01,LOT-0001,,,,
c4e11c05-c40c-401c-b0f0-a479f42067b7,01,LOT-0001,,,,
193c6052-b39c-4044-9fec-9669ee69dfd8,01,LOT-0000,,,,
2e8cce13-269e-4558-8b56-8c992ec1e00b,01,LOT-0001,60.0,DAY,False,
8ec97d74-8d96-4e6a-a0e8-c75d7647570b,01,LOT-0001,98.0,DAY,False,
8ec97d74-8d96-4e6a-a0e8-c75d7647570b,01,LOT-0002,98.0,DAY,False,
8ec97d74-8d96-4e6a-a0e8-c75d7647570b,01,LOT-0003,98.0,DAY,False,
8ec97d74-8d96-4e6a-a0e8-c75d7647570b,01,LOT-0004,98.0,DAY,False,
90f332ed-04ca-467f-9af8-5e6e8e9ac165,01,LOT-0000,59.0,DAY,,2026-10-27 10:00:00+00:00
3c3b2519-5588-45d3-a0ca-9d0e5dada4ce,01,LOT-0000,,,,
fe0bd50e-647d-4bce-916a-4be5863cb38a,01,PAR-0001,,,,
8bc44cd7-7b10-4f1d-84b6-c2b84c99bd77,01,LOT-0000,,,,
e9684303-556d-4be9-b2f7-525e90f7aa61,01,LOT-0001,2.0,MONTH,False,2026-10-15 10:00:00+00:00
39451e83-34bc-4104-841d-204bcaf0bfb1,01,LOT-0001,,,,
08738828-2406-4dee-b294-31c6c16f7568,01,LOT-0001,,,,
08738828-2406-4dee-b294-31c6c16f7568,01,LOT-0002,,,,
08738828-2406-4dee-b294-31c6c16f7568,01,LOT-0003,,,,
08738828-2406-4dee-b294-31c6c16f7568,01,LOT-0004,,,,
08738828-2406-4dee-b294-31c6c16f7568,01,LOT-0005,,,,
fffa5d0a-0257-4e98-b6e8-6a182061357d,01,LOT-0001,,,,
b6497276-a5eb-4c66-ac56-f86604960788,01,LOT-0001,60.0,DAY,False,2026-10-19 08:01:00+00:00
ca24ac0c-3c27-491e-a1e7-908958fd804d,01,LOT-0001,,,,
9847632d-4a97-4aaa-ad2a-30e63db92be3,01,LOT-0000,4.0,MONTH,,2026-10-15 10:01:00+00:00
01a0a444-1c07-471e-b755-941f4becd2ee,01,LOT-0001,60.0,DAY,False,
c5130c2b-46f7-4e0e-9809-68b19283cd29,01,LOT-0001,,,True,
c5130c2b-46f7-4e0e-9809-68b19283cd29,01,LOT-0002,,,True,
c5130c2b-46f7-4e0e-9809-68b19283cd29,01,LOT-0003,,,True,
c5130c2b-46f7-4e0e-9809-68b19283cd29,01,LOT-0004,,,True,
7267f9d3-1956-47a5-82d7-7d2d914a3ec0,01,LOT-0001,4.0,WEEK,False,
f38209f9-e539-4f4b-a401-83eb750ae9df,01,LOT-0001,,,,
1594f91b-44f6-456a-a325-ad98833404bc,01,LOT-0000,60.0,DAY,,
0430fc54-6625-452c-aaf0-0a8cbd97d010,01,LOT-0001,,,,
da4582b1-8a28-481e-83a6-878d3f239556,01,LOT-0001,,,,
12d399d4-743f-4ef9-8d50-661c788e7327,01,LOT-0001,,,,
7ad430a7-26c5-4230-9ff4-1e948502c5e4,01,LOT-0001,2.0,YEAR,False,2028-09-05 22:01:00+00:00
7ad430a7-26c5-4230-9ff4-1e948502c5e4,01,LOT-0002,2.0,YEAR,False,2028-09-05 22:01:00+00:00
7ad430a7-26c5-4230-9ff4-1e948502c5e4,01,LOT-0003,2.0,YEAR,False,2028-09-05 22:01:00+00:00
7ad430a7-26c5-4230-9ff4-1e948502c5e4,01,LOT-0004,2.0,YEAR,False,2028-09-05 22:01:00+00:00
7ad430a7-26c5-4230-9ff4-1e948502c5e4,01,LOT-0005,2.0,YEAR,False,2028-09-05 22:01:00+00:00
7ad430a7-26c5-4230-9ff4-1e948502c5e4,01,LOT-0006,2.0,YEAR,False,2028-09-05 22:01:00+00:00
7ad430a7-26c5-4230-9ff4-1e948502c5e4,01,LOT-0007,2.0,YEAR,False,2028-09-05 22:01:00+00:00
7ad430a7-26c5-4230-9ff4-1e948502c5e4,01,LOT-0008,2.0,YEAR,False,2028-09-05 22:01:00+00:00
7ad430a7-26c5-4230-9ff4-1e948502c5e4,01,LOT-0009,2.0,YEAR,False,2028-09-05 22:01:00+00:00
7ad430a7-26c5-4230-9ff4-1e948502c5e4,01,LOT-0010,2.0,YEAR,False,2028-09-05 22:01:00+00:00
7ad430a7-26c5-4230-9ff4-1e948502c5e4,01,LOT-0011,2.0,YEAR,False,2028-09-05 22:01:00+00:00
7ad430a7-26c5-4230-9ff4-1e948502c5e4,01,LOT-0012,2.0,YEAR,False,2028-09-05 22:01:00+00:00
7ad430a7-26c5-4230-9ff4-1e948502c5e4,01,LOT-0013,2.0,YEAR,False,2028-09-05 22:01:00+00:00
7ad430a7-26c5-4230-9ff4-1e948502c5e4,01,LOT-0014,2.0,YEAR,False,2028-09-05 22:01:00+00:00
7ad430a7-26c5-4230-9ff4-1e948502c5e4,01,LOT-0015,2.0,YEAR,False,2028-09-05 22:01:00+00:00
7ad430a7-26c5-4230-9ff4-1e948502c5e4,01,LOT-0016,2.0,YEAR,False,2028-09-05 22:01:00+00:00
7ad430a7-26c5-4230-9ff4-1e948502c5e4,01,LOT-0017,2.0,YEAR,False,2028-09-05 22:01:00+00:00
7ad430a7-26c5-4230-9ff4-1e948502c5e4,01,LOT-0018,2.0,YEAR,False,2028-09-05 22:01:00+00:00
7ad430a7-26c5-4230-9ff4-1e948502c5e4,01,LOT-0019,2.0,YEAR,False,2028-09-05 22:01:00+00:00
7ad430a7-26c5-4230-9ff4-1e948502c5e4,01,LOT-0020,2.0,YEAR,False,2028-09-05 22:01:00+00:00
7ad430a7-26c5-4230-9ff4-1e948502c5e4,01,LOT-0021,2.0,YEAR,False,2028-09-05 22:01:00+00:00
dc92350b-924f-472a-8ea4-53cee8ca4be7,01,LOT-0001,80.0,DAY,,
0ae13d17-8a39-4471-8be3-4cd0f7b60d7f,01,LOT-0000,46.0,DAY,,2026-10-12 10:00:00+00:00
47e9847c-09f7-46c9-8624-15b5de8a8f62,01,LOT-0001,,,,
47e9847c-09f7-46c9-8624-15b5de8a8f62,01,LOT-0002,,,,
e6363aeb-0f90-4733-b245-4001b55ec7e6,01,LOT-0001,,,,
8ddab506-cf1b-4137-8c4e-d9def6330a29,01,LOT-0000,,,,
e2adf39c-21d6-4694-b513-9f76df32f968,01,LOT-0000,,,,
dbcf653b-8029-4098-a109-9b62fa738deb,01,LOT-0000,,,,
d18415b2-37c4-4bb8-bca6-73e36fa44adf,01,LOT-0001,,,,
de39d29e-8132-47bb-a227-fe06507d0371,01,LOT-0001,,,False,
763c3a53-9692-49bb-add0-43db1fd0f91d,01,LOT-0001,,,,
810e6512-9092-4f9a-a6ab-93befebd7864,01,LOT-0001,60.0,DAY,True,
d29a2896-ac0d-4e81-87ca-6bca68477b0e,01,LOT-0001,60.0,DAY,False,
69f42806-87d3-4f16-88fb-96f6bdee1dc0,01,LOT-0001,133.0,DAY,False,
6b0f4674-e061-4675-a513-14d54862e182,01,LOT-0001,,,,
95906661-a883-4219-9c5f-e89d254ce70b,01,LOT-0001,,,,
f9402825-f213-40c8-8453-1ad29277d8f7,01,LOT-0000,,,,
8af347ed-e0b4-414f-8662-44a1be1556e0,01,LOT-0001,,,,
06d24af2-412b-48d0-b33c-74005b9380fe,01,LOT-0001,,,False,
9506b95b-d588-4533-82ec-3e555f728b64,01,LOT-0001,78.0,DAY,False,2026-10-16 08:01:00+00:00
9506b95b-d588-4533-82ec-3e555f728b64,01,LOT-0002,78.0,DAY,False,2026-10-16 08:01:00+00:00
9506b95b-d588-4533-82ec-3e555f728b64,01,LOT-0003,78.0,DAY,False,2026-10-16 08:01:00+00:00
9506b95b-d588-4533-82ec-3e555f728b64,01,LOT-0004,78.0,DAY,False,2026-10-16 08:01:00+00:00
9506b95b-d588-4533-82ec-3e555f728b64,01,LOT-0005,78.0,DAY,False,2026-10-16 08:01:00+00:00
20133507-4613-4ebd-95da-8a2f57f0d895,01,LOT-0001,,,,
6022c182-3498-4ed0-9f3e-56e8ed37b231,01,LOT-0000,72.0,DAY,,2026-09-23 10:00:00+00:00
de65c969-dd52-4814-9c62-5b1b54856a7a,01,LOT-0000,5.0,MONTH,,2026-09-18 09:00:00+00:00
b8978155-5df0-4743-a47b-17b326208f78,01,LOT-0001,,,False,
0cd5762f-6d15-42d5-bb02-89240c990c72,01,LOT-0001,3.0,MONTH,,2026-10-19 09:00:00+00:00
0cd5762f-6d15-42d5-bb02-89240c990c72,01,LOT-0002,3.0,MONTH,,2026-10-19 09:00:00+00:00
638de82a-f853-4b99-b7f6-276f72d8f122,01,LOT-0001,,,,
8850e2ed-8211-4877-8ce3-ab6cabf3515f,01,LOT-0001,29.0,DAY,True,
625720a2-3dcb-4a88-b391-48aa63d0a10f,01,LOT-0001,60.0,DAY,False,2026-10-19 08:21:00+00:00
dd8c3ec5-5ab2-46cc-b703-5ad9f5ae6000,01,LOT-0001,,,,
d86840df-3303-4c19-a3d3-777ee6813b73,01,LOT-0000,45.0,DAY,False,2026-10-13 07:00:00+00:00
a72e859e-1800-4833-813a-9247ffdf31e7,01,LOT-0001,,,,
49715446-c1da-4691-9ef4-4f898af7c008,01,LOT-0000,,,,
4c8b8d25-5ca8-4a24-af95-19a6f5a0b651,01,LOT-0000,,,,
d617515d-c861-42af-a1db-efb077422ddd,01,LOT-0001,,,False,
48ad93c1-a5ef-48ec-b699-689d0bc29a11,01,LOT-0001,,,,
8eece87c-c8ed-4c58-8424-4bfc2e480153,01,LOT-0001,,,,
a01b6767-8cce-49dc-b347-29b2254182ba,01,LOT-0001,,,,
a01b6767-8cce-49dc-b347-29b2254182ba,01,LOT-0002,,,,
a01b6767-8cce-49dc-b347-29b2254182ba,01,LOT-0003,,,,
ea0e049a-a32c-4310-aeb3-6f1f61ea8b6c,01,LOT-0001,,,,
2f3259ec-494a-445b-8973-8e88ea4d982b,01,LOT-0000,60.0,DAY,,2026-10-22 11:00:00+00:00
5d629036-f05a-4442-bf94-3393a3cbddba,01,LOT-0001,,,False,
5d629036-f05a-4442-bf94-3393a3cbddba,01,LOT-0002,,,False,
8d4a29da-6d95-436d-a0f7-26429bbf0f10,01,LOT-0001,46.0,DAY,True,
8d4a29da-6d95-436d-a0f7-26429bbf0f10,01,LOT-0002,46.0,DAY,True,
8d4a29da-6d95-436d-a0f7-26429bbf0f10,01,LOT-0003,46.0,DAY,True,
ec8e8be2-d6eb-4729-8d2d-09bbef6c68a8,01,LOT-0001,78.0,DAY,False,2026-09-24 09:00:00+00:00
bcc8ba50-6f9a-4203-b1b0-8e47f17b1d21,01,LOT-0001,2.0,MONTH,False,
443b1f65-33e9-470e-a0d4-bdfbe75a3894,01,LOT-0001,,,,
443b1f65-33e9-470e-a0d4-bdfbe75a3894,01,LOT-0002,,,,
58eb916b-42e7-4bae-a968-f2441fbbdf8e,01,LOT-0001,,,,
5b4b6b5d-0392-497a-9434-6a4c80f1c9ed,01,LOT-0000,,,,
6567e7d7-a73f-4743-95cc-1d79924e3da6,01,LOT-0001,,,,
fd32bf75-380b-4526-8219-1452e28c6aab,01,LOT-0000,42.0,DAY,,2026-10-28 07:00:00+00:00
6f53dfab-2e5b-4d3c-8c90-51b0e179ed28,01,LOT-0001,4.0,MONTH,,2026-10-16 10:05:00+00:00
6f53dfab-2e5b-4d3c-8c90-51b0e179ed28,01,LOT-0002,4.0,MONTH,,2026-10-16 10:05:00+00:00
455f167a-a4f5-4731-9358-f35e7a72bbd8,01,LOT-0001,,,,
c1420ad3-d5ad-45b3-aebd-ed9669ffe8fa,01,LOT-0001,,,False,
d2d48dc2-f531-4bcd-999c-62b90579b79f,01,LOT-0001,,,,
d2d48dc2-f531-4bcd-999c-62b90579b79f,01,LOT-0002,,,,
d2d48dc2-f531-4bcd-999c-62b90579b79f,01,LOT-0003,,,,
d2d48dc2-f531-4bcd-999c-62b90579b79f,01,LOT-0004,,,,
915313db-1a99-4a68-802f-f0707033240b,01,LOT-0000,25.0,DAY,,2026-10-26 09:00:00+00:00
ed6675ff-7b24-4be8-8fe8-77d6714633f2,01,LOT-0001,56.0,DAY,False,2026-09-23 09:01:00+00:00
326d396e-a357-4ff6-8360-829eeff56814,01,LOT-0000,61.0,DAY,,
4214b1f1-d072-4fe2-86a9-354f62166769,01,LOT-0000,60.0,DAY,,2026-10-15 08:00:00+00:00
5bb66845-fee5-49e6-b2c8-f3077fa3ed32,01,LOT-0001,,,,
5efadda4-49d5-4acd-b026-868aa4239f3f,01,LOT-0001,,,,
2ab32f0d-71a0-48ea-b7ce-574864ea9f96,01,LOT-0001,,,,
19567368-13c7-4717-8adf-135ddae9aea6,01,LOT-0001,,,,
a6cbee04-9b79-44b1-bc02-954157bf1acc,01,LOT-0001,,,,
5262ea32-c945-4313-b24a-e1dc8ce0c833,01,LOT-0001,31.0,DAY,False,
5262ea32-c945-4313-b24a-e1dc8ce0c833,01,LOT-0002,31.0,DAY,False,
c02d75ff-4f73-41c3-8746-ab67f279f46b,01,LOT-0001,,,False,
9c21c7b4-fd30-4a13-b41c-fd92aa83e5f8,01,LOT-0001,138.0,DAY,,
9c21c7b4-fd30-4a13-b41c-fd92aa83e5f8,01,LOT-0002,138.0,DAY,,
325cac3c-ba5f-4058-8524-ec5a6b5562c7,01,LOT-0001,,,,
4466d3d1-354c-4dfd-80f1-470c81110cc7,01,LOT-0001,,,,
a450274a-fe7c-4dc9-99e0-a78b2904e3dd,01,LOT-0001,,,,
d9ab1893-476e-41db-ad82-62adfc75f439,01,LOT-0000,,,,
1cbc2be9-77e9-4ffa-9a20-800fad6e93c3,01,LOT-0000,,,,
a5a8d359-ffca-4d30-8c7f-1be5e578381a,01,LOT-0000,,,,
cbc38ace-ae5a-48fb-826f-0e56e65dcf44,01,LOT-0000,,,,
cc2d829a-34b8-48aa-a872-94a33787ac01,01,LOT-0001,,,,
722a34d1-9a70-44a5-b131-3aa7cecb3bf0,01,LOT-0001,3.0,MONTH,,
722a34d1-9a70-44a5-b131-3aa7cecb3bf0,01,LOT-0002,3.0,MONTH,,
9826794f-f8d4-41f5-94ae-1471d8dd3eaf,01,LOT-0001,105.0,DAY,,
2cd44b0b-edc9-4120-b18a-2d8c35a43d9a,01,LOT-0001,60.0,DAY,False,
af662d6d-6dd9-47a9-b947-69930e5be98a,01,LOT-0001,,,,
76a4abec-70c6-4ed9-84f2-9cc496ac0c8d,01,LOT-0001,,,,
09b85bf3-4637-4ffe-b72a-f4a851f18c50,01,LOT-0000,60.0,DAY,,2026-10-22 11:00:00+00:00
b8ee89a5-dff2-4f48-8e18-3179c15c7176,01,LOT-0000,,,,
f913dfbe-62c2-4805-8fe3-57bcb9b041c4,01,LOT-0001,67.0,DAY,False,2026-10-19 10:00:00+00:00
508ca28a-585d-4af7-ae3e-01f3b25617b3,01,LOT-0001,,,,
508ca28a-585d-4af7-ae3e-01f3b25617b3,01,LOT-0002,,,,
b96be751-fb7a-4b0e-8c51-95cf2f0b6932,01,LOT-0001,,,,
f9dc1e05-3689-41bc-b82b-4ebe5fc1ffb5,01,LOT-0001,46.0,DAY,,2026-11-02 10:00:00+00:00
2cffc857-8981-4b4c-b243-57cfade63ceb,01,LOT-0000,,,,
1287fcbe-fcb9-41ca-bf3c-a0de9daf4b9e,01,LOT-0000,30.0,DAY,,2026-10-15 10:00:00+00:00
f439fc31-d3e0-4ed6-b2be-171c7602f2de,01,LOT-0001,,,,
1ab5d1a7-fe8d-419a-9db7-79d39fe0c7e2,01,LOT-0000,,,,
5cff7c10-1e0e-4abe-8f0b-b6345a1362a0,01,LOT-0000,60.0,DAY,True,2026-10-28 08:00:00+00:00
ff2104f9-1865-47f2-9eb6-492ec5350a0f,01,LOT-0000,,,,
01a0a407-b934-4e84-9bc5-759b0283b54d,01,LOT-0001,25.0,DAY,,2026-10-16 08:00:00+00:00
01a0a407-b934-4e84-9bc5-759b0283b54d,01,LOT-0002,25.0,DAY,,2026-10-16 08:00:00+00:00
c9741f16-aea4-4b1f-905d-999a6eff6661,01,LOT-0001,,,,
c9741f16-aea4-4b1f-905d-999a6eff6661,01,LOT-0002,,,,
c9741f16-aea4-4b1f-905d-999a6eff6661,01,LOT-0003,,,,
c9741f16-aea4-4b1f-905d-999a6eff6661,01,LOT-0004,,,,
c9741f16-aea4-4b1f-905d-999a6eff6661,01,LOT-0005,,,,
7cf2f3fd-2cfd-4bdc-a91f-0617a3c607bb,01,LOT-0000,46.0,DAY,,2026-10-12 09:00:00+00:00
dd867525-7c3b-4ca7-be75-717b59eb4294,01,LOT-0001,,,False,
4c0e180b-bc9a-43e6-bac7-35fc4082df54,01,LOT-0001,,,,
50d1e5cc-c1ae-45b5-a685-505c1595d0c8,01,LOT-0000,60.0,DAY,,2026-10-22 11:00:00+00:00
a9cb14a8-596e-478a-a3e9-d94670549370,01,LOT-0000,60.0,DAY,,2026-10-22 11:00:00+00:00
ce81ab80-ec22-4e38-96c7-a762aaf4761a,01,LOT-0000,,,,
154276a1-4b77-4421-affc-870c5617d15b,01,LOT-0000,,,,
8bb86434-f323-438c-b410-688eea1e9382,01,LOT-0000,,,,
44c726f4-e15d-43d3-84a5-0ceb2ecbff2a,01,LOT-0000,60.0,DAY,,2026-10-22 11:00:00+00:00
b225ac0d-7f96-4f8c-b700-3633e085621c,01,LOT-0000,,,,
bf6239ed-5f02-4dd1-9d8d-7772fcc8eee0,01,LOT-0000,46.0,DAY,,2026-10-12 12:00:00+00:00
01a08a75-f5eb-4e4c-83c5-60b164ebe35b,01,LOT-0008,,,,
01a08a75-f5eb-4e4c-83c5-60b164ebe35b,01,LOT-0009,,,,
01a08a75-f5eb-4e4c-83c5-60b164ebe35b,01,LOT-0011,,,,
01a08a75-f5eb-4e4c-83c5-60b164ebe35b,01,LOT-0012,,,,
01a08a75-f5eb-4e4c-83c5-60b164ebe35b,01,LOT-0013,,,,
01a08a75-f5eb-4e4c-83c5-60b164ebe35b,01,LOT-0017,,,,
e79bb7f2-a797-4169-abb8-05686d80f70c,01,LOT-0000,,,,
9fab6856-357f-44cb-a8f7-1b3a015751da,01,LOT-0000,,,,
49e40c9c-e25d-42bb-a417-c5e2c40be8b5,01,LOT-0001,4.0,MONTH,,2026-10-16 08:00:00+00:00
49e40c9c-e25d-42bb-a417-c5e2c40be8b5,01,LOT-0002,4.0,MONTH,,2026-10-16 08:00:00+00:00
49e40c9c-e25d-42bb-a417-c5e2c40be8b5,01,LOT-0003,4.0,MONTH,,2026-10-16 08:00:00+00:00
1bc79d4d-4082-437e-9e3a-1e7a5bfcbe89,01,LOT-0001,,,,
24f04cdc-1d87-4457-9ca5-1dfd450fe67b,01,LOT-0001,63.0,DAY,True,
3c19ff19-7593-4294-ada0-ad71fa55a8f1,01,LOT-0000,3.0,MONTH,,
4a448abd-7f1f-4052-987f-f9aea3df2fb9,01,LOT-0001,60.0,DAY,False,2026-09-28 08:01:00+00:00
6c6fdea1-a35c-496f-ba69-5853b8cf1ed4,01,LOT-0001,38.0,DAY,False,
6c6fdea1-a35c-496f-ba69-5853b8cf1ed4,01,LOT-0002,38.0,DAY,False,
6c6fdea1-a35c-496f-ba69-5853b8cf1ed4,01,LOT-0003,38.0,DAY,False,
6c6fdea1-a35c-496f-ba69-5853b8cf1ed4,01,LOT-0004,38.0,DAY,False,
6c6fdea1-a35c-496f-ba69-5853b8cf1ed4,01,LOT-0005,38.0,DAY,False,
6c6fdea1-a35c-496f-ba69-5853b8cf1ed4,01,LOT-0006,38.0,DAY,False,
6c6fdea1-a35c-496f-ba69-5853b8cf1ed4,01,LOT-0007,38.0,DAY,False,
ea6b8124-9d3e-47b1-8200-425ac8a738d0,01,LOT-0001,,,,
0f82d9af-1042-4efa-bedb-f3d607ed98fe,01,LOT-0000,46.0,DAY,,2026-10-12 08:00:00+00:00
d62756f0-2007-4111-b118-e5f44c943b18,01,LOT-0001,60.0,DAY,True,2026-09-17 11:00:00+00:00
cf7fd649-8c6c-4db7-aeaa-8b6adf173b11,01,LOT-0000,,,,
bb722a54-0ab3-4fed-ab47-3f00b6ada783,01,LOT-0001,28.0,DAY,,
5f734b5e-89a1-4d03-87e5-eb2f15ad7a35,01,LOT-0001,79.0,DAY,,
069f2e57-7452-4eec-8c81-59e0faf49d5e,01,LOT-0001,,,,
c1fccf1b-9a52-4960-a3e3-1066df557382,01,LOT-0001,,,,
7b2a1a74-b527-473f-a088-7888d6e200fb,01,LOT-0001,18.0,DAY,False,
7b2a1a74-b527-473f-a088-7888d6e200fb,01,LOT-0002,18.0,DAY,False,
7b2a1a74-b527-473f-a088-7888d6e200fb,01,LOT-0003,18.0,DAY,False,
7b2a1a74-b527-473f-a088-7888d6e200fb,01,LOT-0004,18.0,DAY,False,
7b2a1a74-b527-473f-a088-7888d6e200fb,01,LOT-0005,18.0,DAY,False,
7b2a1a74-b527-473f-a088-7888d6e200fb,01,LOT-0006,18.0,DAY,False,
7b2a1a74-b527-473f-a088-7888d6e200fb,01,LOT-0007,18.0,DAY,False,
26f1848e-d8d5-4ae3-8b0c-6dca3e4bee79,01,LOT-0001,,,,
0d06762e-e42a-44c3-96ef-618a5fa055fd,01,LOT-0001,,,,
0d06762e-e42a-44c3-96ef-618a5fa055fd,01,LOT-0002,,,,
56833ea5-58df-41b1-8b93-69c32e3b776d,01,LOT-0001,,,,
ccfe1ec7-0145-4cc5-a866-6058305a1906,01,LOT-0001,,,False,
719c0678-a8c7-4e34-9073-1ea5837a8f61,01,LOT-0000,108.0,DAY,,2026-10-20 08:00:00+00:00
89f97a08-7e7c-47ff-a36b-8cf22b175cac,01,LOT-0001,,,,
255a6420-e1db-4b4a-bd00-02847c49b7bd,01,LOT-0000,,,,
fef55906-ff0b-49ed-baed-06312268141a,01,LOT-0001,,,,
6a072c36-ff4e-4e01-9d2f-c3849aff79cd,01,LOT-0001,,,,
8db0b259-4bac-4cdb-914d-e4d1c3fdccb2,01,LOT-0000,,,,
a9a85eaa-02be-4d44-9519-cd119a5374cc,01,LOT-0000,56.0,DAY,,2026-10-28 08:00:00+00:00
ea8f1a43-9513-41a0-8a4d-0cd582862db3,01,LOT-0001,,,,
ea399951-3dbe-4ef5-bed6-49aca30291ac,01,LOT-0000,,,,
d54ec781-962f-409c-a82b-f09e4e169ca3,01,LOT-0001,,,,
232a86f2-44bc-4701-b740-2c7275873a1f,01,LOT-0001,,,,
232a86f2-44bc-4701-b740-2c7275873a1f,01,LOT-0002,,,,
232a86f2-44bc-4701-b740-2c7275873a1f,01,LOT-0003,,,,
232a86f2-44bc-4701-b740-2c7275873a1f,01,LOT-0004,,,,
232a86f2-44bc-4701-b740-2c7275873a1f,01,LOT-0005,,,,
232a86f2-44bc-4701-b740-2c7275873a1f,01,LOT-0006,,,,
f97fbca6-d36d-409a-8a03-ef03a38df3de,01,LOT-0001,3.0,MONTH,,
f97fbca6-d36d-409a-8a03-ef03a38df3de,01,LOT-0002,3.0,MONTH,,
f97fbca6-d36d-409a-8a03-ef03a38df3de,01,LOT-0003,3.0,MONTH,,
f97fbca6-d36d-409a-8a03-ef03a38df3de,01,LOT-0004,3.0,MONTH,,
57ece606-117a-426d-a888-4af660b56f3e,01,LOT-0000,,,,
2084d52a-b36f-405e-9d0f-155d89d95f94,01,LOT-0000,33.0,DAY,,2026-09-28 08:00:00+00:00
04867f6b-9686-4e52-a263-3c1b27c0f00a,01,LOT-0001,92.0,DAY,,
cb625fd4-998b-4104-9f7e-0c2c66a7c16d,01,LOT-0000,4.0,MONTH,,
cb4cb836-775d-4166-864b-3717c808efc8,01,LOT-0001,58.0,DAY,,
9217b00b-6110-4ee9-abd6-26cc9165de60,01,LOT-0001,72.0,DAY,False,2026-10-21 10:00:00+00:00
f44ac8af-3eef-4a35-9414-dfa76e528ad8,01,LOT-0000,55.0,DAY,,2026-10-20 08:00:00+00:00
1f83280b-0311-4e2f-a22c-6d2457cfbcee,01,LOT-0001,60.0,DAY,False,2026-10-16 09:00:00+00:00
fab52f0b-58ae-47ed-bbbc-1d3829b47040,01,LOT-0000,19.0,DAY,,2026-09-21 09:00:00+00:00
88b94f05-7399-428a-bda2-74ab08ab3d07,01,LOT-0001,6.0,MONTH,False,
b34d0781-ea79-41ab-9907-370f83e79047,01,LOT-0001,59.0,DAY,,2026-10-06 08:00:00+00:00
29c7ca20-b67c-40b2-87ac-9686db66acaa,01,LOT-0000,,,,
ff2ff8ed-94f5-47d4-9a40-d6363f5f5c5e,01,LOT-0000,60.0,DAY,,2026-10-19 07:00:00+00:00
1622ff00-ae42-4b30-b534-ad41942e1e65,01,LOT-0001,60.0,DAY,False,2026-11-03 08:01:00+00:00
ca39dcd9-6735-4eeb-a7ec-a3d84ce6d3d3,01,LOT-0001,47.0,DAY,False,
f0c5d53b-9cb6-47fe-9daf-310dfde71f38,01,LOT-0000,,,,
71ed154a-f1b0-4a9f-99e4-3f8e18f561af,01,LOT-0000,3.0,MONTH,,
5b6d92e9-a4ab-4d47-90c0-342cc5774de2,01,LOT-0001,,,,
aac2dd05-c839-4c68-baeb-784225a7c0be,01,LOT-0001,,,,
56123ce9-7570-44f8-898c-ccbf61ddfdba,01,LOT-0001,,,,
56123ce9-7570-44f8-898c-ccbf61ddfdba,01,LOT-0002,,,,
a4cd7a04-bb82-447d-80ff-207898189a11,01,LOT-0000,,,,
b9aa34b4-b93b-4a35-a684-baa083456b4c,01,LOT-0000,136.0,DAY,,2026-10-22 07:00:00+00:00
50a582d8-d1af-4637-9eb5-ca6378a99bb9,01,LOT-0001,108.0,DAY,,
50a582d8-d1af-4637-9eb5-ca6378a99bb9,01,LOT-0002,108.0,DAY,,
50a582d8-d1af-4637-9eb5-ca6378a99bb9,01,LOT-0003,108.0,DAY,,
50a582d8-d1af-4637-9eb5-ca6378a99bb9,01,LOT-0004,108.0,DAY,,
3ee3ffd5-8ec5-4510-b21e-a9c074591fec,01,LOT-0000,60.0,DAY,,2026-10-22 11:00:00+00:00
a5670d06-f5c1-44a2-b02e-d00fe844880e,01,LOT-0000,60.0,DAY,,2026-10-01 08:00:00+00:00
a5111cb1-0261-42d7-98a0-a1b063e9b896,01,LOT-0001,26.0,DAY,False,2026-10-08 08:01:00+00:00
a5111cb1-0261-42d7-98a0-a1b063e9b896,01,LOT-0002,26.0,DAY,False,2026-10-08 08:01:00+00:00
3747dc6f-9c33-4dc6-83af-6504813c09b1,01,LOT-0001,,,,
3446a559-15f9-491b-8476-6d32e4154c93,01,LOT-0001,,,,
3090317f-1aac-40b4-8d54-b45d4f559a78,01,LOT-0001,,,,
1e8e8e86-5c2f-497f-9865-460e2e1cb375,01,LOT-0001,,,,
a00511c6-9a64-4118-811c-0f238982651a,01,LOT-0001,,,,
381fc019-557a-4388-a9a4-a8e7afcb1741,01,LOT-0001,,,,
fad97142-b443-4bd9-b7aa-c486345187b3,01,LOT-0000,,,,
db18829c-a80e-45d8-bacf-cf1745f3b6d5,01,LOT-0001,,,,
a19b0eb5-b850-4dc3-b4db-d7ec9049bb26,01,LOT-0001,,,,
e4d3e324-99ba-4975-82a6-24cd59e5aec6,01,LOT-0000,50.0,DAY,,2026-10-29 09:00:00+00:00
8176dc60-b619-471e-9097-2d25509222c4,01,LOT-0001,56.0,DAY,False,
51971ae6-9e49-4e37-ae18-5812dd49561d,01,LOT-0000,,,,
54760ccf-db92-421d-bbc0-d3a3052c6575,01,LOT-0001,,,,
a9c762b8-ce8e-4981-b4e8-ee9246ced7f2,01,LOT-0001,76.0,DAY,False,
f51cf9c9-f534-4b55-b11e-79c7e00fc1b2,01,LOT-0001,,,,
7576de88-72a4-4142-9bc0-0348aef4d44f,01,LOT-0001,95.0,DAY,True,
cb21b5cc-64db-4789-b17e-206767fe07e0,01,LOT-0001,60.0,DAY,False,
a4bf01d3-eaf4-444c-b103-dc7f10e6d150,01,LOT-0001,135.0,DAY,,
c454fa91-86f5-4f3c-9109-a3bc53e13198,01,LOT-0000,56.0,DAY,,2026-09-22 07:00:00+00:00
abad8933-5d48-4692-87a6-59a6da346543,01,LOT-0001,31.0,DAY,,
ef21858d-19ec-4f13-b58a-a4e0c55551ed,01,LOT-0001,45.0,DAY,,
29715cba-4b1c-4a79-a013-53b23c164720,01,LOT-0001,,,,
01a0a4f7-beff-412f-9087-3edc6bf9153e,01,LOT-0001,36.0,DAY,,2026-10-15 08:00:00+00:00
5a6e71b2-0412-41b8-842d-68c99c9ed184,01,LOT-0001,87.0,DAY,,
1c27c316-9b14-4594-907e-d95f38ed204e,01,LOT-0000,,,,
3fdeb952-ef6e-40e5-a887-a7e2b7cf662f,01,LOT-0001,60.0,DAY,True,
2f19d346-0db3-412c-b8a2-9dd0c007b0a8,01,LOT-0001,,,,
2f19d346-0db3-412c-b8a2-9dd0c007b0a8,01,LOT-0002,,,,
2f19d346-0db3-412c-b8a2-9dd0c007b0a8,01,LOT-0003,,,,
2f19d346-0db3-412c-b8a2-9dd0c007b0a8,01,LOT-0004,,,,
2a55e205-4e71-40a0-ac8c-75e8bb465205,01,LOT-0001,9.0,WEEK,False,2026-10-07 10:01:00+00:00
991ad645-b124-416b-b5f9-d364a221823d,01,LOT-0001,41.0,DAY,False,2026-09-23 11:05:00+00:00
991ad645-b124-416b-b5f9-d364a221823d,01,LOT-0002,41.0,DAY,False,2026-09-23 11:05:00+00:00
991ad645-b124-416b-b5f9-d364a221823d,01,LOT-0003,41.0,DAY,False,2026-09-23 11:05:00+00:00
991ad645-b124-416b-b5f9-d364a221823d,01,LOT-0004,41.0,DAY,False,2026-09-23 11:05:00+00:00
991ad645-b124-416b-b5f9-d364a221823d,01,LOT-0005,41.0,DAY,False,2026-09-23 11:05:00+00:00
991ad645-b124-416b-b5f9-d364a221823d,01,LOT-0006,41.0,DAY,False,2026-09-23 11:05:00+00:00
991ad645-b124-416b-b5f9-d364a221823d,01,LOT-0007,41.0,DAY,False,2026-09-23 11:05:00+00:00
991ad645-b124-416b-b5f9-d364a221823d,01,LOT-0008,41.0,DAY,False,2026-09-23 11:05:00+00:00
991ad645-b124-416b-b5f9-d364a221823d,01,LOT-0009,41.0,DAY,False,2026-09-23 11:05:00+00:00
991ad645-b124-416b-b5f9-d364a221823d,01,LOT-0010,41.0,DAY,False,2026-09-23 11:05:00+00:00
991ad645-b124-416b-b5f9-d364a221823d,01,LOT-0011,41.0,DAY,False,2026-09-23 11:05:00+00:00
991ad645-b124-416b-b5f9-d364a221823d,01,LOT-0012,41.0,DAY,False,2026-09-23 11:05:00+00:00
991ad645-b124-416b-b5f9-d364a221823d,01,LOT-0013,41.0,DAY,False,2026-09-23 11:05:00+00:00
991ad645-b124-416b-b5f9-d364a221823d,01,LOT-0014,41.0,DAY,False,2026-09-23 11:05:00+00:00
991ad645-b124-416b-b5f9-d364a221823d,01,LOT-0015,41.0,DAY,False,2026-09-23 11:05:00+00:00
991ad645-b124-416b-b5f9-d364a221823d,01,LOT-0016,41.0,DAY,False,2026-09-23 11:05:00+00:00
991ad645-b124-416b-b5f9-d364a221823d,01,LOT-0017,41.0,DAY,False,2026-09-23 11:05:00+00:00
97342522-2e60-41ee-b63e-7fd68f818a0c,01,LOT-0001,24.0,DAY,True,2026-09-18 08:30:00+00:00
5b29187c-30f5-4ea0-b7d0-5a2195b18ade,01,LOT-0001,28.0,DAY,False,
6db5929d-a517-43ed-9fe9-fb670fd9e694,01,LOT-0001,,,,
75a604da-489d-4c11-8fa6-c21c913fafa8,01,LOT-0001,6.0,WEEK,False,2026-10-22 10:00:00+00:00
7dbb6c22-daf6-4e56-946f-922a05548229,01,LOT-0001,,,,
89046bbd-88d4-4d33-b75e-6499e7d1c3ff,01,LOT-0001,45.0,DAY,False,
ec83e767-8a08-4384-b1f9-7c970236efa0,01,LOT-0001,,,,
48badf3d-488b-4187-a932-53f825f535a7,01,LOT-0000,60.0,DAY,True,2026-09-29 07:45:00+00:00
ababf43b-da83-4689-bf19-3f25a3f96273,01,LOT-0000,161.0,DAY,,2026-12-21 13:00:00+00:00
6eed375a-5cb3-4ea3-8c0e-467f90e25ca1,01,LOT-0000,,,,
80675cc9-565a-4b93-816d-55b5930a0bb8,01,LOT-0001,,,,
79800511-1d4b-4ad3-8c60-fd255ab125b3,01,LOT-0001,,,,
d31e5a38-d43a-4547-8973-c3590bacd62e,01,LOT-0001,,,,
d31e5a38-d43a-4547-8973-c3590bacd62e,01,LOT-0002,,,,
9938303e-ed44-4a45-aa29-1702c0edcd58,01,LOT-0001,,,False,
b64ce675-d41d-4740-be94-e6472a525ea9,01,LOT-0001,,,,
7f82f565-4dd7-47a0-b5d2-8365820afd12,01,LOT-0001,,,True,
ad9eaa7a-3247-485c-859d-ec19a1263c6b,01,LOT-0001,,,,
655042ea-1acb-49b4-af80-c050e20f7f66,01,LOT-0001,80.0,DAY,,
4f079692-fb67-4402-9761-f9a98b5ae938,01,LOT-0001,26.0,DAY,True,
2c604aa0-56c3-4cdd-80eb-ff20350a7e4d,01,LOT-0000,2.0,MONTH,,
830c6da5-b6b1-4631-a98e-1f52d628be32,01,LOT-0001,,,,
6726f720-afb1-4713-9d79-16afcdf8bc54,01,LOT-0000,,,,
d17d31d5-55ce-45a3-8044-d38ba241649a,01,LOT-0000,,,,
7c2448be-ac15-4f24-a1e8-fd2d19926919,01,LOT-0001,,,False,
e1f56e28-697e-4bd0-be6c-ee7320bd1a4f,01,LOT-0001,26.0,DAY,False,
e1f56e28-697e-4bd0-be6c-ee7320bd1a4f,01,LOT-0002,26.0,DAY,False,
c0fea23b-3299-4f7d-81f9-bd0dbeff808f,01,LOT-0000,3.0,MONTH,,2026-09-24 08:00:00+00:00
ef80485e-9b72-4f69-8fac-b1ca556c920b,01,LOT-0001,28.0,DAY,True,
7c14f33e-7463-4d67-aec2-1d0904c78a73,01,LOT-0000,35.0,DAY,,2026-10-07 08:01:00+00:00
4a5efa8c-4b06-4b5e-82bb-feac20ff8346,01,PAR-0001,,,,
bf0fdfde-8f62-4b1a-a947-5a92338c95b6,01,LOT-0000,,,,
a7170bc7-df89-4c34-ad0c-377bea21c268,01,LOT-0001,,,,
9449fe06-b7d5-450b-a214-cb1984fff69b,01,LOT-0000,13.0,WEEK,False,2026-10-27 08:00:00+00:00
542983ed-6b28-4ae0-bc34-9721fa8b95d4,01,LOT-0001,,,False,
2fef9971-9508-4941-98cb-7c449a31e82e,01,LOT-0000,30.0,DAY,,
d34f17c2-ba49-4106-a620-f9f6ef327863,01,LOT-0001,3.0,MONTH,True,2026-10-19 11:00:00+00:00
c92fe955-e074-45e2-b270-ab63af8a6e30,01,LOT-0001,,,,
846aa4fb-948a-48cf-9b6f-0b9d5add1ffa,05,LOT-0000,60.0,DAY,True,2026-10-15 09:00:00+00:00
ec07ce3b-6024-4d6e-b732-6f5218b332b4,02,LOT-0001,,,,
4f135c7e-421a-4a18-96b3-42acb5886bd3,02,LOT-0001,,,,
2e39367e-8a41-4431-a32e-ad0a284f236e,02,LOT-0001,,,,
2ae1cd41-6e2c-4ea0-880f-730fbc13c727,01,LOT-0000,58.0,DAY,,2026-10-20 08:00:00+00:00
c3c3c991-ddef-4be9-8019-79e0977619b1,01,LOT-0001,,,,
ed9237f6-d2c2-4613-be5a-13617329b435,02,LOT-0001,80.0,DAY,,
9c08a1ab-83d4-49e8-a1d2-0cba0d37ceaa,01,LOT-0001,80.0,DAY,,
8a5794f3-558e-4156-86a7-1950acb1d1e6,01,LOT-0000,,,,
ac66cbd7-4e75-4d04-a276-96c26831c4b1,01,LOT-0001,,,,
01a0a4d3-42d3-44f0-b13d-d8b56e99fc69,01,LOT-0001,,,,
78d1a7ca-9cba-4604-87cb-316487d61edd,01,LOT-0001,18.0,DAY,False,
78d1a7ca-9cba-4604-87cb-316487d61edd,01,LOT-0002,18.0,DAY,False,
78d1a7ca-9cba-4604-87cb-316487d61edd,01,LOT-0003,18.0,DAY,False,
78d1a7ca-9cba-4604-87cb-316487d61edd,01,LOT-0004,18.0,DAY,False,
78d1a7ca-9cba-4604-87cb-316487d61edd,01,LOT-0005,18.0,DAY,False,
78d1a7ca-9cba-4604-87cb-316487d61edd,01,LOT-0006,18.0,DAY,False,
78d1a7ca-9cba-4604-87cb-316487d61edd,01,LOT-0007,18.0,DAY,False,
78d1a7ca-9cba-4604-87cb-316487d61edd,01,LOT-0008,18.0,DAY,False,
78d1a7ca-9cba-4604-87cb-316487d61edd,01,LOT-0009,18.0,DAY,False,
78d1a7ca-9cba-4604-87cb-316487d61edd,01,LOT-0010,18.0,DAY,False,
78d1a7ca-9cba-4604-87cb-316487d61edd,01,LOT-0011,18.0,DAY,False,
78d1a7ca-9cba-4604-87cb-316487d61edd,01,LOT-0012,18.0,DAY,False,
78d1a7ca-9cba-4604-87cb-316487d61edd,01,LOT-0013,18.0,DAY,False,
78d1a7ca-9cba-4604-87cb-316487d61edd,01,LOT-0014,18.0,DAY,False,
78d1a7ca-9cba-4604-87cb-316487d61edd,01,LOT-0015,18.0,DAY,False,
78d1a7ca-9cba-4604-87cb-316487d61edd,01,LOT-0016,18.0,DAY,False,
d6da6ed7-48c3-48d2-9cac-66f689d15028,1,LOT-0000,,,False,
f7488eee-a1ed-4f47-b78a-a9219f06abe3,1,LOT-0000,,,True,
25826990,1,LOT-0000,,,,
25826986,1,LOT-0000,,,,
25826982,1,LOT-0000,,,,
25818298,1,LOT-0000,,,,
25821782,1,LOT-0000,,,,
25818322,2,LOT-0000,,,,
25822872,1,LOT-0000,,,,
25822876,1,LOT-0000,,,,
25822880,1,LOT-0000,,,,
25822884,1,LOT-0000,,,,
25822888,1,LOT-0000,,,,
25822892,1,LOT-0000,,,,
25822896,1,LOT-0000,,,,
25822900,1,LOT-0000,,,,
25822904,1,LOT-0000,,,,
25822908,1,LOT-0000,,,,
25822912,1,LOT-0000,,,,
25822916,1,LOT-0000,,,,
25822920,1,LOT-0000,,,,
25822924,1,LOT-0000,,,,
25822928,1,LOT-0000,,,,
25822932,1,LOT-0000,,,,
25822936,1,LOT-0000,,,,
25822944,1,LOT-0000,,,,
25822948,1,LOT-0000,,,,
25822952,1,LOT-0000,,,,
25822956,1,LOT-0000,,,,
25822960,1,LOT-0000,,,,
25822964,1,LOT-0000,,,,
25822836,1,LOT-0000,,,,
25822840,1,LOT-0000,,,,
25822844,1,LOT-0000,,,,
25822848,1,LOT-0000,,,,
25822852,1,LOT-0000,,,,
25822856,1,LOT-0000,,,,
25822860,1,LOT-0000,,,,
25822868,1,LOT-0000,,,,
25825356,1,LOT-0000,,,,
25825360,1,LOT-0000,,,,
25825364,1,LOT-0000,,,,
25825368,1,LOT-0000,,,,
25825372,1,LOT-0000,,,,
25825376,1,LOT-0000,,,,
25825380,1,LOT-0000,,,,
25825384,1,LOT-0000,,,,
25825388,1,LOT-0000,,,,
25825392,1,LOT-0000,,,,
25825396,1,LOT-0000,,,,
25825400,1,LOT-0000,,,,
25825404,1,LOT-0000,,,,
25825408,1,LOT-0000,,,,
25825412,1,LOT-0000,,,,
25825416,1,LOT-0000,,,,
25825420,1,LOT-0000,,,,
25825424,1,LOT-0000,,,,
25825428,1,LOT-0000,,,,
25825432,1,LOT-0000,,,,
25825436,1,LOT-0000,,,,
25825440,1,LOT-0000,,,,
25821438,2,LOT-0000,,,,
25825332,1,LOT-0000,,,,
25825336,1,LOT-0000,,,,
25825340,1,LOT-0000,,,,
25825344,1,LOT-0000,,,,
25825348,1,LOT-0000,,,,
25825352,1,LOT-0000,,,,
25817140,2,LOT-0000,,,,
25825328,1,LOT-0000,,,,
25821434,2,LOT-0000,,,,
25635804,1,LOT-0000,,,,
25750966,2,LOT-0000,,,,
25827228,1,LOT-0000,,,,
25744564,2,LOT-0000,,,,
25723776,3,LOT-0000,,,,
25827124,1,LOT-0000,,,,
25822500,1,LOT-0000,,,,
25823454,1,LOT-0000,,,,
25825624,1,LOT-0000,,,,
25719552,1,LOT-0000,,,,
25823356,1,LOT-0000,,,,
25823352,1,LOT-0000,,,,
25823338,1,LOT-0000,,,,
25827156,1,LOT-0000,,,,
25822526,1,LOT-0000,,,,
25825848,1,LOT-0000,,,,
25823310,1,LOT-0000,,,,
25822816,1,LOT-0000,,,,
25822756,1,LOT-0000,,,,
25822708,1,LOT-0000,,,,
25823406,1,LOT-0000,,,,
25823012,1,LOT-0000,,,,
25825852,1,LOT-0000,,,,
25822632,1,LOT-0000,,,,
25822628,1,LOT-0000,,,,
25822624,1,LOT-0000,,,,
25822620,1,LOT-0000,,,,
25825660,1,LOT-0000,,,,
25825784,1,LOT-0000,,,,
25823104,1,LOT-0000,,,,
25823326,1,LOT-0000,,,,
25827084,1,LOT-0000,,,,
25823348,1,LOT-0000,,,,
25823344,1,LOT-0000,,,,
25823442,1,LOT-0000,,,,
25776634,2,LOT-0000,,,,
25825628,1,LOT-0000,,,,
25827176,1,LOT-0000,,,,
25825462,1,LOT-0000,,,,
25826954,1,LOT-0000,,,,
25823214,1,LOT-0000,,,,
25826978,1,LOT-0000,,,,
25825776,1,LOT-0000,,,,
25823084,1,LOT-0000,,,,
25822616,1,LOT-0000,,,,
25825844,1,LOT-0000,,,,
25823218,1,LOT-0000,,,,
25823076,1,LOT-0000,,,,
25826950,1,LOT-0000,,,,
25826974,1,LOT-0000,,,,
25825446,1,LOT-0000,,,,
25822748,1,LOT-0000,,,,
25822584,1,LOT-0000,,,,
25823056,1,LOT-0000,,,,
25822664,1,LOT-0000,,,,
25822612,1,LOT-0000,,,,
25823478,1,LOT-0000,,,,
25823784,1,LOT-0000,,,,
25823508,1,LOT-0000,,,,
25776550,2,LOT-0000,,,,
25823306,1,LOT-0000,,,,
25825644,1,LOT-0000,,,,
25823474,1,LOT-0000,,,,
25825840,1,LOT-0000,,,,
25826942,1,LOT-0000,,,,
25825818,1,LOT-0000,,,,
25822828,1,LOT-0000,,,,
25822608,1,LOT-0000,,,,
25822604,1,LOT-0000,,,,
25822994,1,LOT-0000,,,,
25659566,4,LOT-0000,,,,
25823282,1,LOT-0000,,,,
25825324,1,LOT-0000,,,,
25822498,1,LOT-0000,,,,
25823230,1,LOT-0000,,,,
25825610,1,LOT-0000,,,,
25826052,1,LOT-0000,,,,
25826056,1,LOT-0000,,,,
25823362,1,LOT-0000,,,,
25823366,1,LOT-0000,,,,
25825606,1,LOT-0000,,,,
25822600,1,LOT-0000,,,,
25822596,1,LOT-0000,,,,
25823060,1,LOT-0000,,,,
25825602,1,LOT-0000,,,,
25825648,1,LOT-0000,,,,
25822804,1,LOT-0000,,,,
25822800,1,LOT-0000,,,,
25823470,1,LOT-0000,,,,
25825768,1,LOT-0000,,,,
25826918,1,LOT-0000,,,,
25822796,1,LOT-0000,,,,
25822744,1,LOT-0000,,,,
25822752,1,LOT-0000,,,,
25822672,1,LOT-0000,,,,
25822668,1,LOT-0000,,,,
25822990,1,LOT-0000,,,,
25822478,1,LOT-0000,,,,
25823158,1,LOT-0000,,,,
25807478,2,LOT-0000,,,,
25822792,1,LOT-0000,,,,
25822784,1,LOT-0000,,,,
25822592,1,LOT-0000,,,,
25822580,1,LOT-0000,,,,
25823438,1,LOT-0000,,,,
25825666,1,LOT-0000,,,,
25825636,1,LOT-0000,,,,
25825824,1,LOT-0000,,,,
25825316,1,LOT-0000,,,,
25758778,3,LOT-0000,,,,
25823266,1,LOT-0000,,,,
25822780,1,LOT-0000,,,,
25823262,1,LOT-0000,,,,
25825586,1,LOT-0000,,,,
25822652,1,LOT-0000,,,,
25823430,1,LOT-0000,,,,
25823772,1,LOT-0000,,,,
25826946,1,LOT-0000,,,,
25823768,1,LOT-0000,,,,
25822568,1,LOT-0000,,,,
25822978,1,LOT-0000,,,,
25825458,1,LOT-0000,,,,
25822564,1,LOT-0000,,,,
25823426,1,LOT-0000,,,,
25823048,1,LOT-0000,,,,
25822740,1,LOT-0000,,,,
25822560,1,LOT-0000,,,,
25825442,1,LOT-0000,,,,
25826048,1,LOT-0000,,,,
25825308,1,LOT-0000,,,,
25826926,1,LOT-0000,,,,
25823250,1,LOT-0000,,,,
25771066,2,LOT-0000,,,,
25823246,1,LOT-0000,,,,
25823162,1,LOT-0000,,,,
25823460,1,LOT-0000,,,,
25822700,1,LOT-0000,,,,
25776542,4,LOT-0000,,,,
25823044,1,LOT-0000,,,,
25826894,1,LOT-0000,,,,
25825656,1,LOT-0000,,,,
25823242,1,LOT-0000,,,,
25826922,1,LOT-0000,,,,
25823154,1,LOT-0000,,,,
25822510,1,LOT-0000,,,,
25823422,1,LOT-0000,,,,
25825304,1,LOT-0000,,,,
25822736,1,LOT-0000,,,,
25825706,1,LOT-0000,,,,
25826914,1,LOT-0000,,,,
25826004,1,LOT-0000,,,,
25826008,1,LOT-0000,,,,
25781004,2,LOT-0000,,,,
25826910,1,LOT-0000,,,,
25825300,1,LOT-0000,,,,
25825620,1,LOT-0000,,,,
25823234,1,LOT-0000,,,,
25825702,1,LOT-0000,,,,
25823370,1,LOT-0000,,,,
25826886,1,LOT-0000,,,,
25826102,1,LOT-0000,,,,
25826906,1,LOT-0000,,,,
25823040,1,LOT-0000,,,,
25823752,1,LOT-0000,,,,
25823748,1,LOT-0000,,,,
25823170,1,LOT-0000,,,,
25825296,1,LOT-0000,,,,
25823410,1,LOT-0000,,,,
25823456,1,LOT-0000,,,,
25822776,1,LOT-0000,,,,
25823382,1,LOT-0000,,,,
25823016,1,LOT-0000,,,,
25822732,1,LOT-0000,,,,
25823654,1,LOT-0000,,,,
25823378,1,LOT-0000,,,,
25825652,1,LOT-0000,,,,
25823028,1,LOT-0000,,,,
25822768,1,LOT-0000,,,,
25822724,1,LOT-0000,,,,
25822728,1,LOT-0000,,,,
25822720,1,LOT-0000,,,,
25822712,1,LOT-0000,,,,
25822716,1,LOT-0000,,,,
25822696,1,LOT-0000,,,,
25822680,1,LOT-0000,,,,
25823724,1,LOT-0000,,,,
25825454,1,LOT-0000,,,,
25822832,1,LOT-0000,,,,
25822760,1,LOT-0000,,,,
25822676,1,LOT-0000,,,,
25822644,1,LOT-0000,,,,
25822640,1,LOT-0000,,,,
25823226,1,LOT-0000,,,,
25825752,1,LOT-0000,,,,
25825814,1,LOT-0000,,,,
25822548,1,LOT-0000,,,,
25822528,1,LOT-0000,,,,
25823140,1,LOT-0000,,,,
25827148,1,LOT-0000,,,,
25822474,1,LOT-0000,,,,
25822536,1,LOT-0000,,,,
25825670,1,LOT-0000,,,,
25822532,1,LOT-0000,,,,
25825268,1,LOT-0000,,,,
25822660,1,LOT-0000,,,,
25822656,1,LOT-0000,,,,
25826854,1,LOT-0000,,,,
25826850,1,LOT-0000,,,,
25825516,1,LOT-0000,,,,
25825528,1,LOT-0000,,,,
25825536,1,LOT-0000,,,,
25825540,1,LOT-0000,,,,
25825544,1,LOT-0000,,,,
25825552,1,LOT-0000,,,,
25825556,1,LOT-0000,,,,
25825560,1,LOT-0000,,,,
25825564,1,LOT-0000,,,,
25825568,1,LOT-0000,,,,
25825572,1,LOT-0000,,,,
25825580,1,LOT-0000,,,,
25825484,1,LOT-0000,,,,
25823136,1,LOT-0000,,,,
25824728,1,LOT-0000,,,,
25824736,1,LOT-0000,,,,
25824744,1,LOT-0000,,,,
25823492,1,LOT-0000,,,,
25825480,1,LOT-0000,,,,
25825640,1,LOT-0000,,,,
25825798,1,LOT-0000,,,,
25825832,1,LOT-0000,,,,
25825748,1,LOT-0000,,,,
25826000,1,LOT-0000,,,,
25826020,1,LOT-0000,,,,
25826024,1,LOT-0000,,,,
25826028,1,LOT-0000,,,,
25826032,1,LOT-0000,,,,
25826036,1,LOT-0000,,,,
25826040,1,LOT-0000,,,,
25826044,1,LOT-0000,,,,
25826070,1,LOT-0000,,,,
25826074,1,LOT-0000,,,,
25826082,1,LOT-0000,,,,
25826086,1,LOT-0000,,,,
25825996,1,LOT-0000,,,,
25826012,1,LOT-0000,,,,
25826016,1,LOT-0000,,,,
25826094,1,LOT-0000,,,,
25826058,1,LOT-0000,,,,
25826098,1,LOT-0000,,,,
25825836,1,LOT-0000,,,,
25822812,1,LOT-0000,,,,
25827112,1,LOT-0000,,,,
25827152,1,LOT-0000,,,,
25827108,1,LOT-0000,,,,
25827080,1,LOT-0000,,,,
25827088,1,LOT-0000,,,,
25827096,1,LOT-0000,,,,
25827092,1,LOT-0000,,,,
25827100,1,LOT-0000,,,,
25827104,1,LOT-0000,,,,
25822648,1,LOT-0000,,,,
25822692,1,LOT-0000,,,,
25822636,1,LOT-0000,,,,
ec2ebac5-f882-4557-8f21-ab61d46d3c4a,01,LOT-0001,8.1,DAY,,2026-10-08 15:00:00+00:00
9b81c802-39b8-4174-a4cc-a7dd42d5bc39,1,LOT-0000,,,True,
06092931-df9d-48ca-bad5-0371a41ba431,2,LOT-0000,,,False,
f0c055e3-d0ac-45a8-8ed0-e2e7382866ac,01,LOT-0000,0.0,MONTH,,
c7711135-fbb7-4e6d-801a-66d41155ecca,2,LOT-0000,,,False,
200ff04c-a468-4b9e-bd0f-b1b7643c3f77,1,LOT-0000,,,True,2026-10-01 08:01:00+00:00
21d4f711-fe19-4cd7-aa8c-09863fb8e5dd,2,LOT-0000,,,False,
d199a92e-c6f7-4f52-921c-229ba1ccca1b,2,LOT-0000,,,False,
851f49ba-160c-4aec-859e-5575b9a046bb,1,LOT-0000,,,False,
b0f6fa43-92ac-4e7c-a8c9-55e3487121b0,2,LOT-0000,,,True,
cb0b417c-4949-40cb-babb-8d35ac5ecb26,1,LOT-0000,,,True,
d7d215a3-38df-4b0e-a785-26cae0a17984,1,LOT-0000,,,False,
9532800d-f9a4-4856-bb1a-46f1763f33fb,1,LOT-0000,,,False,
86a622d6-b5c8-42ae-8e4e-834ac610f252,2,LOT-0000,,,True,
982091ec-4912-4b1c-b56b-828bf784f3ab,1,LOT-0000,,,False,
be63422c-a3e0-44fd-befa-6be4e0907e4b,1,LOT-0000,,,False,
a9a248f5-fa5a-471c-8cb2-30ea888267a3,1,LOT-0000,,,True,
a9a248f5-fa5a-471c-8cb2-30ea888267a3,2,LOT-0000,,,True,
38e7a718-d91d-4334-926a-dd334c57b252,2,LOT-0000,,,False,
5ad18efd-468c-4e58-9ba9-061739e2d9d0,1,LOT-0000,,,False,
40012ccd-56fd-473b-927f-f1a120e69ccc,1,LOT-0000,,,False,
05db21f9-25d1-4f8c-bbac-8bc0a526af0e,1,LOT-0000,,,False,
d142419a-39aa-42be-aebb-cc0d7b3f8938,1,LOT-0000,,,False,
9b81c802-39b8-4174-a4cc-a7dd42d5bc39,2,LOT-0000,,,True,
deb8eb79-9ac1-4e33-9b9f-90de5ac304cb,1,LOT-0000,,,False,
612e70ea-16b7-4b5f-b692-4a4f25ef11ba,2,LOT-0000,,,False,
f3c3e09e-228d-45ce-8b31-a19e2230a5ef,1,LOT-0000,,,False,
533019ec-0a4e-4ace-b65a-80ad779a29ec,01,LOT-0000,1.0,MONTH,,2026-10-01 09:30:00+00:00
b8c743e3-0629-4d28-9e6f-5a669b05f017,01,LOT-0000,1.0,MONTH,,2026-10-01 10:00:00+00:00
57f6110d-aabb-4481-b481-a36e978c631c,1,LOT-0000,,,True,
5decd4b2-9084-4d2d-a611-beb806f6afa5,1,LOT-0000,,,False,
9060ffe1-8203-45ac-8b2d-cfaf33217cf9,1,LOT-0000,,,False,
25cecc38-f1a3-4ca9-b27d-29acd25ad83c,5,LOT-0000,,,False,
e8382197-4285-40e5-88d2-b62a25ec04e2,01,PAR-0000,,,,
c62abfd1-f12f-483b-ad30-083a126132f6,1,LOT-0000,,,True,
25827508,1,LOT-0000,,,,
25827258,1,LOT-0000,,,,
25827454,1,LOT-0000,,,,
25827626,1,LOT-0000,,,,
25827482,1,LOT-0000,,,,
25827498,1,LOT-0000,,,,
