noticeIdentifier,noticeVersion,lotIdentifier,durationStartDate,durationPeriod,durationPeriodUnit,durationEndDate,durationOther,renewalMaximum
c5ef3499-a4b9-47ec-bc70-26f11a16f0c3,01,LOT-0000,2026-11-25 23:00:00+00:00,,,2028-09-11 21:59:59+00:00,,
7b083735-d2fe-4149-b920-ca6a524868e3,1,LOT-0000,2027-02-28 23:00:00+00:00,,,,,
62017582-b322-43ba-b234-99c6d10e7cde,1,LOT-0000,2027-05-23 22:00:00+00:00,,,,,
8168d760-e364-4120-9df0-b30c308f22c7,1,LOT-0000,2026-12-08 23:00:00+00:00,,,,,
f9f456db-7d9a-4aa3-bb60-6dced2f58bcf,01,LOT-0000,2025-08-31 22:00:00+00:00,,,2025-12-22 22:59:59+00:00,,
ca6a9d29-4645-4b9f-9cbf-ec837f1587f9,01,LOT-0000,2027-06-27 22:00:00+00:00,,,2028-03-10 22:59:59+00:00,,
1fddcaa3-767c-4634-bea9-8c172601ff9e,01,LOT-0001,,,,,UNKNOWN,
041a3b4a-d1d4-4009-9dcc-6ff36b793ef3,01,LOT-0001,,,,,UNKNOWN,
6bf5b4f6-4a92-47f9-bc92-0d3e550a2fe2,01,LOT-0000,2027-01-10 23:00:00+00:00,,,2028-05-30 21:59:59+00:00,,
69e0360e-ef46-4cfc-93dc-c2f1a34d1292,01,LOT-0001,,48.0,MONTH,,,
008f59f2-eb85-4cae-abb1-fc517ee97374,01,LOT-0001,,,,,UNKNOWN,
a530858f-6d25-4f15-85a0-5947d0f21719,01,LOT-0001,2026-12-10 23:00:00+00:00,,,2029-06-30 21:59:59+00:00,,
298f0d7c-fb8d-4be7-8010-aa46e2328aed,01,LOT-0001,2026-11-01 23:00:00+00:00,,,2030-07-01 21:59:59+00:00,,
7520388b-9b97-457f-90b9-f475ba5e4f0d,01,LOT-0001,,,,,UNLIMITED,
e6f5cf35-ea68-40a6-b4e7-9cda0aa4174b,01,LOT-0001,,,,,UNKNOWN,
bd27ea21-4be0-43b2-ade5-0789e54cbaee,01,LOT-0001,,36.0,MONTH,,,1
307bbb8e-7821-42e3-bebc-c5ce607d6d58,01,LOT-0001,,,,,UNKNOWN,
5bf0da81-04b4-4540-a2a1-fa832e81b42d,01,LOT-0000,2027-01-10 23:00:00+00:00,,,2028-05-30 21:59:59+00:00,,
c99ad21f-5df0-4684-8d10-23135c1e8b85,01,LOT-0001,2026-10-31 23:00:00+00:00,,,2028-10-31 22:59:59+00:00,,2
c99ad21f-5df0-4684-8d10-23135c1e8b85,01,LOT-0002,2026-10-31 23:00:00+00:00,,,2028-10-31 22:59:59+00:00,,2
c99ad21f-5df0-4684-8d10-23135c1e8b85,01,LOT-0003,2026-10-31 23:00:00+00:00,,,2028-10-31 22:59:59+00:00,,2
c99ad21f-5df0-4684-8d10-23135c1e8b85,01,LOT-0004,2026-10-31 23:00:00+00:00,,,2028-10-31 22:59:59+00:00,,2
c99ad21f-5df0-4684-8d10-23135c1e8b85,01,LOT-0005,2026-10-31 23:00:00+00:00,,,2028-10-31 22:59:59+00:00,,2
381330e9-a9a0-4bc7-a13c-dcca11451662,01,LOT-0001,,,,,UNKNOWN,
fcd29cc5-5683-4216-98b9-bce47074c29b,01,LOT-0000,2027-01-07 23:00:00+00:00,,,2027-07-30 21:59:59+00:00,,
55e88b1c-8f87-4059-a5e7-b883f368db49,01,LOT-0001,,,,,UNLIMITED,
50fa43f2-fdd1-496b-92b0-37c5682c5e27,01,LOT-0001,2026-09-14 22:00:00+00:00,,,,,2
c321c95c-20c6-4bbc-827b-02d8b709daea,01,LOT-0001,2026-10-31 23:00:00+00:00,,,2028-10-31 22:59:59+00:00,,1
80a70f68-a454-456f-b5ea-c7d81027ef8b,01,LOT-0000,2027-07-14 22:00:00+00:00,,,2030-01-07 22:59:59+00:00,,
bef6cc00-924a-4e51-a18e-0439bd51379d,01,LOT-0001,,,,,UNLIMITED,
bef6cc00-924a-4e51-a18e-0439bd51379d,01,LOT-0002,,,,,UNLIMITED,
a1ee4560-73ee-44ca-879c-b81b4a3e500b,01,LOT-0001,2026-12-31 23:00:00+00:00,,,2030-09-30 21:59:59+00:00,,
a1ee4560-73ee-44ca-879c-b81b4a3e500b,01,LOT-0002,2026-12-31 23:00:00+00:00,,,2030-09-30 21:59:59+00:00,,
e336f93b-93c1-488d-ab33-497cd88996cf,01,LOT-0001,,,,,UNLIMITED,0
deebdf92-64cc-4802-981c-de0c3eef80e2,01,LOT-0000,,15.0,YEAR,,,
975a9fd6-729e-45a6-b6e0-5042d1b52752,01,LOT-0001,,,,2031-12-31 22:59:59+00:00,UNKNOWN,
907f675f-60c4-4f5c-a630-1b14f3ce81f7,01,LOT-0001,2027-02-28 23:00:00+00:00,,,2030-12-31 22:59:59+00:00,,
6a370408-13db-4e37-84b8-9a80e96a5610,01,LOT-0000,,72.0,MONTH,,,
c9c6916d-697f-4b01-b55a-5cb570bbc304,01,LOT-0000,2026-08-31 22:00:00+00:00,,,2031-08-31 21:59:59+00:00,,3
d915e6fc-98f1-4026-b89a-ca71511550d7,01,LOT-0001,2026-08-09 22:00:00+00:00,,,2029-02-10 22:59:59+00:00,,
d915e6fc-98f1-4026-b89a-ca71511550d7,01,LOT-0002,2027-01-03 23:00:00+00:00,,,2029-02-10 22:59:59+00:00,,
7b607828-d2b7-4030-b1f8-ccfa850420c5,01,LOT-0000,2026-10-31 23:00:00+00:00,,,2027-11-30 22:59:59+00:00,,
05406422-b01c-4501-81f5-f3a35c83851f,01,LOT-0001,,,,,UNLIMITED,
32a921fc-6099-482a-b50f-05bab94d8660,01,LOT-0001,2027-02-07 23:00:00+00:00,,,2029-04-30 21:59:59+00:00,,
671a062d-0e72-4040-807f-446ce257be29,01,LOT-0001,2026-09-20 22:00:00+00:00,,,2027-02-26 22:59:59+00:00,,
b8d6782f-fde0-4efd-88f2-7be05e488c82,01,LOT-0000,2026-11-10 23:00:00+00:00,,,2027-06-30 21:59:59+00:00,,
01a0a017-b599-47f5-bb96-ad3a5279dfb2,01,LOT-0001,2026-12-31 23:00:00+00:00,4.0,YEAR,,,
13749400-50bc-453b-af41-538d48435248,01,LOT-0001,2027-01-14 23:00:00+00:00,,,2029-12-21 22:59:59+00:00,,1
d944448a-9232-41c7-b2a5-5ba1ef6b0c51,01,LOT-0001,2026-08-31 22:00:00+00:00,,,2028-05-14 21:59:59+00:00,,0
d944448a-9232-41c7-b2a5-5ba1ef6b0c51,01,LOT-0002,2026-08-31 22:00:00+00:00,,,2028-05-14 21:59:59+00:00,,0
46665f56-3961-43b7-9815-fee8452fef01,01,LOT-0001,2028-03-31 22:00:00+00:00,,,2034-03-31 21:59:59+00:00,,
441bf2d2-b2ab-4701-85af-025a1d352a34,01,LOT-0001,2026-12-31 23:00:00+00:00,,,,UNLIMITED,
5872a17b-44fb-4261-96de-d8513acb1c67,01,LOT-0001,,5.0,YEAR,,,3
1ac5b191-c43e-4f22-9002-0d527b55fcd2,01,LOT-0000,,48.0,MONTH,,,
c04ac815-abf6-4327-b5a9-43ba95631cae,01,LOT-0001,2026-09-30 22:00:00+00:00,,,2030-09-30 21:59:59+00:00,,2
a963e896-11ba-49ba-b2e8-8717d30a7a31,01,LOT-0000,2026-09-30 22:00:00+00:00,,,2030-09-30 21:59:59+00:00,,
4d11e71f-98dd-451f-b082-d5af534b3236,01,LOT-0001,,3.0,MONTH,,,
93613bd8-3bcd-4118-bbce-f56adce48bb4,01,LOT-0000,2028-04-09 22:00:00+00:00,,,2028-08-25 21:59:59+00:00,,
5bace31b-17d6-4672-a429-62870fd8e5a5,01,LOT-0001,2026-11-08 23:00:00+00:00,,,2027-01-22 22:59:59+00:00,,
5bace31b-17d6-4672-a429-62870fd8e5a5,01,LOT-0002,2026-11-08 23:00:00+00:00,,,2027-01-22 22:59:59+00:00,,
5bace31b-17d6-4672-a429-62870fd8e5a5,01,LOT-0003,2026-11-08 23:00:00+00:00,,,2027-01-22 22:59:59+00:00,,
5bace31b-17d6-4672-a429-62870fd8e5a5,01,LOT-0004,2026-11-08 23:00:00+00:00,,,2027-01-22 22:59:59+00:00,,
b6d328f5-cd55-4d41-9421-3734043c6787,01,LOT-0001,2026-09-20 22:00:00+00:00,,,2027-11-30 22:59:59+00:00,,
b6d328f5-cd55-4d41-9421-3734043c6787,01,LOT-0002,2026-09-20 22:00:00+00:00,,,2027-11-30 22:59:59+00:00,,
b6d328f5-cd55-4d41-9421-3734043c6787,01,LOT-0003,2026-09-20 22:00:00+00:00,,,2027-11-30 22:59:59+00:00,,
b6d328f5-cd55-4d41-9421-3734043c6787,01,LOT-0004,2026-09-20 22:00:00+00:00,,,2027-11-30 22:59:59+00:00,,
b6d328f5-cd55-4d41-9421-3734043c6787,01,LOT-0005,2026-09-20 22:00:00+00:00,,,2027-11-30 22:59:59+00:00,,
b6d328f5-cd55-4d41-9421-3734043c6787,01,LOT-0006,2026-09-20 22:00:00+00:00,,,2027-11-30 22:59:59+00:00,,
b6d328f5-cd55-4d41-9421-3734043c6787,01,LOT-0007,2026-09-20 22:00:00+00:00,,,2027-11-30 22:59:59+00:00,,
b6d328f5-cd55-4d41-9421-3734043c6787,01,LOT-0008,2026-09-20 22:00:00+00:00,,,2027-11-30 22:59:59+00:00,,
b6d328f5-cd55-4d41-9421-3734043c6787,01,LOT-0009,2026-09-20 22:00:00+00:00,,,2027-11-30 22:59:59+00:00,,
b6d328f5-cd55-4d41-9421-3734043c6787,01,LOT-0010,2026-09-20 22:00:00+00:00,,,2027-11-30 22:59:59+00:00,,
b6d328f5-cd55-4d41-9421-3734043c6787,01,LOT-0011,2026-09-20 22:00:00+00:00,,,2027-11-30 22:59:59+00:00,,
b6d328f5-cd55-4d41-9421-3734043c6787,01,LOT-0012,2026-09-20 22:00:00+00:00,,,2027-11-30 22:59:59+00:00,,
b6d328f5-cd55-4d41-9421-3734043c6787,01,LOT-0013,2026-09-20 22:00:00+00:00,,,2027-11-30 22:59:59+00:00,,
b6d328f5-cd55-4d41-9421-3734043c6787,01,LOT-0014,2026-09-20 22:00:00+00:00,,,2027-11-30 22:59:59+00:00,,
b6d328f5-cd55-4d41-9421-3734043c6787,01,LOT-0015,2026-09-20 22:00:00+00:00,,,2027-11-30 22:59:59+00:00,,
b6d328f5-cd55-4d41-9421-3734043c6787,01,LOT-0016,2026-09-20 22:00:00+00:00,,,2027-11-30 22:59:59+00:00,,
b6d328f5-cd55-4d41-9421-3734043c6787,01,LOT-0017,2026-09-20 22:00:00+00:00,,,2027-11-30 22:59:59+00:00,,
b6d328f5-cd55-4d41-9421-3734043c6787,01,LOT-0018,2026-09-20 22:00:00+00:00,,,2027-11-30 22:59:59+00:00,,
b6d328f5-cd55-4d41-9421-3734043c6787,01,LOT-0019,2026-09-20 22:00:00+00:00,,,2027-11-30 22:59:59+00:00,,
b6d328f5-cd55-4d41-9421-3734043c6787,01,LOT-0020,2026-09-20 22:00:00+00:00,,,2027-11-30 22:59:59+00:00,,
b6d328f5-cd55-4d41-9421-3734043c6787,01,LOT-0021,2026-09-20 22:00:00+00:00,,,2027-11-30 22:59:59+00:00,,
b6d328f5-cd55-4d41-9421-3734043c6787,01,LOT-0022,2026-09-20 22:00:00+00:00,,,2027-11-30 22:59:59+00:00,,
b6d328f5-cd55-4d41-9421-3734043c6787,01,LOT-0023,2026-09-20 22:00:00+00:00,,,2027-11-30 22:59:59+00:00,,
b6d328f5-cd55-4d41-9421-3734043c6787,01,LOT-0024,2026-09-20 22:00:00+00:00,,,2027-11-30 22:59:59+00:00,,
b6d328f5-cd55-4d41-9421-3734043c6787,01,LOT-0025,2026-09-20 22:00:00+00:00,,,2027-11-30 22:59:59+00:00,,
b6d328f5-cd55-4d41-9421-3734043c6787,01,LOT-0026,2026-09-20 22:00:00+00:00,,,2027-11-30 22:59:59+00:00,,
b6d328f5-cd55-4d41-9421-3734043c6787,01,LOT-0027,2026-09-20 22:00:00+00:00,,,2027-11-30 22:59:59+00:00,,
b6d328f5-cd55-4d41-9421-3734043c6787,01,LOT-0028,2026-09-20 22:00:00+00:00,,,2027-11-30 22:59:59+00:00,,
b6d328f5-cd55-4d41-9421-3734043c6787,01,LOT-0029,2026-09-20 22:00:00+00:00,,,2027-11-30 22:59:59+00:00,,
b6d328f5-cd55-4d41-9421-3734043c6787,01,LOT-0030,2026-09-20 22:00:00+00:00,,,2027-11-30 22:59:59+00:00,,
b6d328f5-cd55-4d41-9421-3734043c6787,01,LOT-0031,2026-09-20 22:00:00+00:00,,,2027-11-30 22:59:59+00:00,,
b6d328f5-cd55-4d41-9421-3734043c6787,01,LOT-0032,2026-09-20 22:00:00+00:00,,,2027-11-30 22:59:59+00:00,,
b6d328f5-cd55-4d41-9421-3734043c6787,01,LOT-0033,2026-09-20 22:00:00+00:00,,,2027-11-30 22:59:59+00:00,,
b6d328f5-cd55-4d41-9421-3734043c6787,01,LOT-0034,2026-09-20 22:00:00+00:00,,,2027-11-30 22:59:59+00:00,,
b6d328f5-cd55-4d41-9421-3734043c6787,01,LOT-0035,2026-09-20 22:00:00+00:00,,,2027-11-30 22:59:59+00:00,,
b6d328f5-cd55-4d41-9421-3734043c6787,01,LOT-0036,2026-09-20 22:00:00+00:00,,,2027-11-30 22:59:59+00:00,,
b6d328f5-cd55-4d41-9421-3734043c6787,01,LOT-0037,2026-09-20 22:00:00+00:00,,,2027-11-30 22:59:59+00:00,,
eca54e1b-066b-4624-9b25-52c469e4b387,01,LOT-0001,2027-02-28 23:00:00+00:00,,,2028-12-31 22:59:59+00:00,,1
2bbbdc07-fa5f-4af9-99a4-7b2e9248396f,01,LOT-0001,2026-08-24 22:00:00+00:00,,,,UNLIMITED,
31817d6c-02a0-4088-8949-b5a7f9edc13e,01,LOT-0000,2027-02-28 23:00:00+00:00,,,2027-08-31 21:59:59+00:00,,3
1604bfc0-df6f-4412-a9b8-6bbff0548131,01,LOT-0001,2026-08-30 22:00:00+00:00,,,2027-04-30 21:59:59+00:00,,
7a2bc9a7-8015-4b5e-b0de-841f3a78496b,01,LOT-0001,2027-01-03 23:00:00+00:00,,,2028-05-31 21:59:59+00:00,,
f1f4f430-22aa-4217-9c09-8d7d94a5516c,01,LOT-0001,2026-11-26 23:00:00+00:00,,,2027-08-01 21:59:59+00:00,,0
452cdf46-ea32-4091-af28-6a63ef8c9c74,01,LOT-0001,2026-09-30 22:00:00+00:00,,,2029-03-31 21:59:59+00:00,,
0154f570-03d0-4766-90ab-501c3e9c9727,01,LOT-0001,2027-05-02 22:00:00+00:00,,,2029-06-30 21:59:59+00:00,,0
e4ea949f-6d96-43b3-ba0f-8f48f6c8c175,01,LOT-0001,,,,,UNKNOWN,
e4ea949f-6d96-43b3-ba0f-8f48f6c8c175,01,LOT-0002,,,,,UNKNOWN,
e4ea949f-6d96-43b3-ba0f-8f48f6c8c175,01,LOT-0003,,,,,UNKNOWN,
d96a9962-729c-44a2-a060-f4fa4fa5caa6,01,LOT-0001,,33.0,MONTH,,,
e43bf811-04c1-4456-a92e-b8059fc60905,01,LOT-0000,2026-10-26 23:00:00+00:00,,,2027-01-31 22:59:59+00:00,,
bcfd3845-ebc1-44b8-9c34-c2d124b10fe7,01,LOT-0001,,4.0,YEAR,,,
9a1b2062-053c-47dc-bc6c-b4cd4604c5f2,01,LOT-0001,2027-05-23 22:00:00+00:00,,,2027-06-04 21:59:59+00:00,,
2f51da30-ace1-438c-87f3-d453fea657eb,01,LOT-0001,,,,,UNKNOWN,
89a419d8-3f95-4702-993f-d8beec8f6caa,01,LOT-0001,2026-12-06 23:00:00+00:00,,,2027-02-05 22:59:59+00:00,,
ddcd7ad8-87a6-4630-8e5c-2b280cfcc3dc,01,LOT-0000,2027-01-10 23:00:00+00:00,,,2027-06-25 21:59:59+00:00,,
f9130abe-6656-41ee-90e5-fa88244bc975,01,LOT-0001,,,,,UNLIMITED,
f9130abe-6656-41ee-90e5-fa88244bc975,01,LOT-0002,,,,,UNLIMITED,
f9130abe-6656-41ee-90e5-fa88244bc975,01,LOT-0003,,,,,UNLIMITED,
f9130abe-6656-41ee-90e5-fa88244bc975,01,LOT-0004,,,,,UNLIMITED,
99e8a48e-55be-4c76-b600-3777e7cba28e,01,LOT-0001,2026-12-31 23:00:00+00:00,,,2028-12-31 22:59:59+00:00,,
a32e0e5f-cbf6-4bc8-9fe1-c6a3af7ef5f3,01,LOT-0001,2026-12-31 23:00:00+00:00,,,,UNLIMITED,
db17c97d-c656-41ab-a10b-25b187f9f62b,01,LOT-0001,,,,,UNKNOWN,
9a166902-52db-4456-b8e2-5fe3f2c51e39,01,LOT-0000,2026-10-04 22:00:00+00:00,,,2030-02-22 22:59:59+00:00,,
d108fbfa-8380-49ee-89d5-e5b47b1b8533,01,LOT-0001,,,,2027-02-28 22:59:59+00:00,UNKNOWN,
c214e855-82c8-4204-94b5-4a8bc3c188b8,01,LOT-0001,2027-05-05 22:00:00+00:00,,,2027-06-03 21:59:59+00:00,,
80fc2cde-cc93-4d94-8f2e-8a53c6c4a93c,01,LOT-0001,,24.0,MONTH,,,
80fc2cde-cc93-4d94-8f2e-8a53c6c4a93c,01,LOT-0002,,18.0,MONTH,,,
f2f288d1-4d81-4487-abf7-c6bd0c996e22,01,LOT-0001,2027-01-03 23:00:00+00:00,,,2031-03-31 21:59:59+00:00,,1
d66220d5-2fb6-4e0a-b885-ebd544cee9e6,01,LOT-0001,2026-12-31 23:00:00+00:00,,,2030-12-31 22:59:59+00:00,,
00d958fa-1508-46e7-8b03-2e3cfab170a4,01,LOT-0001,,80.0,MONTH,,,
68799396-9c0b-41bc-84f6-3c646b99051e,01,LOT-0001,2027-01-03 23:00:00+00:00,,,2028-05-31 21:59:59+00:00,,
6c0e64fd-a181-465d-a3ad-b4585d2758dd,01,LOT-0001,,,,,UNLIMITED,
172ae66a-09d6-41d6-aa39-f7a293f9a600,01,LOT-0000,2027-01-03 23:00:00+00:00,,,2029-06-30 21:59:59+00:00,,
f183c2f1-a1f6-4252-8ac6-5866d30c6ca4,01,LOT-0001,,,,,UNLIMITED,
38598773-63fb-48eb-b6aa-a255ff4040fa,01,LOT-0001,,72.0,MONTH,,,
3678614b-4cd2-4a0b-9d07-b3bf8b21c1cb,01,LOT-0001,2025-03-18 23:00:00+00:00,,,2027-12-31 22:59:59+00:00,,0
08ecd73b-ffc2-45a7-8132-f92a89d11b94,01,LOT-0000,2026-08-30 22:00:00+00:00,,,2028-08-30 21:59:59+00:00,,2
c4745a16-5769-4144-a01f-0802676c2ac0,01,LOT-0001,2026-12-31 23:00:00+00:00,,,2028-12-31 22:59:59+00:00,,2
de9b5ae4-c01d-4d0c-acfa-5a1de3ff16a4,01,LOT-0001,,24.0,MONTH,,,2
9a8ae6f7-4ea4-4b56-a73e-05759cff10a9,01,LOT-0001,2026-11-01 23:00:00+00:00,,,2027-12-31 22:59:59+00:00,,
9a8ae6f7-4ea4-4b56-a73e-05759cff10a9,01,LOT-0002,2026-11-01 23:00:00+00:00,,,2027-12-31 22:59:59+00:00,,
f6da07ed-feae-40a5-9eac-0aa287f95e78,01,LOT-0000,2026-11-30 23:00:00+00:00,,,2028-11-30 22:59:59+00:00,,2
6f7f8e44-08f4-4d44-9904-cd2117e84eee,01,LOT-0001,,36.0,MONTH,,,1
63de9706-6f8e-416b-9d0c-617396a34c87,01,LOT-0000,2024-08-12 22:00:00+00:00,,,2026-09-30 21:59:59+00:00,,
f77e1a90-902b-4f00-8bbc-42e977721d7f,01,LOT-0001,,24.0,MONTH,,,0
fb71ece0-27b2-42e6-8bcd-e8707b08ac24,01,LOT-0000,,48.0,MONTH,,,
29c52430-b029-4424-8ca7-24374715bf58,01,LOT-0000,,10.0,MONTH,,,
4b6da03a-87a6-453f-a25a-669cc405f290,01,LOT-0001,,24.0,MONTH,,,
4b6da03a-87a6-453f-a25a-669cc405f290,01,LOT-0002,,24.0,MONTH,,,
4ad66f02-72eb-45a0-95b6-68f73ee7e093,01,LOT-0001,2027-01-31 23:00:00+00:00,,,2029-01-31 22:59:59+00:00,,3
3416f20b-ef8f-4c6f-93f1-ccdaad7ed079,01,LOT-0001,2026-12-31 23:00:00+00:00,,,2030-12-31 22:59:59+00:00,,
3416f20b-ef8f-4c6f-93f1-ccdaad7ed079,01,LOT-0002,2026-12-31 23:00:00+00:00,,,2030-12-31 22:59:59+00:00,,
c08a2d81-686f-463a-8dba-252b629bfd0a,01,LOT-0001,2026-10-31 23:00:00+00:00,,,2029-10-31 22:59:59+00:00,,
c08a2d81-686f-463a-8dba-252b629bfd0a,01,LOT-0002,2026-10-31 23:00:00+00:00,,,2029-10-31 22:59:59+00:00,,
c08a2d81-686f-463a-8dba-252b629bfd0a,01,LOT-0003,2026-10-31 23:00:00+00:00,,,2029-10-31 22:59:59+00:00,,
c08a2d81-686f-463a-8dba-252b629bfd0a,01,LOT-0004,2026-10-31 23:00:00+00:00,,,2029-10-31 22:59:59+00:00,,
c08a2d81-686f-463a-8dba-252b629bfd0a,01,LOT-0005,2026-10-31 23:00:00+00:00,,,2029-10-31 22:59:59+00:00,,
c08a2d81-686f-463a-8dba-252b629bfd0a,01,LOT-0006,2026-10-31 23:00:00+00:00,,,2029-10-31 22:59:59+00:00,,
c08a2d81-686f-463a-8dba-252b629bfd0a,01,LOT-0007,2026-10-31 23:00:00+00:00,,,2029-10-31 22:59:59+00:00,,
c08a2d81-686f-463a-8dba-252b629bfd0a,01,LOT-0008,2026-10-31 23:00:00+00:00,,,2029-10-31 22:59:59+00:00,,
c08a2d81-686f-463a-8dba-252b629bfd0a,01,LOT-0009,2026-10-31 23:00:00+00:00,,,2029-10-31 22:59:59+00:00,,
c08a2d81-686f-463a-8dba-252b629bfd0a,01,LOT-0010,2026-10-31 23:00:00+00:00,,,2029-10-31 22:59:59+00:00,,
c08a2d81-686f-463a-8dba-252b629bfd0a,01,LOT-0011,2026-10-31 23:00:00+00:00,,,2029-10-31 22:59:59+00:00,,
c08a2d81-686f-463a-8dba-252b629bfd0a,01,LOT-0012,2026-10-31 23:00:00+00:00,,,2029-10-31 22:59:59+00:00,,
c08a2d81-686f-463a-8dba-252b629bfd0a,01,LOT-0013,2026-10-31 23:00:00+00:00,,,2029-10-31 22:59:59+00:00,,
c08a2d81-686f-463a-8dba-252b629bfd0a,01,LOT-0014,2026-10-31 23:00:00+00:00,,,2029-10-31 22:59:59+00:00,,
4e332a71-bcc9-4ecd-8802-5dbb477b85e3,01,LOT-0001,,5.0,YEAR,,,1
ea2006a9-9224-467d-865e-5dd8134a2dbd,01,LOT-0000,,11.0,MONTH,,,
921b9e0b-9696-467e-a913-ccc15ad1abe6,01,LOT-0001,2026-12-06 23:00:00+00:00,,,2027-08-13 21:59:59+00:00,,
28c8aa4c-208a-46f3-b333-35c568928d49,01,LOT-0001,2026-06-16 22:00:00+00:00,,,2026-11-30 22:59:59+00:00,,
28c8aa4c-208a-46f3-b333-35c568928d49,01,LOT-0002,2026-06-16 22:00:00+00:00,,,2026-11-30 22:59:59+00:00,,
7974c8fb-a1a8-4c8a-a703-742399e2eca0,01,LOT-0001,2026-12-31 23:00:00+00:00,,,2028-12-31 22:59:59+00:00,,1
7974c8fb-a1a8-4c8a-a703-742399e2eca0,01,LOT-0002,2026-12-31 23:00:00+00:00,,,2028-12-31 22:59:59+00:00,,1
ed0a655f-db5b-484a-9441-0a84ea90eb6c,01,LOT-0001,2026-08-31 22:00:00+00:00,,,2028-05-14 21:59:59+00:00,,0
ed0a655f-db5b-484a-9441-0a84ea90eb6c,01,LOT-0002,2026-08-31 22:00:00+00:00,,,2028-05-14 21:59:59+00:00,,0
41a21091-13a1-4673-a9eb-5fa733cadcc1,01,LOT-0001,,48.0,MONTH,,,4
41a21091-13a1-4673-a9eb-5fa733cadcc1,01,LOT-0002,,48.0,MONTH,,,4
41a21091-13a1-4673-a9eb-5fa733cadcc1,01,LOT-0003,,48.0,MONTH,,,4
41a21091-13a1-4673-a9eb-5fa733cadcc1,01,LOT-0004,,48.0,MONTH,,,4
41a21091-13a1-4673-a9eb-5fa733cadcc1,01,LOT-0005,,48.0,MONTH,,,4
41a21091-13a1-4673-a9eb-5fa733cadcc1,01,LOT-0006,,48.0,MONTH,,,4
e4037a44-d382-4130-95c5-b24bacec472a,01,LOT-0000,2026-11-29 23:00:00+00:00,,,2027-04-30 21:59:59+00:00,,
0991a754-c9fb-47f7-841c-63d3e0dbf409,01,LOT-0000,2026-10-31 23:00:00+00:00,,,2027-03-31 21:59:59+00:00,,
4c566805-3ed7-43b2-8ce1-71ad7da16729,01,LOT-0000,2026-09-30 22:00:00+00:00,,,2026-10-30 22:59:59+00:00,,
9064fef8-44a9-45f0-8afc-b6f1dc65cac4,01,LOT-0000,,180.0,MONTH,,,0
a5c274cd-00ec-4f70-9018-5d0604857d3f,01,LOT-0001,,24.0,MONTH,,,
a5c274cd-00ec-4f70-9018-5d0604857d3f,01,LOT-0002,,24.0,MONTH,,,
403a86dd-da15-41c7-934d-8cb2d71dfc0e,01,LOT-0000,2026-09-30 22:00:00+00:00,,,2031-05-31 21:59:59+00:00,,
3f142d74-b342-4a09-8751-0e24d8730a44,01,LOT-0001,2026-09-30 22:00:00+00:00,,,2028-09-30 21:59:59+00:00,,
3f142d74-b342-4a09-8751-0e24d8730a44,01,LOT-0002,2026-09-30 22:00:00+00:00,,,2028-09-30 21:59:59+00:00,,
3f142d74-b342-4a09-8751-0e24d8730a44,01,LOT-0003,2026-09-30 22:00:00+00:00,,,2028-09-30 21:59:59+00:00,,
3f142d74-b342-4a09-8751-0e24d8730a44,01,LOT-0004,2026-09-30 22:00:00+00:00,,,2028-09-30 21:59:59+00:00,,
3f142d74-b342-4a09-8751-0e24d8730a44,01,LOT-0005,2026-09-30 22:00:00+00:00,,,2028-09-30 21:59:59+00:00,,
3f142d74-b342-4a09-8751-0e24d8730a44,01,LOT-0006,2026-09-30 22:00:00+00:00,,,2028-09-30 21:59:59+00:00,,
1ae6335f-2b2f-4554-abf4-993aa797aea1,01,LOT-0001,,228.0,MONTH,,,
01a3c317-3099-4370-8c57-b8578c02eec7,01,LOT-0001,,,,,UNLIMITED,
d5ddbef6-2140-4c2a-8864-c07abe57cb37,01,LOT-0001,,313.0,DAY,,,
d5ddbef6-2140-4c2a-8864-c07abe57cb37,01,LOT-0002,,313.0,DAY,,,
e4e39e7b-6fec-4f52-b6a0-57445932f388,01,LOT-0001,2026-10-04 22:00:00+00:00,,,2026-11-06 22:59:59+00:00,,
e4e39e7b-6fec-4f52-b6a0-57445932f388,01,LOT-0002,2026-10-04 22:00:00+00:00,,,2026-11-06 22:59:59+00:00,,
e4e39e7b-6fec-4f52-b6a0-57445932f388,01,LOT-0003,2026-09-14 22:00:00+00:00,,,2028-02-28 22:59:59+00:00,,
531ef96a-411b-4e8d-9e60-ba326a97f149,01,LOT-0000,,1000.0,DAY,,,
d3432434-d211-4b5e-a23f-82df491ed7e6,01,LOT-0000,,,,2027-07-16 21:59:59+00:00,UNKNOWN,
a3beabad-c6af-4c42-804c-bbcc86f3b382,01,LOT-0001,2027-02-18 23:00:00+00:00,,,2028-05-02 21:59:59+00:00,,
b24c4956-df4a-4280-851f-1a21bc105482,01,LOT-0001,2026-09-08 22:00:00+00:00,,,2026-12-31 22:59:59+00:00,,0
5024b561-9182-4174-8d54-bee71dd951b7,01,LOT-0001,2026-09-14 22:00:00+00:00,,,2029-12-31 22:59:59+00:00,,
21d51fc0-d44e-49b6-994b-e6a9ecc383cd,01,LOT-0001,,,,,UNLIMITED,
df00f846-986d-43e7-ad47-14eaf79dc6fc,01,LOT-0001,2027-02-07 23:00:00+00:00,,,2029-04-30 21:59:59+00:00,,
79c1dce7-77d6-41e7-9836-2f9005e66ae3,01,LOT-0001,,25.0,MONTH,,,
79c1dce7-77d6-41e7-9836-2f9005e66ae3,01,LOT-0002,,25.0,MONTH,,,
79c1dce7-77d6-41e7-9836-2f9005e66ae3,01,LOT-0003,,25.0,MONTH,,,
9019b0c5-b6a7-40dc-9662-3f3615c31234,01,LOT-0001,2026-09-14 22:00:00+00:00,,,2027-09-14 21:59:59+00:00,,
9019b0c5-b6a7-40dc-9662-3f3615c31234,01,LOT-0002,2026-09-14 22:00:00+00:00,,,2027-09-14 21:59:59+00:00,,
9019b0c5-b6a7-40dc-9662-3f3615c31234,01,LOT-0003,2026-12-31 23:00:00+00:00,,,2027-12-31 22:59:59+00:00,,
eb0d1ca3-431e-4780-896b-0e67b20290a0,01,LOT-0001,2027-02-07 23:00:00+00:00,,,2029-04-30 21:59:59+00:00,,
f3dbf992-f72d-453e-91fa-e4875a88efd7,01,LOT-0001,,4.0,YEAR,,,
697d148e-d366-4d4c-a115-5476bbf2f0ac,01,LOT-0001,,18.0,MONTH,,,
28dac269-fd17-419e-afc3-18b5e18ac138,01,LOT-0001,,4.0,MONTH,,,
e3ca66ee-8c29-4425-ae6d-250aeb67f87a,01,LOT-0001,2026-12-31 23:00:00+00:00,,,2028-12-31 22:59:59+00:00,,2
50e20b67-265d-4b6d-a1cc-a2c8cab29bd0,01,LOT-0001,,,,,UNKNOWN,
19472414-7e91-4b88-ac14-f8a29741a6f5,01,LOT-0001,2025-03-18 23:00:00+00:00,,,2027-12-31 22:59:59+00:00,,0
8d9ec30c-94f5-42b1-8ed0-44602bf43431,01,LOT-0001,2026-12-31 23:00:00+00:00,,,2028-12-31 22:59:59+00:00,,2
c2602d20-d12b-49c1-97bb-ab127e523c19,01,LOT-0001,2026-12-31 23:00:00+00:00,,,2028-12-31 22:59:59+00:00,,2
c804d707-ce16-4d9e-a0ff-1fc1acf61105,01,LOT-0001,2026-09-13 22:00:00+00:00,,,2029-03-31 21:59:59+00:00,,
b49f51c2-db9f-42aa-ba47-8275f2b947ab,01,LOT-0000,2027-01-28 23:00:00+00:00,,,2028-12-31 22:59:59+00:00,,
1077025c-9104-45b0-8184-c7b1e3d129a7,01,LOT-0000,2027-01-10 23:00:00+00:00,,,2027-07-30 21:59:59+00:00,,
499397aa-ef0e-4e1b-abc0-fc43d36f22b4,01,LOT-0000,2026-11-01 23:00:00+00:00,,,2029-04-30 21:59:59+00:00,,
7b8f6aaa-7500-4a2b-8907-776408f3a189,01,LOT-0001,,,,,UNLIMITED,
ff280699-9dcb-44bd-9cc0-5be2fb8bc31d,01,LOT-0001,,4.0,YEAR,,,
63841dbe-939a-4d6b-a36e-3bb9f4a67060,01,LOT-0000,,48.0,MONTH,,,
f0460a11-fd44-40db-82c9-78fb4582a636,01,LOT-0001,,,,,UNKNOWN,
53e57289-7224-4e7c-b80e-e70c3eafd7ec,01,LOT-0000,2026-11-30 23:00:00+00:00,,,2028-11-30 22:59:59+00:00,,2
36bf9a8d-d13a-42dc-92b3-0e5e314a39a6,01,LOT-0001,2027-02-28 23:00:00+00:00,,,2030-02-28 22:59:59+00:00,,3
36bf9a8d-d13a-42dc-92b3-0e5e314a39a6,01,LOT-0002,2027-02-28 23:00:00+00:00,,,2030-02-28 22:59:59+00:00,,3
36bf9a8d-d13a-42dc-92b3-0e5e314a39a6,01,LOT-0003,2027-02-28 23:00:00+00:00,,,2030-02-28 22:59:59+00:00,,3
03ddf5d7-0650-411f-a1ac-d0fca9374811,01,LOT-0001,2026-11-22 23:00:00+00:00,,,2030-08-08 21:59:59+00:00,,
93fe2072-3b93-4cfb-a11e-5e9a8297a9ee,01,LOT-0001,2027-01-31 23:00:00+00:00,,,2028-01-31 22:59:59+00:00,,
93fe2072-3b93-4cfb-a11e-5e9a8297a9ee,01,LOT-0002,2027-01-31 23:00:00+00:00,,,2028-01-31 22:59:59+00:00,,
93fe2072-3b93-4cfb-a11e-5e9a8297a9ee,01,LOT-0003,2027-01-31 23:00:00+00:00,,,2028-01-31 22:59:59+00:00,,
93fe2072-3b93-4cfb-a11e-5e9a8297a9ee,01,LOT-0004,2027-01-31 23:00:00+00:00,,,2028-01-31 22:59:59+00:00,,
93fe2072-3b93-4cfb-a11e-5e9a8297a9ee,01,LOT-0005,2027-01-31 23:00:00+00:00,,,2028-01-31 22:59:59+00:00,,
80b2687f-449b-49f2-b1e5-b2b8d7ea7196,01,LOT-0001,2026-11-26 23:00:00+00:00,,,2027-08-01 21:59:59+00:00,,0
87865198-cdf9-4dd6-bd2d-f1e92723c465,01,LOT-0001,2024-11-08 23:00:00+00:00,,,2027-05-30 21:59:59+00:00,,0
22ada15a-2249-4bd4-a671-8e8897670f68,01,LOT-0001,2024-11-08 23:00:00+00:00,,,2027-05-30 21:59:59+00:00,,0
bd7642d8-4463-4602-8602-19e6282d684c,01,LOT-0001,,,,,UNLIMITED,
0010ea9b-1249-49d6-afe2-6a10ac0d7b74,01,LOT-0000,2026-12-31 23:00:00+00:00,,,2027-12-31 22:59:59+00:00,,
39e93420-e42a-4bb1-98d8-82065ded5ff7,01,LOT-0000,,48.0,MONTH,,,
c7672e7d-503f-42ee-acc7-5406d8fa8918,01,LOT-0000,,48.0,MONTH,,,
caa45dc9-fc51-462d-bba4-d63ab3b28536,01,LOT-0000,,48.0,MONTH,,,
1dea86c8-4d21-4e3f-99ef-0c7b9affc2f3,01,LOT-0001,2026-09-21 22:00:00+00:00,,,2026-12-15 22:59:59+00:00,,
6e40078a-968e-4451-a6f9-0066cfea02be,01,LOT-0001,2027-01-17 23:00:00+00:00,,,2027-07-16 21:59:59+00:00,,
d0413b88-e4ff-4670-80a4-bd8c90178d61,01,LOT-0001,,,,,UNKNOWN,
01a09f71-aedb-42a9-a01c-dcf8f6e6d57f,01,LOT-0001,2026-12-31 23:00:00+00:00,,,2029-12-31 22:59:59+00:00,,1
36bd70d5-a3c2-46af-b6ad-fb9365b5cdc0,01,LOT-0000,,48.0,MONTH,,,
a1922220-370b-4b20-9468-db1dcc39e4e2,01,LOT-0001,2027-03-17 23:00:00+00:00,,,2027-07-01 21:59:59+00:00,,
d8a37cbb-1fd9-4cdc-be92-43d9784ee74e,01,LOT-0001,,29.0,MONTH,,,
ddda550b-8e79-492f-8c1c-1f8558261896,01,LOT-0001,2026-12-31 23:00:00+00:00,,,2027-12-31 22:59:59+00:00,,
ddda550b-8e79-492f-8c1c-1f8558261896,01,LOT-0002,2026-12-31 23:00:00+00:00,,,2027-12-31 22:59:59+00:00,,
ddda550b-8e79-492f-8c1c-1f8558261896,01,LOT-0003,2026-12-31 23:00:00+00:00,,,2027-12-31 22:59:59+00:00,,
ab1a2196-3b3e-400c-88a6-8b410e918be1,01,LOT-0001,,30.0,WEEK,,,
d9f6395a-527b-49cd-a0ec-bf43a062cdf0,01,LOT-0001,2026-11-24 23:00:00+00:00,,,2027-03-17 22:59:59+00:00,,
9ae1067f-71f7-4ef3-874e-52d6c4dcad8c,01,LOT-0001,,,,,UNKNOWN,0
9ae1067f-71f7-4ef3-874e-52d6c4dcad8c,01,LOT-0002,,,,,UNKNOWN,0
2a65f837-7dff-4d67-8571-a798cef1350f,01,LOT-0001,,48.0,MONTH,,,0
2a65f837-7dff-4d67-8571-a798cef1350f,01,LOT-0002,,48.0,MONTH,,,0
41d7ac31-f585-4156-af42-5415f9f2b774,01,LOT-0000,2026-12-10 23:00:00+00:00,,,2028-03-31 21:59:59+00:00,,
1d7eb9ce-d42c-41f0-a4f3-1cc0c4d87e20,01,LOT-0000,2026-10-04 22:00:00+00:00,,,2027-10-30 21:59:59+00:00,,
6b20f242-021d-4a08-8e14-0fc9b29a4e17,01,LOT-0000,,115.0,DAY,,,
947fc897-edd4-43ea-b443-63e8d47a9149,01,LOT-0001,2027-01-31 23:00:00+00:00,,,2028-01-31 22:59:59+00:00,,3
947fc897-edd4-43ea-b443-63e8d47a9149,01,LOT-0002,2027-01-31 23:00:00+00:00,,,2028-01-31 22:59:59+00:00,,3
f25e66fd-bd2e-4aea-b339-b37895bbf089,01,LOT-0001,2026-12-31 23:00:00+00:00,,,2028-12-31 22:59:59+00:00,,2
d44abc03-50f0-4083-aab5-466efac05753,01,LOT-0000,,60.0,MONTH,,,
ed4e3ad6-5358-410f-8b45-9cbba1f7afef,01,LOT-0001,2026-10-20 22:00:00+00:00,,,2026-11-18 22:59:59+00:00,,
ed4e3ad6-5358-410f-8b45-9cbba1f7afef,01,LOT-0002,2026-10-20 22:00:00+00:00,,,2026-11-18 22:59:59+00:00,,
ed4e3ad6-5358-410f-8b45-9cbba1f7afef,01,LOT-0003,2026-10-20 22:00:00+00:00,,,2026-11-18 22:59:59+00:00,,
ed4e3ad6-5358-410f-8b45-9cbba1f7afef,01,LOT-0004,2026-10-20 22:00:00+00:00,,,2026-11-18 22:59:59+00:00,,
49d4a12a-7b77-437a-a031-1d1260b427a4,01,LOT-0001,2026-12-31 23:00:00+00:00,,,2029-12-31 22:59:59+00:00,,
afeff892-c330-4fb8-973c-6b65d1d3c1c1,01,LOT-0001,2027-03-18 23:00:00+00:00,,,2027-09-08 21:59:59+00:00,,
49272a08-0469-437d-bf1f-ba641417f443,01,LOT-0000,2026-10-31 23:00:00+00:00,,,2030-12-31 22:59:59+00:00,,2
01a0a3e8-422f-4756-96c5-d2a2a05e53bf,01,LOT-0001,2027-01-14 23:00:00+00:00,,,2030-12-30 22:59:59+00:00,,
a9f62a24-31b1-425a-b9aa-ca085ced8bf4,01,LOT-0000,2027-01-31 23:00:00+00:00,,,2030-01-31 22:59:59+00:00,,
20176d84-f18c-4068-b17c-d013cf0cfe0f,01,LOT-0000,,,,,UNLIMITED,
eeb9ef5a-0b01-43d5-8496-53b81772b15d,01,LOT-0001,2026-08-31 22:00:00+00:00,,,2030-08-31 21:59:59+00:00,,2
eeb9ef5a-0b01-43d5-8496-53b81772b15d,01,LOT-0002,2026-08-31 22:00:00+00:00,,,2030-08-31 21:59:59+00:00,,2
e4f3839a-4932-42c0-9b85-f1745d43c9c6,01,LOT-0000,,48.0,MONTH,,,
a040d776-b7d8-40d6-81c9-b50e1aa6daeb,01,LOT-0001,2027-01-31 23:00:00+00:00,,,2028-01-31 22:59:59+00:00,,
9ad7cb70-56ac-4e93-ad85-e249a639d263,01,LOT-0000,2026-09-03 22:00:00+00:00,,,2027-05-21 21:59:59+00:00,,
f1c9a3f9-c8d4-42b4-9e98-1838d72567e0,01,LOT-0001,2027-02-11 23:00:00+00:00,,,2027-05-31 21:59:59+00:00,,
2a892d69-436e-4ab9-b235-22191b2a0817,01,LOT-0001,2026-09-13 22:00:00+00:00,,,2027-11-26 22:59:59+00:00,,
0a1d2ce8-8ee7-4d56-a411-9ddfdfcad7f9,01,LOT-0000,2026-10-04 22:00:00+00:00,,,2027-09-03 21:59:59+00:00,,
a98df0ee-02df-4926-a699-f0264bc70ae4,01,LOT-0000,2027-01-04 23:00:00+00:00,,,2027-10-25 21:59:59+00:00,,
2c665769-7e2e-4628-991e-28dcf9c3821a,01,LOT-0000,2027-03-16 23:00:00+00:00,,,2027-05-11 21:59:59+00:00,,
1ccd2bd7-0f11-41f1-899f-4de6866a4092,01,LOT-0000,2026-12-31 23:00:00+00:00,,,2032-12-31 22:59:59+00:00,,
a9485f5f-9d7f-4d89-b14e-948fc88864b9,01,LOT-0001,2022-02-28 23:00:00+00:00,,,2026-12-01 22:59:59+00:00,,
38cb1b71-db55-447b-9dcf-7928fa9b9652,01,LOT-0001,2026-09-24 22:00:00+00:00,,,2027-04-01 21:59:59+00:00,,0
38cb1b71-db55-447b-9dcf-7928fa9b9652,01,LOT-0002,2026-09-24 22:00:00+00:00,,,2027-04-01 21:59:59+00:00,,0
38cb1b71-db55-447b-9dcf-7928fa9b9652,01,LOT-0003,2026-09-24 22:00:00+00:00,,,2027-04-01 21:59:59+00:00,,0
4c995852-f3a4-4bec-b31c-16ee0f73a0e2,01,LOT-0001,2026-12-14 23:00:00+00:00,,,2027-12-14 22:59:59+00:00,,
68ed286a-7dcd-4fa8-8fe1-cef357b78bb9,01,LOT-0001,,180.0,DAY,,,
68ed286a-7dcd-4fa8-8fe1-cef357b78bb9,01,LOT-0002,,180.0,DAY,,,
68ed286a-7dcd-4fa8-8fe1-cef357b78bb9,01,LOT-0003,,180.0,DAY,,,
68ed286a-7dcd-4fa8-8fe1-cef357b78bb9,01,LOT-0004,,180.0,DAY,,,
d67d21b0-4b54-4ba6-96e2-3b6b23819299,01,LOT-0001,,75.0,DAY,,,
1b85bfe4-fb5b-49bb-84de-474fa2eb9ef5,01,LOT-0001,2027-02-28 23:00:00+00:00,,,2028-12-15 22:59:59+00:00,,
adbbb2a3-a548-485c-b584-b649f0cff1b3,01,LOT-0000,2026-11-08 23:00:00+00:00,,,2027-04-30 21:59:59+00:00,,
5cbe1b0e-18eb-4c76-90b1-d36ed71801c1,01,LOT-0001,2027-08-08 22:00:00+00:00,,,2032-07-31 21:59:59+00:00,,
5cbe1b0e-18eb-4c76-90b1-d36ed71801c1,01,LOT-0002,2027-08-08 22:00:00+00:00,,,2032-07-31 21:59:59+00:00,,
5cbe1b0e-18eb-4c76-90b1-d36ed71801c1,01,LOT-0003,2027-08-08 22:00:00+00:00,,,2032-07-31 21:59:59+00:00,,
5cbe1b0e-18eb-4c76-90b1-d36ed71801c1,01,LOT-0004,2027-08-08 22:00:00+00:00,,,2032-07-31 21:59:59+00:00,,
5cbe1b0e-18eb-4c76-90b1-d36ed71801c1,01,LOT-0005,2027-08-08 22:00:00+00:00,,,2032-07-31 21:59:59+00:00,,
5cbe1b0e-18eb-4c76-90b1-d36ed71801c1,01,LOT-0006,2027-08-08 22:00:00+00:00,,,2032-07-31 21:59:59+00:00,,
5cbe1b0e-18eb-4c76-90b1-d36ed71801c1,01,LOT-0007,2027-08-08 22:00:00+00:00,,,2032-07-31 21:59:59+00:00,,
5cbe1b0e-18eb-4c76-90b1-d36ed71801c1,01,LOT-0008,2027-08-08 22:00:00+00:00,,,2032-07-31 21:59:59+00:00,,
5cbe1b0e-18eb-4c76-90b1-d36ed71801c1,01,LOT-0009,2027-08-08 22:00:00+00:00,,,2032-07-31 21:59:59+00:00,,
5cbe1b0e-18eb-4c76-90b1-d36ed71801c1,01,LOT-0010,2027-08-08 22:00:00+00:00,,,2032-07-31 21:59:59+00:00,,
5cbe1b0e-18eb-4c76-90b1-d36ed71801c1,01,LOT-0011,2027-08-08 22:00:00+00:00,,,2032-07-31 21:59:59+00:00,,
071a393b-8c2d-42cd-9d57-551d42b58813,01,LOT-0000,,96.0,MONTH,,,0
bba1b515-3a6b-4be6-9618-db66267d5f72,01,LOT-0000,2026-11-01 23:00:00+00:00,,,2026-11-30 22:59:59+00:00,,
2063f8a7-8d9a-4395-9834-8ab5d4a62d1d,01,LOT-0000,,3.0,MONTH,,,1
5d6248d2-bbeb-4359-8df1-2c2b5dfe2de7,01,LOT-0000,2026-09-13 22:00:00+00:00,,,2027-09-10 21:59:59+00:00,,
f1f7f1b8-2e26-45ae-bb75-30766d4f2c89,01,LOT-0000,2026-10-14 22:00:00+00:00,,,2028-02-29 22:59:59+00:00,,
f964782e-bf72-4c36-bf5f-035b9b1ed8f3,01,LOT-0000,2026-09-13 22:00:00+00:00,,,2028-11-30 22:59:59+00:00,,
c937ed17-050d-4d82-a8c8-4c8f5e7b1f9e,01,LOT-0001,2026-08-31 22:00:00+00:00,,,2028-05-14 21:59:59+00:00,,0
c937ed17-050d-4d82-a8c8-4c8f5e7b1f9e,01,LOT-0002,2026-08-31 22:00:00+00:00,,,2028-05-14 21:59:59+00:00,,0
37b9ca59-76f8-4f86-95c3-350b3f85e457,01,LOT-0001,,2.0,YEAR,,,1
0b0cee46-7028-48a3-ab93-706252419a34,01,LOT-0001,2026-12-31 23:00:00+00:00,,,2029-12-31 22:59:59+00:00,,
abae6b4a-5a2e-4a62-a6e8-61a0d99ac0f0,01,LOT-0000,2026-09-27 22:00:00+00:00,,,2026-11-15 22:59:59+00:00,,
eb6cb358-277f-463a-a7b6-10419bb6b2b5,01,LOT-0001,2026-09-27 22:00:00+00:00,,,2027-06-21 21:59:59+00:00,,
ba79a82e-ba20-40d5-a701-698daf07eeb9,01,LOT-0000,,8.0,MONTH,,,
892cd313-409d-4d28-89fb-e9c5c15b141b,01,LOT-0000,2025-03-02 23:00:00+00:00,,,2026-06-15 21:59:59+00:00,,
e4219d9f-af23-4f38-8d05-842a51bb2395,01,LOT-0000,2026-11-22 23:00:00+00:00,,,2030-08-30 21:59:59+00:00,,
358aa36b-0b4d-406d-b3f0-3823146a9ea6,01,LOT-0001,,464.0,DAY,,,
81ef8785-328d-45a5-aa26-05b430f1424f,01,LOT-0000,2027-03-31 22:00:00+00:00,,,2029-03-31 21:59:59+00:00,,
005970e4-fa83-4d72-b88d-6b8acfe47c4a,01,LOT-0000,2026-11-08 23:00:00+00:00,,,2027-06-17 21:59:59+00:00,,
7cba3224-ed9b-4557-912a-b89e03238035,01,LOT-0001,2026-12-31 23:00:00+00:00,,,2029-12-31 22:59:59+00:00,,
7cba3224-ed9b-4557-912a-b89e03238035,01,LOT-0002,2026-12-31 23:00:00+00:00,,,2029-12-31 22:59:59+00:00,,
eccaf8a7-61f2-4d8b-b5b5-46950178c568,01,LOT-0000,2026-12-31 23:00:00+00:00,,,2030-12-31 22:59:59+00:00,,
ead3b499-cf64-4888-823d-7737ad787045,01,LOT-0000,2026-09-14 22:00:00+00:00,,,2026-11-20 22:59:59+00:00,,
40a54a1a-4422-4c9b-b817-9b085061ad44,01,LOT-0000,2027-04-30 22:00:00+00:00,,,2034-05-01 21:59:59+00:00,,1
9b92da70-5f05-4da6-8f36-63c00ccc4bfd,01,LOT-0001,2026-09-30 22:00:00+00:00,,,2027-09-30 21:59:59+00:00,,8
7bbe3e4a-e8f3-4ce7-8fac-f9899a31ebc0,01,LOT-0001,2026-09-14 22:00:00+00:00,,,2026-11-15 22:59:59+00:00,,
01a0a3dd-0de3-4c82-9bff-894ee83e347d,01,LOT-0001,2026-09-30 22:00:00+00:00,,,2028-09-30 21:59:59+00:00,,
125814cb-3fd3-45fb-8ee4-1940fc409986,01,LOT-0001,2027-01-24 23:00:00+00:00,,,2027-03-05 22:59:59+00:00,,
a673c7df-5a09-4230-a1f0-8c32c383c6a7,01,LOT-0001,,52.0,WEEK,,,
5136b73e-1a8c-4623-ba6e-68446d10b433,01,LOT-0000,2027-05-23 22:00:00+00:00,,,2028-03-31 21:59:59+00:00,,
63ced94b-e3ff-42f0-9b7c-b0a68e642465,01,LOT-0001,,3.0,YEAR,,,
4e2efa0e-8630-465b-beb5-fe2dc2e116e2,01,LOT-0001,2026-10-04 22:00:00+00:00,,,2026-11-03 22:59:59+00:00,,
4e2efa0e-8630-465b-beb5-fe2dc2e116e2,01,LOT-0002,2026-10-04 22:00:00+00:00,,,2026-11-03 22:59:59+00:00,,
4e2efa0e-8630-465b-beb5-fe2dc2e116e2,01,LOT-0003,2026-10-04 22:00:00+00:00,,,2026-11-03 22:59:59+00:00,,
615b5280-a5cf-40f2-b7b9-3da4726c7de4,01,LOT-0000,2027-05-23 22:00:00+00:00,,,2028-03-31 21:59:59+00:00,,
c27ce215-7d21-4d3f-8032-3718f85a797b,01,LOT-0001,2026-12-31 23:00:00+00:00,,,2028-12-31 22:59:59+00:00,,2
c27ce215-7d21-4d3f-8032-3718f85a797b,01,LOT-0002,2026-12-31 23:00:00+00:00,,,2028-12-31 22:59:59+00:00,,2
dc250dbf-39dc-4f59-b567-cfe9c7189181,01,LOT-0000,2026-07-06 22:00:00+00:00,,,2027-02-23 22:59:59+00:00,,
af5ff21e-3c05-4f2c-bd6d-2946bfe9f899,01,LOT-0000,,27.0,MONTH,,,
f02e7748-2050-4ac4-a922-cb0f4439e986,01,LOT-0000,2026-09-30 22:00:00+00:00,,,2027-09-30 21:59:59+00:00,,3
aa0363f1-766e-40ce-956c-9969d649029b,01,LOT-0001,2026-08-31 22:00:00+00:00,,,2030-11-01 22:59:59+00:00,,
01a0a386-93b5-4920-903f-b03532554f28,01,LOT-0930,2026-09-30 22:00:00+00:00,,,2027-09-30 21:59:59+00:00,,
01a0a386-93b5-4920-903f-b03532554f28,01,LOT-1130,2026-09-30 22:00:00+00:00,,,2027-09-30 21:59:59+00:00,,
01a0a386-93b5-4920-903f-b03532554f28,01,LOT-1230,2026-09-30 22:00:00+00:00,,,2027-09-30 21:59:59+00:00,,
01a0a386-93b5-4920-903f-b03532554f28,01,LOT-1330,2026-09-30 22:00:00+00:00,,,2027-09-30 21:59:59+00:00,,
01a0a386-93b5-4920-903f-b03532554f28,01,LOT-1430,2026-09-30 22:00:00+00:00,,,2027-09-30 21:59:59+00:00,,
01a0a386-93b5-4920-903f-b03532554f28,01,LOT-1830,2026-09-30 22:00:00+00:00,,,2027-09-30 21:59:59+00:00,,
25ffc2dd-ffb6-484b-9642-475359ac01fc,01,LOT-0001,2026-10-14 22:00:00+00:00,,,2030-10-14 21:59:59+00:00,,
25ffc2dd-ffb6-484b-9642-475359ac01fc,01,LOT-0002,2026-10-14 22:00:00+00:00,,,2030-10-14 21:59:59+00:00,,
25ffc2dd-ffb6-484b-9642-475359ac01fc,01,LOT-0003,2026-10-14 22:00:00+00:00,,,2030-10-14 21:59:59+00:00,,
f2c6fd75-9a61-4140-a51a-5c616ff7c99d,01,LOT-0001,2026-12-31 23:00:00+00:00,,,2030-12-31 22:59:59+00:00,,2
f2c6fd75-9a61-4140-a51a-5c616ff7c99d,01,LOT-0002,2026-12-31 23:00:00+00:00,,,2030-12-31 22:59:59+00:00,,2
f2c6fd75-9a61-4140-a51a-5c616ff7c99d,01,LOT-0003,2026-12-31 23:00:00+00:00,,,2030-12-31 22:59:59+00:00,,2
1dcf98ce-459c-4042-9b70-dcc925ded5e5,01,LOT-0000,,50.0,MONTH,,,
0a084d8e-b409-46c3-8f38-42d0c38f4087,01,LOT-0001,2027-01-10 23:00:00+00:00,,,2031-12-31 22:59:59+00:00,,3
f8f990a2-b9fb-452d-8a21-a403a2239e46,01,LOT-0002,2027-01-31 23:00:00+00:00,,,2032-01-31 22:59:59+00:00,,2
4f3f43c4-b21a-4fe6-b95f-a02bcfaec978,01,LOT-0000,2026-08-10 22:00:00+00:00,,,2028-04-15 21:59:59+00:00,,
0e4c6765-b27b-4e7e-9cb1-a4cb71f87e03,01,LOT-0000,2026-08-16 22:00:00+00:00,,,2028-07-14 21:59:59+00:00,,
3b65793d-c78d-42bc-b654-1eac5dccdd27,01,LOT-0001,2026-10-31 23:00:00+00:00,,,2028-10-31 22:59:59+00:00,,2
3b65793d-c78d-42bc-b654-1eac5dccdd27,01,LOT-0002,2026-10-31 23:00:00+00:00,,,2028-10-31 22:59:59+00:00,,2
77a17daa-1726-45b5-8710-0d9f238d3cb2,01,LOT-0000,2027-02-28 23:00:00+00:00,,,2029-02-28 22:59:59+00:00,,
01a0a39a-b1ce-41e2-a40e-d2a19840eef3,01,LOT-0001,2026-11-22 23:00:00+00:00,,,2027-10-29 21:59:59+00:00,,
9f47389f-4ff8-4452-bb85-29dc3fdbcacb,01,LOT-0000,2026-10-04 22:00:00+00:00,,,2027-11-30 22:59:59+00:00,,
37ef6440-39ad-4711-b6d8-50cd3e259338,01,LOT-0001,2027-01-03 23:00:00+00:00,,,2027-07-02 21:59:59+00:00,,
975ec467-e4c0-41ee-93e8-9e85b58e3304,01,LOT-0000,2026-08-31 22:00:00+00:00,,,2030-08-31 21:59:59+00:00,,
1a3ffe25-e783-42d6-85d9-06a72e6621ae,01,LOT-0000,2026-11-30 23:00:00+00:00,,,2029-12-31 22:59:59+00:00,,
75b1656a-978d-42f1-bea4-282faba63fb7,01,LOT-0000,,,,,UNLIMITED,
411eac10-5d12-40fb-a4d9-edbad677041b,01,LOT-0001,,24.0,MONTH,,,2
411eac10-5d12-40fb-a4d9-edbad677041b,01,LOT-0002,,24.0,MONTH,,,2
411eac10-5d12-40fb-a4d9-edbad677041b,01,LOT-0003,,24.0,MONTH,,,2
411eac10-5d12-40fb-a4d9-edbad677041b,01,LOT-0004,,24.0,MONTH,,,2
b66086b4-5a0c-43e5-beff-d9e5bd9b4747,01,LOT-0001,2027-01-31 23:00:00+00:00,,,2027-06-11 21:59:59+00:00,,1
15fde072-07e6-480b-9309-bd9ffe950305,01,LOT-0000,2026-09-30 22:00:00+00:00,,,,UNLIMITED,
bdb7cd0f-27a9-49e6-be6e-c80723885512,01,LOT-0000,,13.0,MONTH,,,
60e43b0a-8dfb-449e-b498-b09682344d0f,01,LOT-0000,2026-04-30 22:00:00+00:00,,,2029-04-30 21:59:59+00:00,,
2fbce19e-8406-42b5-9a31-021c37f0693e,01,LOT-0001,2026-09-30 22:00:00+00:00,,,2027-12-31 22:59:59+00:00,,
54a3c5e2-e83d-4d6d-b9b4-c8ef88801272,01,LOT-0000,2026-07-12 22:00:00+00:00,,,2026-12-11 22:59:59+00:00,,
22be7dde-4ac6-4315-b87d-f19b7e9864cd,01,LOT-0001,,24.0,MONTH,,,1
aa9e8b24-c04d-428d-bc89-8f1066e28c35,01,LOT-0001,2026-09-30 22:00:00+00:00,,,2027-09-30 21:59:59+00:00,,8
cef888de-af89-4526-849f-b65849ea460a,01,LOT-0000,2026-12-31 23:00:00+00:00,,,2030-12-31 22:59:59+00:00,,
5dbbe2be-5c22-4c3b-8923-6a3e9f4aa280,01,LOT-0001,2027-02-14 23:00:00+00:00,,,2028-09-01 21:59:59+00:00,,2
7d14c033-c833-4b40-8efc-e2ed271a3c3d,01,LOT-0000,2027-05-17 22:00:00+00:00,,,2028-03-31 21:59:59+00:00,,
32bcd728-4e98-499d-a4e3-75f506ec038a,01,LOT-0000,2026-12-31 23:00:00+00:00,,,2028-12-31 22:59:59+00:00,,2
07c57189-4238-4bcf-987b-80763a6d7e23,01,LOT-0001,2027-03-31 22:00:00+00:00,,,2029-03-31 21:59:59+00:00,,2
07c57189-4238-4bcf-987b-80763a6d7e23,01,LOT-0002,2027-03-31 22:00:00+00:00,,,2029-03-31 21:59:59+00:00,,2
07c57189-4238-4bcf-987b-80763a6d7e23,01,LOT-0003,2027-03-31 22:00:00+00:00,,,2029-03-31 21:59:59+00:00,,2
a3358992-2707-49b2-822c-dcf07304f3b0,01,LOT-0000,2026-12-31 23:00:00+00:00,,,2029-12-31 22:59:59+00:00,,
fb411cf6-4291-4ab1-9080-fb014f9a9c64,01,LOT-0000,2026-11-29 23:00:00+00:00,,,2027-04-09 21:59:59+00:00,,
9d83ea1f-2e6a-4af3-9974-0b8a7823c726,01,LOT-0000,2027-05-17 22:00:00+00:00,,,2028-03-31 21:59:59+00:00,,
741f8574-9ba3-434b-bf87-42f565cdff51,01,LOT-0000,2027-01-24 23:00:00+00:00,,,2027-10-22 21:59:59+00:00,,
4d643fae-3e36-4698-9988-0d3e35879d8f,01,LOT-0001,2023-08-20 22:00:00+00:00,,,2027-12-31 22:59:59+00:00,,
aecb6364-67b5-456f-ba2e-6dce58f64b21,01,LOT-0000,2026-12-31 23:00:00+00:00,,,2028-12-31 22:59:59+00:00,,1
bcb96a9b-2bd2-46b3-b7a6-dbe4b1a6fd26,01,LOT-0000,2026-07-31 22:00:00+00:00,,,2027-07-31 21:59:59+00:00,,
02251263-d5d8-4ccf-bb46-d4ef31ac41c5,01,LOT-0001,2026-09-22 22:00:00+00:00,,,2026-12-31 22:59:59+00:00,,0
e72422bd-7b79-45d6-a647-dad18da6e4bc,01,LOT-0000,2026-12-14 23:00:00+00:00,,,2029-12-31 22:59:59+00:00,,
e5945add-25b2-4c37-ade8-426440996759,01,LOT-0000,2026-07-31 22:00:00+00:00,,,2027-07-31 21:59:59+00:00,,3
dc63569a-abdf-47f2-9210-616091d369de,01,LOT-0000,2026-12-31 23:00:00+00:00,,,2028-12-31 22:59:59+00:00,,2
4b78a193-a1fc-423c-8a38-0694dfd95972,01,LOT-0000,,24.0,MONTH,,,2
091398e0-7d25-4871-911c-9da98bd731fd,01,LOT-0000,2026-11-01 23:00:00+00:00,,,2027-11-01 22:59:59+00:00,,
a137db0e-224a-4bd9-86d4-5bb3b3404d4e,01,LOT-0000,2027-06-23 22:00:00+00:00,,,2028-05-16 21:59:59+00:00,,
c2df0f6b-f6d4-4dc0-b3ad-25fa9a032e55,01,LOT-0001,,,,,UNKNOWN,
6b47bdf2-1f73-4935-ba14-aee6a80304a3,01,LOT-0000,2026-12-06 23:00:00+00:00,,,2027-01-11 22:59:59+00:00,,
01a08f76-3858-4723-afdc-294aca37ffad,01,LOT-0001,,6.0,YEAR,,,
85c9a7bb-cf66-405a-93c9-50857968cd15,01,LOT-0000,2027-01-31 23:00:00+00:00,,,2027-05-01 21:59:59+00:00,,
80225e23-4152-4fd6-abf9-b18067c9b448,01,LOT-0001,,4.0,YEAR,,,
77b9119d-d72d-4bca-adc2-6341ef20117a,01,LOT-0000,2027-05-31 22:00:00+00:00,,,2030-07-31 21:59:59+00:00,,
a87ddb58-7ced-47bf-afd4-8dcf5a1ae567,01,LOT-0001,,24.0,MONTH,,,2
a87ddb58-7ced-47bf-afd4-8dcf5a1ae567,01,LOT-0002,,24.0,MONTH,,,2
a87ddb58-7ced-47bf-afd4-8dcf5a1ae567,01,LOT-0003,,24.0,MONTH,,,2
a87ddb58-7ced-47bf-afd4-8dcf5a1ae567,01,LOT-0004,,24.0,MONTH,,,2
a87ddb58-7ced-47bf-afd4-8dcf5a1ae567,01,LOT-0005,,24.0,MONTH,,,2
a87ddb58-7ced-47bf-afd4-8dcf5a1ae567,01,LOT-0006,,24.0,MONTH,,,2
a87ddb58-7ced-47bf-afd4-8dcf5a1ae567,01,LOT-0007,,24.0,MONTH,,,2
0a256d31-3992-4c28-af2a-af2e7c9d54a3,01,LOT-0001,,120.0,MONTH,,,
ef3be2c8-73dd-4ce7-a0a5-5626e1d4def2,01,LOT-0001,2026-11-15 23:00:00+00:00,,,2027-01-31 22:59:59+00:00,,
ef3be2c8-73dd-4ce7-a0a5-5626e1d4def2,01,LOT-0002,2026-11-15 23:00:00+00:00,,,2027-01-31 22:59:59+00:00,,
ef3be2c8-73dd-4ce7-a0a5-5626e1d4def2,01,LOT-0003,2026-11-15 23:00:00+00:00,,,2027-01-31 22:59:59+00:00,,
ef3be2c8-73dd-4ce7-a0a5-5626e1d4def2,01,LOT-0004,2026-11-15 23:00:00+00:00,,,2027-01-31 22:59:59+00:00,,
ef3be2c8-73dd-4ce7-a0a5-5626e1d4def2,01,LOT-0005,2026-11-15 23:00:00+00:00,,,2027-01-31 22:59:59+00:00,,
ef3be2c8-73dd-4ce7-a0a5-5626e1d4def2,01,LOT-0006,2026-11-15 23:00:00+00:00,,,2027-01-31 22:59:59+00:00,,
ef3be2c8-73dd-4ce7-a0a5-5626e1d4def2,01,LOT-0007,2026-11-15 23:00:00+00:00,,,2027-01-31 22:59:59+00:00,,
b37b8634-91f0-43a1-9a0b-524aae0ee02e,01,LOT-0000,2022-07-14 22:00:00+00:00,,,2028-12-31 22:59:59+00:00,,
abadc72a-717a-45fc-9044-e7eb3dad334a,01,LOT-0001,,,,,UNKNOWN,
b01a3281-c302-440d-aa3a-0b3d7b665cea,01,LOT-0001,,,,,UNLIMITED,
1799fd7d-d455-45ec-84b3-f267bdf5d0e2,01,LOT-0001,,30.0,MONTH,,,
c9bdc192-58a1-4e7c-a260-cbdd646fd279,01,LOT-0000,,12.0,MONTH,,,3
3b62235d-ca80-4e03-9c3e-297de871fe80,01,LOT-0001,2026-11-22 23:00:00+00:00,,,2028-05-15 21:59:59+00:00,,
b502151c-0762-47f1-9b93-a51f389045d2,01,LOT-0000,,48.0,MONTH,,,
ff86e7dd-9047-4ad8-9ddb-106f4c18e10f,01,LOT-0001,2026-12-31 23:00:00+00:00,,,2028-12-31 22:59:59+00:00,,
ff86e7dd-9047-4ad8-9ddb-106f4c18e10f,01,LOT-0002,2026-12-31 23:00:00+00:00,,,2028-12-31 22:59:59+00:00,,
3084e989-acb5-4689-8ebb-6bf0ad8e0903,01,LOT-0001,2026-11-24 23:00:00+00:00,157.0,DAY,,,
68395e6d-ee88-4b84-b477-68e4396c6059,01,LOT-0001,2025-05-01 22:00:00+00:00,,,2027-06-30 21:59:59+00:00,,0
162d0079-0ada-4d8b-b2a3-db5d889299a2,01,LOT-0001,2026-12-30 23:00:00+00:00,,,2028-03-31 21:59:59+00:00,,2
430701f1-558e-4eee-a5d4-f58d6eeefab8,01,LOT-0001,,48.0,MONTH,,,
52f6371b-39cc-4ec2-8721-e0b6e4e41699,01,LOT-0001,,3.0,MONTH,,,
03e2ee12-213d-4a93-9e86-fa369290166f,01,LOT-0000,2026-10-04 22:00:00+00:00,,,2027-11-12 22:59:59+00:00,,
07e2fa36-a8c8-4b6b-94d1-b5ec715848fc,01,LOT-0000,2027-02-14 23:00:00+00:00,,,2027-05-24 21:59:59+00:00,,
5d1ac361-d019-4d42-902b-cbf8708a05bd,01,LOT-0001,2027-02-28 23:00:00+00:00,,,2029-02-28 22:59:59+00:00,,
5d1ac361-d019-4d42-902b-cbf8708a05bd,01,LOT-0002,2027-02-28 23:00:00+00:00,,,2029-02-28 22:59:59+00:00,,
5d1ac361-d019-4d42-902b-cbf8708a05bd,01,LOT-0003,2027-02-28 23:00:00+00:00,,,2029-02-28 22:59:59+00:00,,
5d1ac361-d019-4d42-902b-cbf8708a05bd,01,LOT-0004,2027-02-28 23:00:00+00:00,,,2029-02-28 22:59:59+00:00,,
dee2c291-4257-440e-99c7-cdfab455b60a,01,LOT-0001,2026-10-16 22:00:00+00:00,,,2029-07-01 21:59:59+00:00,,
dee2c291-4257-440e-99c7-cdfab455b60a,01,LOT-0002,2026-10-16 22:00:00+00:00,,,2029-07-01 21:59:59+00:00,,
dee2c291-4257-440e-99c7-cdfab455b60a,01,LOT-0003,2026-10-16 22:00:00+00:00,,,2029-07-01 21:59:59+00:00,,
7a855c7f-8d65-411f-9126-6dcb4aec744d,01,LOT-0000,2027-02-28 23:00:00+00:00,,,2032-02-29 22:59:59+00:00,,
10b4365a-23af-4cbd-874f-5faa960c37e5,01,LOT-0001,2028-04-20 22:00:00+00:00,,,2029-10-30 22:59:59+00:00,,
af9f35a0-65bc-4409-8b2d-339746ec18fa,01,LOT-0000,2026-11-30 23:00:00+00:00,,,2027-12-06 22:59:59+00:00,,
bdf2df03-ecca-4e4a-834a-8c169022bab7,01,LOT-0000,2025-06-22 22:00:00+00:00,,,2028-02-11 22:59:59+00:00,,
7005d76c-7d7c-4ac2-aad2-e48d7745a287,01,LOT-0001,,340.0,DAY,,,
1c273480-662f-4557-999b-ee51263af361,01,LOT-0001,2026-12-31 23:00:00+00:00,,,2029-12-31 22:59:59+00:00,,2
1c273480-662f-4557-999b-ee51263af361,01,LOT-0002,2026-12-31 23:00:00+00:00,,,2027-12-31 22:59:59+00:00,,2
2446e1a7-8dc7-4593-b2d7-3260e7e86389,01,LOT-0000,2026-09-29 22:00:00+00:00,,,2026-11-30 22:59:59+00:00,,
e5b06742-88fb-461f-b5a2-561a22b4947e,01,LOT-0000,2026-11-27 23:00:00+00:00,,,2029-06-01 21:59:59+00:00,,
d46eb7c9-65b4-4319-ae4f-b64aad501fec,01,LOT-0001,,2.0,YEAR,,,
dfd696de-b38c-4233-9db9-86a8b768feb4,01,LOT-0000,2026-11-01 23:00:00+00:00,,,2026-11-27 22:59:59+00:00,,
5a91aec9-aee6-4c00-809a-5ac8845a61ec,01,LOT-0000,,3.0,MONTH,,,
5d25dc37-cd12-454d-9a04-e023831a2f6b,01,LOT-0001,2026-12-14 23:00:00+00:00,,,2027-02-28 22:59:59+00:00,,
5d25dc37-cd12-454d-9a04-e023831a2f6b,01,LOT-0002,2026-12-14 23:00:00+00:00,,,2027-02-28 22:59:59+00:00,,
5d25dc37-cd12-454d-9a04-e023831a2f6b,01,LOT-0003,2026-12-14 23:00:00+00:00,,,2027-02-28 22:59:59+00:00,,
5d25dc37-cd12-454d-9a04-e023831a2f6b,01,LOT-0004,2026-12-14 23:00:00+00:00,,,2027-02-28 22:59:59+00:00,,
1b4499e0-c0e0-4052-976b-908f05d646fa,01,LOT-0000,2026-12-31 23:00:00+00:00,4.0,YEAR,,,
d80782ed-7a0d-4d7b-9d1b-76c7cfbc136d,01,LOT-0001,,25.0,WEEK,,,
2d885c65-7f8d-466b-ae79-a214d09abef4,01,LOT-0000,2027-05-23 22:00:00+00:00,,,2027-08-09 21:59:59+00:00,,
f3a5f1e0-9f72-4179-90d4-bcbd0ab4b850,01,LOT-0000,,51.0,MONTH,,,
e57a5e81-925c-4497-a287-25ade645b989,01,LOT-0000,,54.0,MONTH,,,
ec4d8be1-1960-40c4-976d-87eb381e9f1e,01,LOT-0000,2026-08-09 22:00:00+00:00,,,,UNLIMITED,
506dd332-df90-4a82-a41a-7fd75b71a74a,01,LOT-0001,2026-12-31 23:00:00+00:00,,,2028-11-01 22:59:59+00:00,,
6c6fd5da-2d81-4cd1-9b7a-4f9af163c766,01,LOT-0000,2022-06-12 22:00:00+00:00,,,2023-08-28 21:59:59+00:00,,
b9edd57c-869d-46a1-9b2f-e4d784c599f8,01,LOT-0000,2022-08-21 22:00:00+00:00,,,2025-02-28 22:59:59+00:00,,
2370d38a-4a55-40fd-880f-484ba02afa04,01,LOT-0000,2026-11-29 23:00:00+00:00,,,2027-02-26 22:59:59+00:00,,
cc0b1993-24c7-49b8-965b-2d87b7d6b61f,01,LOT-0001,,24.0,MONTH,,,1
cc0b1993-24c7-49b8-965b-2d87b7d6b61f,01,LOT-0002,,24.0,MONTH,,,1
04ff402f-4285-41f8-8377-bac1364d2807,01,LOT-0001,2026-12-31 23:00:00+00:00,,,2027-12-31 22:59:59+00:00,,
04ff402f-4285-41f8-8377-bac1364d2807,01,LOT-0002,2026-12-31 23:00:00+00:00,,,2027-12-31 22:59:59+00:00,,
d5be3ec2-f7c5-4017-bc4c-fae12b7f6ef7,01,LOT-0001,,24.0,MONTH,,,1
d5be3ec2-f7c5-4017-bc4c-fae12b7f6ef7,01,LOT-0002,,24.0,MONTH,,,1
d5be3ec2-f7c5-4017-bc4c-fae12b7f6ef7,01,LOT-0003,,24.0,MONTH,,,1
d5be3ec2-f7c5-4017-bc4c-fae12b7f6ef7,01,LOT-0004,,24.0,MONTH,,,1
d5be3ec2-f7c5-4017-bc4c-fae12b7f6ef7,01,LOT-0005,,24.0,MONTH,,,1
ec979362-0650-4ab1-8069-b5eb25d72e28,01,LOT-0000,2027-06-13 22:00:00+00:00,,,2027-06-20 21:59:59+00:00,,0
9eac5c2d-a869-4f51-aa20-65d23c0c2d8d,01,LOT-0000,2027-01-31 23:00:00+00:00,,,2028-01-31 22:59:59+00:00,,
7d420b5a-d751-4e71-8250-e817a7c35bc9,01,LOT-0001,2026-11-08 23:00:00+00:00,,,2027-03-26 22:59:59+00:00,,
0f40a536-3868-4c78-8710-e1a04df5dfdc,01,LOT-0001,2026-09-30 22:00:00+00:00,,,2028-06-30 21:59:59+00:00,,0
81c6013b-1919-4756-861d-b75bb351baed,01,LOT-0001,2027-02-28 23:00:00+00:00,,,2028-12-31 22:59:59+00:00,,
a94fce7c-d20b-4801-a8a4-fa82599b306b,07,LOT-0000,,,,2027-12-31 22:59:59+00:00,UNKNOWN,
d054f781-67a9-4059-8661-386f0f62f944,07,LOT-0000,2027-12-31 23:00:00+00:00,,,2028-12-31 22:59:59+00:00,,
f1b8b89e-0c34-489c-8605-e48d0d0a5cb1,01,LOT-0001,2027-04-30 22:00:00+00:00,,,2031-04-30 21:59:59+00:00,,
10ab646d-012a-4acd-9d41-d2d5927addbb,01,LOT-0001,2027-03-31 22:00:00+00:00,,,2029-02-01 22:59:59+00:00,,2
91690441-2088-4e96-99df-2b8ad32e5a1b,01,LOT-0001,2025-03-18 23:00:00+00:00,,,2027-12-31 22:59:59+00:00,,0
ee3a9d8e-fe1e-4949-9e4a-4e9c190918de,01,LOT-0001,2026-07-12 22:00:00+00:00,,,2030-07-31 21:59:59+00:00,,0
ee3a9d8e-fe1e-4949-9e4a-4e9c190918de,01,LOT-0002,2026-07-12 22:00:00+00:00,,,2030-07-31 21:59:59+00:00,,0
6626a339-d511-4a4c-b0a7-54a84a14e72e,01,LOT-0000,,40.0,MONTH,,,
78a13158-21b8-4927-8497-55f095cffba6,01,LOT-0001,2027-09-15 22:00:00+00:00,,,2027-10-20 21:59:59+00:00,,
b74698a4-9f50-479c-b077-0a57c4ab0fb0,01,LOT-0001,2026-12-31 23:00:00+00:00,,,2028-12-31 22:59:59+00:00,,2
af09e797-6292-421c-b943-41d89a98d88e,01,LOT-0001,2026-12-31 23:00:00+00:00,,,2028-12-31 22:59:59+00:00,,2
98597e19-5747-4c1b-988b-56cbc7418509,01,LOT-0001,,36.0,MONTH,,,
98597e19-5747-4c1b-988b-56cbc7418509,01,LOT-0002,,36.0,MONTH,,,
991c04fe-ca10-4e6b-9304-0ad31b4757ed,01,LOT-0001,2026-12-29 23:00:00+00:00,,,2029-12-31 22:59:59+00:00,,
37cdd9a6-65fb-4c7d-b7f5-ad7c7befc670,01,LOT-0001,,,,,UNKNOWN,
e7ffd4a2-72f0-4c60-b831-c4b32143062c,01,LOT-0000,,39.0,MONTH,,,
31a68589-dbd6-413e-9508-5e94c897fcc7,01,LOT-0001,2026-12-31 23:00:00+00:00,,,2028-12-31 22:59:59+00:00,,2030
9affc1f7-f387-4b6c-b221-a24ee46c41c6,01,LOT-0001,2024-11-08 23:00:00+00:00,,,2027-05-30 21:59:59+00:00,,0
6bbaf2c8-f9d8-42ff-8696-dff505cb0366,01,LOT-0000,2027-02-28 23:00:00+00:00,,,2029-02-28 22:59:59+00:00,,
46d59055-2d6b-4dd0-8259-86b3ae67397c,01,LOT-0000,2027-01-03 23:00:00+00:00,,,2029-06-30 21:59:59+00:00,,
f03cd7a8-f967-4d6c-8ce7-8fdc0ed14af6,01,LOT-0001,2026-12-31 23:00:00+00:00,,,2027-12-31 22:59:59+00:00,,
f03cd7a8-f967-4d6c-8ce7-8fdc0ed14af6,01,LOT-0002,2026-12-31 23:00:00+00:00,,,2027-12-31 22:59:59+00:00,,
3eb98c24-107b-4db4-9bc7-13790e23b295,01,LOT-0001,,29.0,MONTH,,,
d28f5c90-99bc-44f6-ab7f-b559d95655ec,01,LOT-0000,,66.0,MONTH,,,
0ef9519d-3c29-4818-a4de-74d9d2fafdd5,01,LOT-0001,2026-11-25 23:00:00+00:00,,,2027-07-02 21:59:59+00:00,,
01a0908b-72d0-4605-806b-700f82b26738,01,LOT-0001,,48.0,MONTH,,,
008cde4f-7c6c-45cd-8286-9111985fe572,01,LOT-0001,,48.0,MONTH,,,2
4d70dd3a-19b8-45bb-8fe1-cc4dbf9f9bc0,01,LOT-0001,2027-01-27 23:00:00+00:00,,,2027-07-01 21:59:59+00:00,,
3b86fd33-00b9-40dd-8ca9-ceabce92d4f0,01,LOT-0001,,12.0,MONTH,,,3
fb31e81f-405c-4e29-a8ae-81702715ad54,01,LOT-0001,2026-12-14 23:00:00+00:00,,,2029-12-30 22:59:59+00:00,,
f9a8f375-5a0b-4757-8f63-3bb02d515e15,01,LOT-0001,,36.0,MONTH,,,
f3b9c031-9495-43d1-98ae-9b6965e5dcd5,01,LOT-0001,,,,,UNKNOWN,
c75374b3-68b2-4961-babf-eda69b82ddf5,01,LOT-0000,,48.0,MONTH,,,
eef2ee81-6ce1-44d3-a872-d7ef3172d45b,01,LOT-0001,2027-02-21 23:00:00+00:00,,,2027-02-26 22:59:59+00:00,,
72116ef8-f365-4654-a1ae-dad48639eca7,01,LOT-0001,2026-12-31 23:00:00+00:00,,,2028-12-31 22:59:59+00:00,,2
72116ef8-f365-4654-a1ae-dad48639eca7,01,LOT-0002,2026-12-31 23:00:00+00:00,,,2028-12-31 22:59:59+00:00,,2
72116ef8-f365-4654-a1ae-dad48639eca7,01,LOT-0003,2026-12-31 23:00:00+00:00,,,2028-12-31 22:59:59+00:00,,2
d6edcf37-85e7-4c5d-aadd-631777267c50,01,LOT-0001,2021-05-23 22:00:00+00:00,,,2022-04-30 21:59:59+00:00,,
1fae276e-8f0b-4dc6-86fe-d4f630f347b4,01,LOT-0001,,60.0,MONTH,,,
2127b926-d426-4e4b-903f-6ca78cf49240,01,LOT-0000,2027-05-31 22:00:00+00:00,,,2030-07-31 21:59:59+00:00,,
b5167006-df6c-4516-b249-954d8e8f3df2,01,LOT-0000,2027-03-31 22:00:00+00:00,,,2028-03-01 22:59:59+00:00,,
00645247-2a18-4009-8d3c-86d79b0008cd,01,LOT-0001,,12.0,MONTH,,,
41652100-e2a9-449d-b561-ec5cd19b8897,03,LOT-0000,,,,,UNLIMITED,
afd9f95e-cfc5-4aa3-9657-683dc982242e,01,LOT-0001,2025-03-18 23:00:00+00:00,,,2027-12-31 22:59:59+00:00,,0
bd789d45-0e90-47dc-bc95-938462f0599d,01,LOT-0001,2026-08-13 22:00:00+00:00,,,2028-10-31 22:59:59+00:00,,0
bd789d45-0e90-47dc-bc95-938462f0599d,01,LOT-0002,2026-08-13 22:00:00+00:00,,,2028-10-31 22:59:59+00:00,,0
bd789d45-0e90-47dc-bc95-938462f0599d,01,LOT-0003,2026-08-13 22:00:00+00:00,,,2028-10-31 22:59:59+00:00,,0
bd789d45-0e90-47dc-bc95-938462f0599d,01,LOT-0004,2026-08-13 22:00:00+00:00,,,2028-10-31 22:59:59+00:00,,0
9796d9b5-7bf5-46ad-8cfc-948b3723d87d,01,LOT-0000,2027-02-28 23:00:00+00:00,,,2029-02-28 22:59:59+00:00,,2
01a0a3d5-6165-4f32-aef7-aa42a53416f8,01,LOT-0001,,60.0,MONTH,,,
f313e41a-4633-4ba7-b1be-e4a4adc5eb12,01,LOT-0001,2026-04-30 22:00:00+00:00,,,2027-12-31 22:59:59+00:00,,
77dd412a-f4af-4b1f-bc1b-77bcaf09e031,01,LOT-0001,2024-11-19 23:00:00+00:00,,,2029-06-20 21:59:59+00:00,,0
74213ead-8e86-41f8-b1d4-eff6c6ab222a,01,LOT-0001,2027-08-01 22:00:00+00:00,,,2028-02-11 22:59:59+00:00,,
f67484c6-0ea9-45ec-98f4-f1afe4c46ecf,01,LOT-0001,2026-12-31 23:00:00+00:00,,,2028-12-31 22:59:59+00:00,,1
f67484c6-0ea9-45ec-98f4-f1afe4c46ecf,01,LOT-0002,2026-12-31 23:00:00+00:00,,,2028-12-31 22:59:59+00:00,,1
dc8a5290-a8f6-4e7a-93be-cc3b6edf7b7f,01,LOT-0000,,,,,UNKNOWN,
8712ead9-715a-4650-ab3e-b34384a3359a,01,LOT-0000,2026-11-30 23:00:00+00:00,,,2029-12-31 22:59:59+00:00,,2
04f76f7a-e349-489a-a764-54850c2dea86,01,LOT-0001,2027-01-03 23:00:00+00:00,,,2031-03-31 21:59:59+00:00,,2
d3248030-a348-43c2-a9dd-1f1b9f890f0d,01,LOT-0001,,2.0,MONTH,,,
d3248030-a348-43c2-a9dd-1f1b9f890f0d,01,LOT-0002,,2.0,MONTH,,,
d3248030-a348-43c2-a9dd-1f1b9f890f0d,01,LOT-0003,,2.0,MONTH,,,
d3248030-a348-43c2-a9dd-1f1b9f890f0d,01,LOT-0004,,2.0,MONTH,,,
d3248030-a348-43c2-a9dd-1f1b9f890f0d,01,LOT-0005,,2.0,MONTH,,,
d3248030-a348-43c2-a9dd-1f1b9f890f0d,01,LOT-0006,,2.0,MONTH,,,
d3248030-a348-43c2-a9dd-1f1b9f890f0d,01,LOT-0007,,2.0,MONTH,,,
d3248030-a348-43c2-a9dd-1f1b9f890f0d,01,LOT-0008,,2.0,MONTH,,,
d3248030-a348-43c2-a9dd-1f1b9f890f0d,01,LOT-0009,,2.0,MONTH,,,
d3248030-a348-43c2-a9dd-1f1b9f890f0d,01,LOT-0010,,2.0,MONTH,,,
d3248030-a348-43c2-a9dd-1f1b9f890f0d,01,LOT-0011,,2.0,MONTH,,,
d3248030-a348-43c2-a9dd-1f1b9f890f0d,01,LOT-0012,,2.0,MONTH,,,
d3248030-a348-43c2-a9dd-1f1b9f890f0d,01,LOT-0013,,2.0,MONTH,,,
d3248030-a348-43c2-a9dd-1f1b9f890f0d,01,LOT-0014,,2.0,MONTH,,,
d3248030-a348-43c2-a9dd-1f1b9f890f0d,01,LOT-0015,,2.0,MONTH,,,
d3248030-a348-43c2-a9dd-1f1b9f890f0d,01,LOT-0016,,2.0,MONTH,,,
d3248030-a348-43c2-a9dd-1f1b9f890f0d,01,LOT-0017,,2.0,MONTH,,,
d3248030-a348-43c2-a9dd-1f1b9f890f0d,01,LOT-0018,,2.0,MONTH,,,
58ff65ad-ad0d-43da-9705-373a3e18d3db,01,LOT-0000,2026-11-30 23:00:00+00:00,,,2027-11-12 22:59:59+00:00,,
cd3f20d9-6470-470f-9daa-4132a2932046,01,PAR-0001,2027-06-13 22:00:00+00:00,,,2027-08-13 21:59:59+00:00,,
43f1eed3-92c4-4888-a2ae-b1de0485dec9,01,LOT-0001,2026-09-08 22:00:00+00:00,,,2027-12-31 22:59:59+00:00,,
43f1eed3-92c4-4888-a2ae-b1de0485dec9,01,LOT-0002,2026-09-08 22:00:00+00:00,,,2027-12-31 22:59:59+00:00,,
c76203cb-e304-450e-ab70-f351183aeb21,01,LOT-0000,,151.0,DAY,,,
c0a87660-19a6-44c1-bbc8-c7fec1c7615d,01,LOT-0001,2026-11-30 23:00:00+00:00,,,2029-07-18 21:59:59+00:00,,
c0a87660-19a6-44c1-bbc8-c7fec1c7615d,01,LOT-0002,2026-11-30 23:00:00+00:00,,,2029-07-18 21:59:59+00:00,,
c0a87660-19a6-44c1-bbc8-c7fec1c7615d,01,LOT-0003,2026-11-30 23:00:00+00:00,,,2029-07-18 21:59:59+00:00,,
43e6cc1d-3b21-45dd-9238-1a0c606cbdac,01,LOT-0001,2026-09-30 22:00:00+00:00,,,2028-03-31 21:59:59+00:00,,
81db0040-7ed0-434a-947e-7113d2568512,01,LOT-0001,,33.0,MONTH,,,
7ee8c71e-6e5c-48b4-bbd0-68c027e3724d,01,LOT-0001,2026-04-30 22:00:00+00:00,,,2030-12-31 22:59:59+00:00,,
252e2ba7-7660-4d37-a9f0-0247365d28f8,01,LOT-0001,,,,,UNKNOWN,
252e2ba7-7660-4d37-a9f0-0247365d28f8,01,LOT-0002,,,,,UNKNOWN,
252e2ba7-7660-4d37-a9f0-0247365d28f8,01,LOT-0003,,,,,UNKNOWN,
252e2ba7-7660-4d37-a9f0-0247365d28f8,01,LOT-0004,,,,,UNKNOWN,
252e2ba7-7660-4d37-a9f0-0247365d28f8,01,LOT-0005,,,,,UNKNOWN,
252e2ba7-7660-4d37-a9f0-0247365d28f8,01,LOT-0006,,,,,UNKNOWN,
470072e8-59d4-460e-83d7-7ef747d9690f,01,LOT-0001,,,,,UNKNOWN,0
c3a9b49a-2f04-4f8c-8eb2-c8341bbafabe,01,LOT-0000,2026-11-15 23:00:00+00:00,,,2029-01-16 22:59:59+00:00,,
2339bde4-829b-43aa-b216-c75c2496c85f,01,LOT-0001,2024-08-23 22:00:00+00:00,,,2027-05-19 21:59:59+00:00,,
f543cff6-5e02-459b-9d43-6a78f2f61da8,01,LOT-0001,2026-02-03 23:00:00+00:00,,,2033-12-31 22:59:59+00:00,,
97e862d6-eeca-4870-8e35-1ec6806240b8,01,LOT-0001,2026-11-15 23:00:00+00:00,,,2027-01-22 22:59:59+00:00,,
97e862d6-eeca-4870-8e35-1ec6806240b8,01,LOT-0002,2026-11-15 23:00:00+00:00,,,2027-01-22 22:59:59+00:00,,
97e862d6-eeca-4870-8e35-1ec6806240b8,01,LOT-0003,2026-11-15 23:00:00+00:00,,,2027-01-22 22:59:59+00:00,,
97e862d6-eeca-4870-8e35-1ec6806240b8,01,LOT-0004,2026-11-15 23:00:00+00:00,,,2027-01-22 22:59:59+00:00,,
fae26baa-4795-4ee7-95a1-db6fa841d07a,01,LOT-0001,2026-12-31 23:00:00+00:00,,,2028-10-31 22:59:59+00:00,,
fae26baa-4795-4ee7-95a1-db6fa841d07a,01,LOT-0002,2026-12-31 23:00:00+00:00,,,2028-10-31 22:59:59+00:00,,
fae26baa-4795-4ee7-95a1-db6fa841d07a,01,LOT-0003,2026-12-31 23:00:00+00:00,,,2028-10-31 22:59:59+00:00,,
fae26baa-4795-4ee7-95a1-db6fa841d07a,01,LOT-0004,2026-12-31 23:00:00+00:00,,,2028-10-31 22:59:59+00:00,,
fae26baa-4795-4ee7-95a1-db6fa841d07a,01,LOT-0005,2026-12-31 23:00:00+00:00,,,2028-10-31 22:59:59+00:00,,
fae26baa-4795-4ee7-95a1-db6fa841d07a,01,LOT-0006,2026-12-31 23:00:00+00:00,,,2028-10-31 22:59:59+00:00,,
fae26baa-4795-4ee7-95a1-db6fa841d07a,01,LOT-0007,2026-12-31 23:00:00+00:00,,,2028-10-31 22:59:59+00:00,,
fae26baa-4795-4ee7-95a1-db6fa841d07a,01,LOT-0008,2026-12-31 23:00:00+00:00,,,2028-10-31 22:59:59+00:00,,
fae26baa-4795-4ee7-95a1-db6fa841d07a,01,LOT-0009,2026-12-31 23:00:00+00:00,,,2028-10-31 22:59:59+00:00,,
fae26baa-4795-4ee7-95a1-db6fa841d07a,01,LOT-0010,2026-12-31 23:00:00+00:00,,,2028-10-31 22:59:59+00:00,,
fae26baa-4795-4ee7-95a1-db6fa841d07a,01,LOT-0011,2026-12-31 23:00:00+00:00,,,2028-10-31 22:59:59+00:00,,
fae26baa-4795-4ee7-95a1-db6fa841d07a,01,LOT-0012,2026-12-31 23:00:00+00:00,,,2028-10-31 22:59:59+00:00,,
fae26baa-4795-4ee7-95a1-db6fa841d07a,01,LOT-0013,2026-12-31 23:00:00+00:00,,,2028-10-31 22:59:59+00:00,,
fae26baa-4795-4ee7-95a1-db6fa841d07a,01,LOT-0014,2026-12-31 23:00:00+00:00,,,2028-10-31 22:59:59+00:00,,
fae26baa-4795-4ee7-95a1-db6fa841d07a,01,LOT-0015,2026-12-31 23:00:00+00:00,,,2028-10-31 22:59:59+00:00,,
fae26baa-4795-4ee7-95a1-db6fa841d07a,01,LOT-0016,2026-12-31 23:00:00+00:00,,,2028-10-31 22:59:59+00:00,,
fae26baa-4795-4ee7-95a1-db6fa841d07a,01,LOT-0017,2026-12-31 23:00:00+00:00,,,2028-10-31 22:59:59+00:00,,
fae26baa-4795-4ee7-95a1-db6fa841d07a,01,LOT-0018,2026-12-31 23:00:00+00:00,,,2028-10-31 22:59:59+00:00,,
fae26baa-4795-4ee7-95a1-db6fa841d07a,01,LOT-0019,2026-12-31 23:00:00+00:00,,,2028-10-31 22:59:59+00:00,,
fae26baa-4795-4ee7-95a1-db6fa841d07a,01,LOT-0020,2026-12-31 23:00:00+00:00,,,2028-10-31 22:59:59+00:00,,
fae26baa-4795-4ee7-95a1-db6fa841d07a,01,LOT-0021,2026-12-31 23:00:00+00:00,,,2028-10-31 22:59:59+00:00,,
fae26baa-4795-4ee7-95a1-db6fa841d07a,01,LOT-0022,2026-12-31 23:00:00+00:00,,,2028-10-31 22:59:59+00:00,,
fae26baa-4795-4ee7-95a1-db6fa841d07a,01,LOT-0023,2026-12-31 23:00:00+00:00,,,2028-10-31 22:59:59+00:00,,
fae26baa-4795-4ee7-95a1-db6fa841d07a,01,LOT-0024,2026-12-31 23:00:00+00:00,,,2028-10-31 22:59:59+00:00,,
fae26baa-4795-4ee7-95a1-db6fa841d07a,01,LOT-0025,2026-12-31 23:00:00+00:00,,,2028-10-31 22:59:59+00:00,,
fae26baa-4795-4ee7-95a1-db6fa841d07a,01,LOT-0026,2026-12-31 23:00:00+00:00,,,2028-10-31 22:59:59+00:00,,
fae26baa-4795-4ee7-95a1-db6fa841d07a,01,LOT-0027,2026-12-31 23:00:00+00:00,,,2028-10-31 22:59:59+00:00,,
fae26baa-4795-4ee7-95a1-db6fa841d07a,01,LOT-0028,2026-12-31 23:00:00+00:00,,,2028-10-31 22:59:59+00:00,,
ad444921-a025-4950-b270-afc0dd34dd39,01,LOT-0000,2026-10-13 22:00:00+00:00,,,2027-03-30 21:59:59+00:00,,
b86b2a2d-f22f-4843-9c9e-47873e5a5838,01,LOT-0000,2026-12-31 23:00:00+00:00,,,2027-12-31 22:59:59+00:00,,3
5d148dca-836a-4cbe-8ad5-ef933ebbaa3b,01,LOT-0001,2027-10-31 23:00:00+00:00,,,2035-10-31 22:59:59+00:00,,1
5d148dca-836a-4cbe-8ad5-ef933ebbaa3b,01,LOT-0002,2027-10-31 23:00:00+00:00,,,2035-10-31 22:59:59+00:00,,1
5d148dca-836a-4cbe-8ad5-ef933ebbaa3b,01,LOT-0003,2027-10-31 23:00:00+00:00,,,2035-10-31 22:59:59+00:00,,1
5d148dca-836a-4cbe-8ad5-ef933ebbaa3b,01,LOT-0004,2027-10-31 23:00:00+00:00,,,2035-10-31 22:59:59+00:00,,1
5d148dca-836a-4cbe-8ad5-ef933ebbaa3b,01,LOT-0005,2027-10-31 23:00:00+00:00,,,2035-10-31 22:59:59+00:00,,1
5d148dca-836a-4cbe-8ad5-ef933ebbaa3b,01,LOT-0006,2027-10-31 23:00:00+00:00,,,2035-10-31 22:59:59+00:00,,1
fddd9d32-d79e-4c0e-b40e-8d14b7ca2629,01,LOT-0000,2027-04-30 22:00:00+00:00,96.0,MONTH,,,
7b584af3-cd7a-4fa9-be87-2fa6755c77f4,01,LOT-0001,,14.0,DAY,,,
c4e11c05-c40c-401c-b0f0-a479f42067b7,01,LOT-0001,2026-09-27 22:00:00+00:00,,,2027-02-26 22:59:59+00:00,,
193c6052-b39c-4044-9fec-9669ee69dfd8,01,LOT-0000,,125.0,DAY,,,
2e8cce13-269e-4558-8b56-8c992ec1e00b,01,LOT-0001,2027-01-03 23:00:00+00:00,,,2027-03-31 21:59:59+00:00,,
8ec97d74-8d96-4e6a-a0e8-c75d7647570b,01,LOT-0001,2027-02-28 23:00:00+00:00,,,2033-12-31 22:59:59+00:00,,1
8ec97d74-8d96-4e6a-a0e8-c75d7647570b,01,LOT-0002,2027-02-28 23:00:00+00:00,,,2033-12-31 22:59:59+00:00,,1
8ec97d74-8d96-4e6a-a0e8-c75d7647570b,01,LOT-0003,2027-02-28 23:00:00+00:00,,,2033-12-31 22:59:59+00:00,,1
8ec97d74-8d96-4e6a-a0e8-c75d7647570b,01,LOT-0004,2027-02-28 23:00:00+00:00,,,2033-12-31 22:59:59+00:00,,1
90f332ed-04ca-467f-9af8-5e6e8e9ac165,01,LOT-0000,,180.0,DAY,,,
3c3b2519-5588-45d3-a0ca-9d0e5dada4ce,01,LOT-0000,2026-11-01 23:00:00+00:00,,,2027-05-14 21:59:59+00:00,,
8bc44cd7-7b10-4f1d-84b6-c2b84c99bd77,01,LOT-0000,2026-01-31 23:00:00+00:00,,,2027-12-31 22:59:59+00:00,,
e9684303-556d-4be9-b2f7-525e90f7aa61,01,LOT-0001,,69.0,DAY,,,
39451e83-34bc-4104-841d-204bcaf0bfb1,01,LOT-0001,2026-02-01 23:00:00+00:00,,,2031-12-31 22:59:59+00:00,,
08738828-2406-4dee-b294-31c6c16f7568,01,LOT-0001,2026-12-31 23:00:00+00:00,,,2030-12-31 22:59:59+00:00,,2
08738828-2406-4dee-b294-31c6c16f7568,01,LOT-0002,2026-12-31 23:00:00+00:00,,,2030-12-31 22:59:59+00:00,,2
08738828-2406-4dee-b294-31c6c16f7568,01,LOT-0003,2026-12-31 23:00:00+00:00,,,2030-12-31 22:59:59+00:00,,2
08738828-2406-4dee-b294-31c6c16f7568,01,LOT-0004,2026-12-31 23:00:00+00:00,,,2030-12-31 22:59:59+00:00,,2
08738828-2406-4dee-b294-31c6c16f7568,01,LOT-0005,2026-12-31 23:00:00+00:00,,,2030-12-31 22:59:59+00:00,,2
fffa5d0a-0257-4e98-b6e8-6a182061357d,01,LOT-0001,2026-10-18 22:00:00+00:00,,,2029-03-30 21:59:59+00:00,,
b6497276-a5eb-4c66-ac56-f86604960788,01,LOT-0001,2027-04-28 22:00:00+00:00,,,2027-11-01 22:59:59+00:00,,
ca24ac0c-3c27-491e-a1e7-908958fd804d,01,LOT-0001,2026-09-11 22:00:00+00:00,,,2028-01-31 22:59:59+00:00,,
9847632d-4a97-4aaa-ad2a-30e63db92be3,01,LOT-0000,,66.0,MONTH,,,
01a0a444-1c07-471e-b755-941f4becd2ee,01,LOT-0001,,29.0,MONTH,,,0
c5130c2b-46f7-4e0e-9809-68b19283cd29,01,LOT-0001,,48.0,MONTH,,,0
c5130c2b-46f7-4e0e-9809-68b19283cd29,01,LOT-0002,,48.0,MONTH,,,0
c5130c2b-46f7-4e0e-9809-68b19283cd29,01,LOT-0003,,48.0,MONTH,,,0
c5130c2b-46f7-4e0e-9809-68b19283cd29,01,LOT-0004,,48.0,MONTH,,,0
7267f9d3-1956-47a5-82d7-7d2d914a3ec0,01,LOT-0001,,,,,UNKNOWN,
f38209f9-e539-4f4b-a401-83eb750ae9df,01,LOT-0001,2026-11-22 23:00:00+00:00,,,2027-06-25 21:59:59+00:00,,
1594f91b-44f6-456a-a325-ad98833404bc,01,LOT-0000,,151.0,DAY,,,
0430fc54-6625-452c-aaf0-0a8cbd97d010,01,LOT-0001,2025-06-09 22:00:00+00:00,,,2026-10-01 21:59:59+00:00,,0
da4582b1-8a28-481e-83a6-878d3f239556,01,LOT-0001,2024-07-15 22:00:00+00:00,,,2029-06-30 21:59:59+00:00,,0
12d399d4-743f-4ef9-8d50-661c788e7327,01,LOT-0001,2027-02-14 23:00:00+00:00,,,2029-02-14 22:59:59+00:00,,1
7ad430a7-26c5-4230-9ff4-1e948502c5e4,01,LOT-0001,2026-10-31 23:00:00+00:00,,,2028-10-31 22:59:59+00:00,,1
7ad430a7-26c5-4230-9ff4-1e948502c5e4,01,LOT-0002,2026-10-31 23:00:00+00:00,,,2028-10-31 22:59:59+00:00,,1
7ad430a7-26c5-4230-9ff4-1e948502c5e4,01,LOT-0003,2026-10-31 23:00:00+00:00,,,2028-10-31 22:59:59+00:00,,1
7ad430a7-26c5-4230-9ff4-1e948502c5e4,01,LOT-0004,2026-10-31 23:00:00+00:00,,,2028-10-31 22:59:59+00:00,,1
7ad430a7-26c5-4230-9ff4-1e948502c5e4,01,LOT-0005,2026-10-31 23:00:00+00:00,,,2028-10-31 22:59:59+00:00,,1
7ad430a7-26c5-4230-9ff4-1e948502c5e4,01,LOT-0006,2026-10-31 23:00:00+00:00,,,2028-10-31 22:59:59+00:00,,1
7ad430a7-26c5-4230-9ff4-1e948502c5e4,01,LOT-0007,2026-10-31 23:00:00+00:00,,,2028-10-31 22:59:59+00:00,,1
7ad430a7-26c5-4230-9ff4-1e948502c5e4,01,LOT-0008,2026-10-31 23:00:00+00:00,,,2028-10-31 22:59:59+00:00,,1
7ad430a7-26c5-4230-9ff4-1e948502c5e4,01,LOT-0009,2026-10-31 23:00:00+00:00,,,2028-10-31 22:59:59+00:00,,1
7ad430a7-26c5-4230-9ff4-1e948502c5e4,01,LOT-0010,2026-10-31 23:00:00+00:00,,,2028-10-31 22:59:59+00:00,,1
7ad430a7-26c5-4230-9ff4-1e948502c5e4,01,LOT-0011,2026-10-31 23:00:00+00:00,,,2028-10-31 22:59:59+00:00,,1
7ad430a7-26c5-4230-9ff4-1e948502c5e4,01,LOT-0012,2026-10-31 23:00:00+00:00,,,2028-10-31 22:59:59+00:00,,1
7ad430a7-26c5-4230-9ff4-1e948502c5e4,01,LOT-0013,2026-10-31 23:00:00+00:00,,,2028-10-31 22:59:59+00:00,,1
7ad430a7-26c5-4230-9ff4-1e948502c5e4,01,LOT-0014,2026-10-31 23:00:00+00:00,,,2028-10-31 22:59:59+00:00,,1
7ad430a7-26c5-4230-9ff4-1e948502c5e4,01,LOT-0015,2026-10-31 23:00:00+00:00,,,2028-10-31 22:59:59+00:00,,1
7ad430a7-26c5-4230-9ff4-1e948502c5e4,01,LOT-0016,2026-10-31 23:00:00+00:00,,,2028-10-31 22:59:59+00:00,,1
7ad430a7-26c5-4230-9ff4-1e948502c5e4,01,LOT-0017,2026-10-31 23:00:00+00:00,,,2028-10-31 22:59:59+00:00,,1
7ad430a7-26c5-4230-9ff4-1e948502c5e4,01,LOT-0018,2026-10-31 23:00:00+00:00,,,2028-10-31 22:59:59+00:00,,1
7ad430a7-26c5-4230-9ff4-1e948502c5e4,01,LOT-0019,2026-10-31 23:00:00+00:00,,,2028-10-31 22:59:59+00:00,,1
7ad430a7-26c5-4230-9ff4-1e948502c5e4,01,LOT-0020,2026-10-31 23:00:00+00:00,,,2028-10-31 22:59:59+00:00,,1
7ad430a7-26c5-4230-9ff4-1e948502c5e4,01,LOT-0021,2026-10-31 23:00:00+00:00,,,2028-10-31 22:59:59+00:00,,1
dc92350b-924f-472a-8ea4-53cee8ca4be7,01,LOT-0001,2027-03-14 23:00:00+00:00,,,2028-12-29 22:59:59+00:00,,
0ae13d17-8a39-4471-8be3-4cd0f7b60d7f,01,LOT-0000,2026-11-30 23:00:00+00:00,,,2027-01-29 22:59:59+00:00,,
47e9847c-09f7-46c9-8624-15b5de8a8f62,01,LOT-0001,2026-10-31 23:00:00+00:00,,,2029-02-28 22:59:59+00:00,,0
47e9847c-09f7-46c9-8624-15b5de8a8f62,01,LOT-0002,2026-10-31 23:00:00+00:00,,,2029-02-28 22:59:59+00:00,,0
e6363aeb-0f90-4733-b245-4001b55ec7e6,01,LOT-0001,2023-07-31 22:00:00+00:00,,,2024-03-31 22:59:59+00:00,,
e2adf39c-21d6-4694-b513-9f76df32f968,01,LOT-0000,,24.0,MONTH,,,
dbcf653b-8029-4098-a109-9b62fa738deb,01,LOT-0000,2026-08-31 22:00:00+00:00,,,2027-03-19 22:59:59+00:00,,
d18415b2-37c4-4bb8-bca6-73e36fa44adf,01,LOT-0001,,1.0,MONTH,,,
de39d29e-8132-47bb-a227-fe06507d0371,01,LOT-0001,,,,,UNKNOWN,
763c3a53-9692-49bb-add0-43db1fd0f91d,01,LOT-0001,2026-09-30 22:00:00+00:00,,,2035-04-09 21:59:59+00:00,,
810e6512-9092-4f9a-a6ab-93befebd7864,01,LOT-0001,,9.0,MONTH,,,
d29a2896-ac0d-4e81-87ca-6bca68477b0e,01,LOT-0001,,36.0,MONTH,,,
69f42806-87d3-4f16-88fb-96f6bdee1dc0,01,LOT-0001,,24.0,MONTH,,,2
6b0f4674-e061-4675-a513-14d54862e182,01,LOT-0001,2026-09-14 22:00:00+00:00,,,2027-03-15 22:59:59+00:00,,
95906661-a883-4219-9c5f-e89d254ce70b,01,LOT-0001,2025-05-13 22:00:00+00:00,,,2028-06-01 21:59:59+00:00,,0
f9402825-f213-40c8-8453-1ad29277d8f7,01,LOT-0000,2026-10-18 22:00:00+00:00,,,2027-04-20 21:59:59+00:00,,
8af347ed-e0b4-414f-8662-44a1be1556e0,01,LOT-0001,2026-09-13 22:00:00+00:00,,,2026-10-23 21:59:59+00:00,,
06d24af2-412b-48d0-b33c-74005b9380fe,01,LOT-0001,,,,,UNKNOWN,
9506b95b-d588-4533-82ec-3e555f728b64,01,LOT-0001,2026-12-31 23:00:00+00:00,,,2028-12-31 22:59:59+00:00,,2
9506b95b-d588-4533-82ec-3e555f728b64,01,LOT-0002,2026-12-31 23:00:00+00:00,,,2028-12-31 22:59:59+00:00,,2
9506b95b-d588-4533-82ec-3e555f728b64,01,LOT-0003,2026-12-31 23:00:00+00:00,,,2028-12-31 22:59:59+00:00,,2
9506b95b-d588-4533-82ec-3e555f728b64,01,LOT-0004,2026-12-31 23:00:00+00:00,,,2028-12-31 22:59:59+00:00,,2
9506b95b-d588-4533-82ec-3e555f728b64,01,LOT-0005,2026-12-31 23:00:00+00:00,,,2028-12-31 22:59:59+00:00,,2
6022c182-3498-4ed0-9f3e-56e8ed37b231,01,LOT-0000,2027-01-31 23:00:00+00:00,,,2031-01-31 22:59:59+00:00,,
de65c969-dd52-4814-9c62-5b1b54856a7a,01,LOT-0000,2027-01-03 23:00:00+00:00,,,2034-12-29 22:59:59+00:00,,
b8978155-5df0-4743-a47b-17b326208f78,01,LOT-0001,,,,,UNKNOWN,0
0cd5762f-6d15-42d5-bb02-89240c990c72,01,LOT-0001,,13.0,MONTH,,,
0cd5762f-6d15-42d5-bb02-89240c990c72,01,LOT-0002,,13.0,MONTH,,,
638de82a-f853-4b99-b7f6-276f72d8f122,01,LOT-0001,,3.0,YEAR,,,1
8850e2ed-8211-4877-8ce3-ab6cabf3515f,01,LOT-0001,2026-11-12 23:00:00+00:00,,,2027-01-31 22:59:59+00:00,,
625720a2-3dcb-4a88-b391-48aa63d0a10f,01,LOT-0001,2026-12-06 23:00:00+00:00,,,2027-08-31 21:59:59+00:00,,
dd8c3ec5-5ab2-46cc-b703-5ad9f5ae6000,01,LOT-0001,2026-09-20 22:00:00+00:00,,,2027-12-03 22:59:59+00:00,,
d86840df-3303-4c19-a3d3-777ee6813b73,01,LOT-0000,2026-12-13 23:00:00+00:00,,,2027-12-17 22:59:59+00:00,,
a72e859e-1800-4833-813a-9247ffdf31e7,01,LOT-0001,2027-12-31 23:00:00+00:00,,,2035-12-31 22:59:59+00:00,,
49715446-c1da-4691-9ef4-4f898af7c008,01,LOT-0000,,24.0,MONTH,,,
4c8b8d25-5ca8-4a24-af95-19a6f5a0b651,01,LOT-0000,,,,,UNLIMITED,2
d617515d-c861-42af-a1db-efb077422ddd,01,LOT-0001,,4.0,YEAR,,,1
48ad93c1-a5ef-48ec-b699-689d0bc29a11,01,LOT-0001,2026-10-31 23:00:00+00:00,,,2030-12-31 22:59:59+00:00,,
8eece87c-c8ed-4c58-8424-4bfc2e480153,01,LOT-0001,2026-06-30 22:00:00+00:00,,,2027-01-01 22:59:59+00:00,,
a01b6767-8cce-49dc-b347-29b2254182ba,01,LOT-0001,,4.0,YEAR,,,1
a01b6767-8cce-49dc-b347-29b2254182ba,01,LOT-0002,,4.0,YEAR,,,1
a01b6767-8cce-49dc-b347-29b2254182ba,01,LOT-0003,,4.0,YEAR,,,1
ea0e049a-a32c-4310-aeb3-6f1f61ea8b6c,01,LOT-0001,2018-12-02 23:00:00+00:00,,,2021-12-31 22:59:59+00:00,,
2f3259ec-494a-445b-8973-8e88ea4d982b,01,LOT-0000,2027-04-30 22:00:00+00:00,,,2028-04-01 21:59:59+00:00,,
5d629036-f05a-4442-bf94-3393a3cbddba,01,LOT-0001,2026-11-30 23:00:00+00:00,,,2031-12-31 22:59:59+00:00,,0
5d629036-f05a-4442-bf94-3393a3cbddba,01,LOT-0002,2026-11-30 23:00:00+00:00,,,2031-12-31 22:59:59+00:00,,0
8d4a29da-6d95-436d-a0f7-26429bbf0f10,01,LOT-0001,2027-01-04 23:00:00+00:00,,,2028-12-31 22:59:59+00:00,,0
8d4a29da-6d95-436d-a0f7-26429bbf0f10,01,LOT-0002,2027-01-04 23:00:00+00:00,,,2028-12-31 22:59:59+00:00,,0
8d4a29da-6d95-436d-a0f7-26429bbf0f10,01,LOT-0003,2027-01-04 23:00:00+00:00,,,2028-12-31 22:59:59+00:00,,0
ec8e8be2-d6eb-4729-8d2d-09bbef6c68a8,01,LOT-0001,,3.0,YEAR,,,1
bcc8ba50-6f9a-4203-b1b0-8e47f17b1d21,01,LOT-0001,,,,,UNKNOWN,
443b1f65-33e9-470e-a0d4-bdfbe75a3894,01,LOT-0001,2025-11-30 23:00:00+00:00,,,2029-11-30 22:59:59+00:00,,
443b1f65-33e9-470e-a0d4-bdfbe75a3894,01,LOT-0002,2025-11-30 23:00:00+00:00,,,2029-11-30 22:59:59+00:00,,
6567e7d7-a73f-4743-95cc-1d79924e3da6,01,LOT-0001,2025-09-21 22:00:00+00:00,,,2031-11-30 22:59:59+00:00,,0
fd32bf75-380b-4526-8219-1452e28c6aab,01,LOT-0000,2026-12-09 23:00:00+00:00,,,2027-12-09 22:59:59+00:00,,3
6f53dfab-2e5b-4d3c-8c90-51b0e179ed28,01,LOT-0001,2026-12-31 23:00:00+00:00,,,2028-12-31 22:59:59+00:00,,
6f53dfab-2e5b-4d3c-8c90-51b0e179ed28,01,LOT-0002,2026-12-31 23:00:00+00:00,,,2028-12-31 22:59:59+00:00,,
455f167a-a4f5-4731-9358-f35e7a72bbd8,01,LOT-0001,2026-12-31 22:00:00+00:00,,,2028-01-01 21:59:59+00:00,,
c1420ad3-d5ad-45b3-aebd-ed9669ffe8fa,01,LOT-0001,,36.0,MONTH,,,2
915313db-1a99-4a68-802f-f0707033240b,01,LOT-0000,2027-01-10 23:00:00+00:00,,,2028-02-25 22:59:59+00:00,,
ed6675ff-7b24-4be8-8fe8-77d6714633f2,01,LOT-0001,2027-04-04 22:00:00+00:00,,,2027-06-26 21:59:59+00:00,,
326d396e-a357-4ff6-8360-829eeff56814,01,LOT-0000,,48.0,MONTH,,,
4214b1f1-d072-4fe2-86a9-354f62166769,01,LOT-0000,2027-04-04 22:00:00+00:00,,,2027-10-15 21:59:59+00:00,,
5bb66845-fee5-49e6-b2c8-f3077fa3ed32,01,LOT-0001,2027-12-31 23:00:00+00:00,,,2029-12-31 22:59:59+00:00,,1
5efadda4-49d5-4acd-b026-868aa4239f3f,01,LOT-0001,2026-08-13 22:00:00+00:00,,,2027-07-31 21:59:59+00:00,,
2ab32f0d-71a0-48ea-b7ce-574864ea9f96,01,LOT-0001,2026-02-03 23:00:00+00:00,,,2033-12-31 22:59:59+00:00,,
19567368-13c7-4717-8adf-135ddae9aea6,01,LOT-0001,2025-05-22 22:00:00+00:00,,,2027-05-30 21:59:59+00:00,,0
a6cbee04-9b79-44b1-bc02-954157bf1acc,01,LOT-0001,,48.0,MONTH,,,2
5262ea32-c945-4313-b24a-e1dc8ce0c833,01,LOT-0001,,48.0,MONTH,,,
5262ea32-c945-4313-b24a-e1dc8ce0c833,01,LOT-0002,,48.0,MONTH,,,
c02d75ff-4f73-41c3-8746-ab67f279f46b,01,LOT-0001,,48.0,MONTH,,,
9c21c7b4-fd30-4a13-b41c-fd92aa83e5f8,01,LOT-0001,2027-03-31 22:00:00+00:00,,,2031-03-31 21:59:59+00:00,,2
9c21c7b4-fd30-4a13-b41c-fd92aa83e5f8,01,LOT-0002,2027-03-31 22:00:00+00:00,,,2031-03-31 21:59:59+00:00,,2
325cac3c-ba5f-4058-8524-ec5a6b5562c7,01,LOT-0001,2021-06-23 22:00:00+00:00,,,2021-12-31 22:59:59+00:00,,
4466d3d1-354c-4dfd-80f1-470c81110cc7,01,LOT-0001,,12.0,MONTH,,,3
d9ab1893-476e-41db-ad82-62adfc75f439,01,LOT-0000,2026-10-04 22:00:00+00:00,,,2028-08-18 21:59:59+00:00,,
1cbc2be9-77e9-4ffa-9a20-800fad6e93c3,01,LOT-0000,2026-08-30 22:00:00+00:00,,,2026-12-04 22:59:59+00:00,,
cbc38ace-ae5a-48fb-826f-0e56e65dcf44,01,LOT-0000,,,,2028-03-31 21:59:59+00:00,,
cc2d829a-34b8-48aa-a872-94a33787ac01,01,LOT-0001,,8.0,MONTH,,,
722a34d1-9a70-44a5-b131-3aa7cecb3bf0,01,LOT-0001,2026-12-31 23:00:00+00:00,,,2028-12-31 22:59:59+00:00,,1
722a34d1-9a70-44a5-b131-3aa7cecb3bf0,01,LOT-0002,2026-12-31 23:00:00+00:00,,,2028-12-31 22:59:59+00:00,,1
9826794f-f8d4-41f5-94ae-1471d8dd3eaf,01,LOT-0001,2026-12-31 23:00:00+00:00,,,2029-12-31 22:59:59+00:00,,
2cd44b0b-edc9-4120-b18a-2d8c35a43d9a,01,LOT-0001,,1.0,MONTH,,,
af662d6d-6dd9-47a9-b947-69930e5be98a,01,LOT-0001,,19.0,MONTH,,,
76a4abec-70c6-4ed9-84f2-9cc496ac0c8d,01,LOT-0001,2026-09-20 22:00:00+00:00,,,2028-12-31 22:59:59+00:00,,
09b85bf3-4637-4ffe-b72a-f4a851f18c50,01,LOT-0000,2027-01-31 23:00:00+00:00,,,2027-07-01 21:59:59+00:00,,
b8ee89a5-dff2-4f48-8e18-3179c15c7176,01,LOT-0000,2026-09-14 22:00:00+00:00,,,2027-11-17 22:59:59+00:00,,0
f913dfbe-62c2-4805-8fe3-57bcb9b041c4,01,LOT-0001,,2.0,YEAR,,,1
508ca28a-585d-4af7-ae3e-01f3b25617b3,01,LOT-0001,,24.0,MONTH,,,
508ca28a-585d-4af7-ae3e-01f3b25617b3,01,LOT-0002,,24.0,MONTH,,,
b96be751-fb7a-4b0e-8c51-95cf2f0b6932,01,LOT-0001,,24.0,MONTH,,,1
f9dc1e05-3689-41bc-b82b-4ebe5fc1ffb5,01,LOT-0001,2027-02-28 23:00:00+00:00,,,2027-07-31 21:59:59+00:00,,
1287fcbe-fcb9-41ca-bf3c-a0de9daf4b9e,01,LOT-0000,2026-12-31 23:00:00+00:00,,,2028-12-31 22:59:59+00:00,,
f439fc31-d3e0-4ed6-b2be-171c7602f2de,01,LOT-0001,2026-09-27 22:00:00+00:00,,,2026-12-11 22:59:59+00:00,,
1ab5d1a7-fe8d-419a-9db7-79d39fe0c7e2,01,LOT-0000,2026-11-15 23:00:00+00:00,,,2026-12-11 22:59:59+00:00,,
5cff7c10-1e0e-4abe-8f0b-b6345a1362a0,01,LOT-0000,2027-01-10 23:00:00+00:00,,,2028-07-28 21:59:59+00:00,,
ff2104f9-1865-47f2-9eb6-492ec5350a0f,01,LOT-0000,2026-09-30 22:00:00+00:00,,,2030-09-30 21:59:59+00:00,,
01a0a407-b934-4e84-9bc5-759b0283b54d,01,LOT-0001,2026-12-31 23:00:00+00:00,,,2028-12-31 22:59:59+00:00,,1
01a0a407-b934-4e84-9bc5-759b0283b54d,01,LOT-0002,2026-12-31 23:00:00+00:00,,,2028-12-31 22:59:59+00:00,,1
c9741f16-aea4-4b1f-905d-999a6eff6661,01,LOT-0001,2026-09-24 22:00:00+00:00,,,2027-04-30 21:59:59+00:00,,
c9741f16-aea4-4b1f-905d-999a6eff6661,01,LOT-0002,2026-09-24 22:00:00+00:00,,,2027-04-30 21:59:59+00:00,,
c9741f16-aea4-4b1f-905d-999a6eff6661,01,LOT-0003,2026-09-24 22:00:00+00:00,,,2027-04-30 21:59:59+00:00,,
c9741f16-aea4-4b1f-905d-999a6eff6661,01,LOT-0004,2026-09-24 22:00:00+00:00,,,2027-04-30 21:59:59+00:00,,
c9741f16-aea4-4b1f-905d-999a6eff6661,01,LOT-0005,2026-09-24 22:00:00+00:00,,,2027-04-30 21:59:59+00:00,,
7cf2f3fd-2cfd-4bdc-a91f-0617a3c607bb,01,LOT-0000,2026-11-30 23:00:00+00:00,,,2027-01-29 22:59:59+00:00,,
dd867525-7c3b-4ca7-be75-717b59eb4294,01,LOT-0001,,,,,UNKNOWN,
4c0e180b-bc9a-43e6-bac7-35fc4082df54,01,LOT-0001,,23.0,MONTH,,,
50d1e5cc-c1ae-45b5-a685-505c1595d0c8,01,LOT-0000,2027-03-31 22:00:00+00:00,,,2028-03-01 22:59:59+00:00,,
a9cb14a8-596e-478a-a3e9-d94670549370,01,LOT-0000,2027-03-31 22:00:00+00:00,,,2028-03-01 22:59:59+00:00,,
ce81ab80-ec22-4e38-96c7-a762aaf4761a,01,LOT-0000,2027-07-11 22:00:00+00:00,,,2027-07-27 21:59:59+00:00,,
154276a1-4b77-4421-affc-870c5617d15b,01,LOT-0000,,51.0,MONTH,,,
8bb86434-f323-438c-b410-688eea1e9382,01,LOT-0000,2026-10-18 22:00:00+00:00,,,2027-03-25 22:59:59+00:00,,
44c726f4-e15d-43d3-84a5-0ceb2ecbff2a,01,LOT-0000,2027-01-31 23:00:00+00:00,,,2027-07-01 21:59:59+00:00,,
b225ac0d-7f96-4f8c-b700-3633e085621c,01,LOT-0000,2026-09-17 22:00:00+00:00,,,2028-09-17 21:59:59+00:00,,1
bf6239ed-5f02-4dd1-9d8d-7772fcc8eee0,01,LOT-0000,2026-11-30 23:00:00+00:00,,,2027-01-29 22:59:59+00:00,,
01a08a75-f5eb-4e4c-83c5-60b164ebe35b,01,LOT-0008,,1.0,YEAR,,,
01a08a75-f5eb-4e4c-83c5-60b164ebe35b,01,LOT-0009,,1.0,YEAR,,,
01a08a75-f5eb-4e4c-83c5-60b164ebe35b,01,LOT-0011,,1.0,YEAR,,,
01a08a75-f5eb-4e4c-83c5-60b164ebe35b,01,LOT-0012,,1.0,YEAR,,,
01a08a75-f5eb-4e4c-83c5-60b164ebe35b,01,LOT-0013,,1.0,YEAR,,,
01a08a75-f5eb-4e4c-83c5-60b164ebe35b,01,LOT-0017,,1.0,YEAR,,,
e79bb7f2-a797-4169-abb8-05686d80f70c,01,LOT-0000,,36.0,MONTH,,,
9fab6856-357f-44cb-a8f7-1b3a015751da,01,LOT-0000,2026-12-31 23:00:00+00:00,,,2027-12-31 22:59:59+00:00,,
49e40c9c-e25d-42bb-a417-c5e2c40be8b5,01,LOT-0001,2026-12-31 23:00:00+00:00,,,2027-12-31 22:59:59+00:00,,
49e40c9c-e25d-42bb-a417-c5e2c40be8b5,01,LOT-0002,2026-12-31 23:00:00+00:00,,,2027-12-31 22:59:59+00:00,,
49e40c9c-e25d-42bb-a417-c5e2c40be8b5,01,LOT-0003,2026-12-31 23:00:00+00:00,,,2027-12-31 22:59:59+00:00,,
1bc79d4d-4082-437e-9e3a-1e7a5bfcbe89,01,LOT-0001,,5.0,MONTH,,,1
24f04cdc-1d87-4457-9ca5-1dfd450fe67b,01,LOT-0001,2026-12-21 23:00:00+00:00,,,2027-05-01 21:59:59+00:00,,
3c19ff19-7593-4294-ada0-ad71fa55a8f1,01,LOT-0000,2026-12-31 23:00:00+00:00,,,2028-12-31 22:59:59+00:00,,
4a448abd-7f1f-4052-987f-f9aea3df2fb9,01,LOT-0001,,9.0,MONTH,,,
6c6fdea1-a35c-496f-ba69-5853b8cf1ed4,01,LOT-0001,,4.0,MONTH,,,
6c6fdea1-a35c-496f-ba69-5853b8cf1ed4,01,LOT-0002,,4.0,MONTH,,,
6c6fdea1-a35c-496f-ba69-5853b8cf1ed4,01,LOT-0003,,4.0,MONTH,,,
6c6fdea1-a35c-496f-ba69-5853b8cf1ed4,01,LOT-0004,,4.0,MONTH,,,
6c6fdea1-a35c-496f-ba69-5853b8cf1ed4,01,LOT-0005,,4.0,MONTH,,,
6c6fdea1-a35c-496f-ba69-5853b8cf1ed4,01,LOT-0006,,4.0,MONTH,,,
6c6fdea1-a35c-496f-ba69-5853b8cf1ed4,01,LOT-0007,,4.0,MONTH,,,
ea6b8124-9d3e-47b1-8200-425ac8a738d0,01,LOT-0001,2026-08-31 22:00:00+00:00,,,2029-12-31 22:59:59+00:00,,
0f82d9af-1042-4efa-bedb-f3d607ed98fe,01,LOT-0000,2026-11-30 23:00:00+00:00,,,2027-01-29 22:59:59+00:00,,
d62756f0-2007-4111-b118-e5f44c943b18,01,LOT-0001,2027-03-29 22:00:00+00:00,,,2027-06-18 21:59:59+00:00,,
cf7fd649-8c6c-4db7-aeaa-8b6adf173b11,01,LOT-0000,2027-05-02 22:00:00+00:00,,,2027-05-31 21:59:59+00:00,,
bb722a54-0ab3-4fed-ab47-3f00b6ada783,01,LOT-0001,2027-03-31 22:00:00+00:00,,,2027-12-03 22:59:59+00:00,,
5f734b5e-89a1-4d03-87e5-eb2f15ad7a35,01,LOT-0001,,24.0,MONTH,,,
069f2e57-7452-4eec-8c81-59e0faf49d5e,01,LOT-0001,,8.0,MONTH,,,
c1fccf1b-9a52-4960-a3e3-1066df557382,01,LOT-0001,2026-09-27 22:00:00+00:00,,,2027-01-08 22:59:59+00:00,,
7b2a1a74-b527-473f-a088-7888d6e200fb,01,LOT-0001,,,,,UNKNOWN,
7b2a1a74-b527-473f-a088-7888d6e200fb,01,LOT-0002,,,,,UNKNOWN,
7b2a1a74-b527-473f-a088-7888d6e200fb,01,LOT-0003,,,,,UNKNOWN,
7b2a1a74-b527-473f-a088-7888d6e200fb,01,LOT-0004,,,,,UNKNOWN,
7b2a1a74-b527-473f-a088-7888d6e200fb,01,LOT-0005,,,,,UNKNOWN,
7b2a1a74-b527-473f-a088-7888d6e200fb,01,LOT-0006,,,,,UNKNOWN,
7b2a1a74-b527-473f-a088-7888d6e200fb,01,LOT-0007,,,,,UNKNOWN,
26f1848e-d8d5-4ae3-8b0c-6dca3e4bee79,01,LOT-0001,2022-03-15 23:00:00+00:00,,,2024-12-31 22:59:59+00:00,,
56833ea5-58df-41b1-8b93-69c32e3b776d,01,LOT-0001,2024-01-02 23:00:00+00:00,,,2025-09-15 21:59:59+00:00,,
ccfe1ec7-0145-4cc5-a866-6058305a1906,01,LOT-0001,,,,,UNKNOWN,
719c0678-a8c7-4e34-9073-1ea5837a8f61,01,LOT-0000,2027-07-18 22:00:00+00:00,,,2028-03-31 21:59:59+00:00,,
89f97a08-7e7c-47ff-a36b-8cf22b175cac,01,LOT-0001,2023-02-12 23:00:00+00:00,,,2025-12-31 22:59:59+00:00,,
255a6420-e1db-4b4a-bd00-02847c49b7bd,01,LOT-0000,,36.0,MONTH,,,0
fef55906-ff0b-49ed-baed-06312268141a,01,LOT-0001,,16.0,MONTH,,,
6a072c36-ff4e-4e01-9d2f-c3849aff79cd,01,LOT-0001,2025-04-28 22:00:00+00:00,,,2029-10-30 22:59:59+00:00,,0
8db0b259-4bac-4cdb-914d-e4d1c3fdccb2,01,LOT-0000,2026-12-31 23:00:00+00:00,,,2028-08-28 21:59:59+00:00,,2
a9a85eaa-02be-4d44-9519-cd119a5374cc,01,LOT-0000,2026-12-31 23:00:00+00:00,,,2028-12-31 22:59:59+00:00,,
ea8f1a43-9513-41a0-8a4d-0cd582862db3,01,LOT-0001,,3.0,YEAR,,,
ea399951-3dbe-4ef5-bed6-49aca30291ac,01,LOT-0000,2026-09-24 22:00:00+00:00,,,2026-10-13 21:59:59+00:00,,
d54ec781-962f-409c-a82b-f09e4e169ca3,01,LOT-0001,2026-11-01 23:00:00+00:00,,,2026-11-13 22:59:59+00:00,,
232a86f2-44bc-4701-b740-2c7275873a1f,01,LOT-0001,2026-10-31 23:00:00+00:00,,,2031-03-31 21:59:59+00:00,,
232a86f2-44bc-4701-b740-2c7275873a1f,01,LOT-0002,2026-10-31 23:00:00+00:00,,,2031-03-31 21:59:59+00:00,,
232a86f2-44bc-4701-b740-2c7275873a1f,01,LOT-0003,2026-10-31 23:00:00+00:00,,,2031-03-31 21:59:59+00:00,,
232a86f2-44bc-4701-b740-2c7275873a1f,01,LOT-0004,2026-10-31 23:00:00+00:00,,,2031-03-31 21:59:59+00:00,,
232a86f2-44bc-4701-b740-2c7275873a1f,01,LOT-0005,2026-10-31 23:00:00+00:00,,,2031-03-31 21:59:59+00:00,,
232a86f2-44bc-4701-b740-2c7275873a1f,01,LOT-0006,2026-10-31 23:00:00+00:00,,,2031-03-31 21:59:59+00:00,,
f97fbca6-d36d-409a-8a03-ef03a38df3de,01,LOT-0001,,24.0,MONTH,,,
f97fbca6-d36d-409a-8a03-ef03a38df3de,01,LOT-0002,,24.0,MONTH,,,
f97fbca6-d36d-409a-8a03-ef03a38df3de,01,LOT-0003,,24.0,MONTH,,,
f97fbca6-d36d-409a-8a03-ef03a38df3de,01,LOT-0004,,24.0,MONTH,,,
57ece606-117a-426d-a888-4af660b56f3e,01,LOT-0000,2026-05-31 22:00:00+00:00,,,2028-04-28 21:59:59+00:00,,
2084d52a-b36f-405e-9d0f-155d89d95f94,01,LOT-0000,2026-12-31 23:00:00+00:00,,,2029-12-31 22:59:59+00:00,,
04867f6b-9686-4e52-a263-3c1b27c0f00a,01,LOT-0001,,36.0,MONTH,,,1
cb625fd4-998b-4104-9f7e-0c2c66a7c16d,01,LOT-0000,,48.0,MONTH,,,
cb4cb836-775d-4166-864b-3717c808efc8,01,LOT-0001,2027-01-14 23:00:00+00:00,,,2028-10-31 22:59:59+00:00,,
9217b00b-6110-4ee9-abd6-26cc9165de60,01,LOT-0001,2026-10-31 23:00:00+00:00,,,2028-03-31 21:59:59+00:00,,
f44ac8af-3eef-4a35-9414-dfa76e528ad8,01,LOT-0000,2026-12-31 23:00:00+00:00,,,2028-10-29 21:59:59+00:00,,
1f83280b-0311-4e2f-a22c-6d2457cfbcee,01,LOT-0001,,,,,UNKNOWN,
fab52f0b-58ae-47ed-bbbc-1d3829b47040,01,LOT-0000,2026-10-11 22:00:00+00:00,,,2027-08-06 21:59:59+00:00,,
88b94f05-7399-428a-bda2-74ab08ab3d07,01,LOT-0001,,3.0,YEAR,,,1
b34d0781-ea79-41ab-9907-370f83e79047,01,LOT-0001,,4.0,MONTH,,,
29c7ca20-b67c-40b2-87ac-9686db66acaa,01,LOT-0000,2026-11-09 23:00:00+00:00,,,2026-11-11 22:59:59+00:00,,0
ff2ff8ed-94f5-47d4-9a40-d6363f5f5c5e,01,LOT-0000,,117.0,DAY,,,
1622ff00-ae42-4b30-b534-ad41942e1e65,01,LOT-0001,2027-01-03 23:00:00+00:00,,,2030-10-31 22:59:59+00:00,,
ca39dcd9-6735-4eeb-a7ec-a3d84ce6d3d3,01,LOT-0001,,24.0,MONTH,,,2
f0c5d53b-9cb6-47fe-9daf-310dfde71f38,01,LOT-0000,,51.0,MONTH,,,
71ed154a-f1b0-4a9f-99e4-3f8e18f561af,01,LOT-0000,,12.0,MONTH,,,
5b6d92e9-a4ab-4d47-90c0-342cc5774de2,01,LOT-0001,2027-01-10 23:00:00+00:00,,,2028-01-24 22:59:59+00:00,,2
aac2dd05-c839-4c68-baeb-784225a7c0be,01,LOT-0001,2024-09-19 22:00:00+00:00,,,2026-03-30 21:59:59+00:00,,
56123ce9-7570-44f8-898c-ccbf61ddfdba,01,LOT-0001,2026-10-15 22:00:00+00:00,,,2032-10-15 21:59:59+00:00,,
56123ce9-7570-44f8-898c-ccbf61ddfdba,01,LOT-0002,2026-10-15 22:00:00+00:00,,,2032-10-15 21:59:59+00:00,,
a4cd7a04-bb82-447d-80ff-207898189a11,01,LOT-0000,2026-12-31 23:00:00+00:00,,,2028-12-31 22:59:59+00:00,,
b9aa34b4-b93b-4a35-a684-baa083456b4c,01,LOT-0000,2027-01-03 23:00:00+00:00,,,2028-12-29 22:59:59+00:00,,
50a582d8-d1af-4637-9eb5-ca6378a99bb9,01,LOT-0001,2027-03-31 22:00:00+00:00,,,2032-03-31 21:59:59+00:00,,1
50a582d8-d1af-4637-9eb5-ca6378a99bb9,01,LOT-0002,2027-03-31 22:00:00+00:00,,,2032-03-31 21:59:59+00:00,,1
50a582d8-d1af-4637-9eb5-ca6378a99bb9,01,LOT-0003,2027-03-31 22:00:00+00:00,,,2032-03-31 21:59:59+00:00,,1
50a582d8-d1af-4637-9eb5-ca6378a99bb9,01,LOT-0004,2027-03-31 22:00:00+00:00,,,2032-03-31 21:59:59+00:00,,1
3ee3ffd5-8ec5-4510-b21e-a9c074591fec,01,LOT-0000,2027-03-31 22:00:00+00:00,,,2027-06-01 21:59:59+00:00,,
a5670d06-f5c1-44a2-b02e-d00fe844880e,01,LOT-0000,,443.0,DAY,,,
a5111cb1-0261-42d7-98a0-a1b063e9b896,01,LOT-0001,,2.0,YEAR,,,2
a5111cb1-0261-42d7-98a0-a1b063e9b896,01,LOT-0002,,2.0,YEAR,,,2
3747dc6f-9c33-4dc6-83af-6504813c09b1,01,LOT-0001,2025-07-14 22:00:00+00:00,,,2027-12-31 22:59:59+00:00,,
1e8e8e86-5c2f-497f-9865-460e2e1cb375,01,LOT-0001,2025-08-24 22:00:00+00:00,,,2027-12-31 22:59:59+00:00,,0
a00511c6-9a64-4118-811c-0f238982651a,01,LOT-0001,2025-01-30 23:00:00+00:00,,,2027-03-31 21:59:59+00:00,,0
381fc019-557a-4388-a9a4-a8e7afcb1741,01,LOT-0001,,66.0,MONTH,,,
fad97142-b443-4bd9-b7aa-c486345187b3,01,LOT-0000,2026-12-31 23:00:00+00:00,,,2031-12-31 22:59:59+00:00,,
db18829c-a80e-45d8-bacf-cf1745f3b6d5,01,LOT-0001,2026-01-14 23:00:00+00:00,,,2026-10-31 22:59:59+00:00,,0
a19b0eb5-b850-4dc3-b4db-d7ec9049bb26,01,LOT-0001,2027-01-10 23:00:00+00:00,,,2031-12-31 22:59:59+00:00,,3
e4d3e324-99ba-4975-82a6-24cd59e5aec6,01,LOT-0000,2027-01-03 23:00:00+00:00,,,2027-07-02 21:59:59+00:00,,
8176dc60-b619-471e-9097-2d25509222c4,01,LOT-0001,2026-12-14 23:00:00+00:00,,,2028-09-14 21:59:59+00:00,,2
51971ae6-9e49-4e37-ae18-5812dd49561d,01,LOT-0000,2026-09-27 22:00:00+00:00,,,2027-07-16 21:59:59+00:00,,
54760ccf-db92-421d-bbc0-d3a3052c6575,01,LOT-0001,2025-08-27 22:00:00+00:00,,,2027-12-31 22:59:59+00:00,,
a9c762b8-ce8e-4981-b4e8-ee9246ced7f2,01,LOT-0001,,,,,UNKNOWN,0
f51cf9c9-f534-4b55-b11e-79c7e00fc1b2,01,LOT-0001,2026-12-31 23:00:00+00:00,,,2029-12-31 22:59:59+00:00,,1
7576de88-72a4-4142-9bc0-0348aef4d44f,01,LOT-0001,2027-01-31 23:00:00+00:00,,,2027-08-02 21:59:59+00:00,,
cb21b5cc-64db-4789-b17e-206767fe07e0,01,LOT-0001,,48.0,MONTH,,,
a4bf01d3-eaf4-444c-b103-dc7f10e6d150,01,LOT-0001,,48.0,MONTH,,,
c454fa91-86f5-4f3c-9109-a3bc53e13198,01,LOT-0000,,120.0,DAY,,,
abad8933-5d48-4692-87a6-59a6da346543,01,LOT-0001,2026-11-14 23:00:00+00:00,,,2028-11-14 22:59:59+00:00,,1
ef21858d-19ec-4f13-b58a-a4e0c55551ed,01,LOT-0001,2026-10-31 23:00:00+00:00,,,2033-10-31 22:59:59+00:00,,6
29715cba-4b1c-4a79-a013-53b23c164720,01,LOT-0001,2026-11-30 23:00:00+00:00,,,2028-11-30 22:59:59+00:00,,2
01a0a4f7-beff-412f-9087-3edc6bf9153e,01,LOT-0001,2026-12-31 23:00:00+00:00,,,2028-12-31 22:59:59+00:00,,1
5a6e71b2-0412-41b8-842d-68c99c9ed184,01,LOT-0001,2027-02-28 23:00:00+00:00,,,2029-12-31 22:59:59+00:00,,1
1c27c316-9b14-4594-907e-d95f38ed204e,01,LOT-0000,2026-10-31 23:00:00+00:00,,,2030-10-31 22:59:59+00:00,,2
3fdeb952-ef6e-40e5-a887-a7e2b7cf662f,01,LOT-0001,2027-03-21 23:00:00+00:00,,,2027-05-31 21:59:59+00:00,,
2f19d346-0db3-412c-b8a2-9dd0c007b0a8,01,LOT-0001,,192.0,DAY,,,
2f19d346-0db3-412c-b8a2-9dd0c007b0a8,01,LOT-0002,,192.0,DAY,,,
2f19d346-0db3-412c-b8a2-9dd0c007b0a8,01,LOT-0003,,192.0,DAY,,,
2f19d346-0db3-412c-b8a2-9dd0c007b0a8,01,LOT-0004,,192.0,DAY,,,
2a55e205-4e71-40a0-ac8c-75e8bb465205,01,LOT-0001,,,,,UNKNOWN,
991ad645-b124-416b-b5f9-d364a221823d,01,LOT-0001,,2.0,MONTH,,,
991ad645-b124-416b-b5f9-d364a221823d,01,LOT-0002,,2.0,MONTH,,,
991ad645-b124-416b-b5f9-d364a221823d,01,LOT-0003,,2.0,MONTH,,,
991ad645-b124-416b-b5f9-d364a221823d,01,LOT-0004,,2.0,MONTH,,,
991ad645-b124-416b-b5f9-d364a221823d,01,LOT-0005,,2.0,MONTH,,,
991ad645-b124-416b-b5f9-d364a221823d,01,LOT-0006,,2.0,MONTH,,,
991ad645-b124-416b-b5f9-d364a221823d,01,LOT-0007,,2.0,MONTH,,,
991ad645-b124-416b-b5f9-d364a221823d,01,LOT-0008,,2.0,MONTH,,,
991ad645-b124-416b-b5f9-d364a221823d,01,LOT-0009,,2.0,MONTH,,,
991ad645-b124-416b-b5f9-d364a221823d,01,LOT-0010,,2.0,MONTH,,,
991ad645-b124-416b-b5f9-d364a221823d,01,LOT-0011,,2.0,MONTH,,,
991ad645-b124-416b-b5f9-d364a221823d,01,LOT-0012,,2.0,MONTH,,,
991ad645-b124-416b-b5f9-d364a221823d,01,LOT-0013,,2.0,MONTH,,,
991ad645-b124-416b-b5f9-d364a221823d,01,LOT-0014,,2.0,MONTH,,,
991ad645-b124-416b-b5f9-d364a221823d,01,LOT-0015,,2.0,MONTH,,,
991ad645-b124-416b-b5f9-d364a221823d,01,LOT-0016,,2.0,MONTH,,,
991ad645-b124-416b-b5f9-d364a221823d,01,LOT-0017,,2.0,MONTH,,,
97342522-2e60-41ee-b63e-7fd68f818a0c,01,LOT-0001,,8.0,MONTH,,,
5b29187c-30f5-4ea0-b7d0-5a2195b18ade,01,LOT-0001,,,,,UNKNOWN,
6db5929d-a517-43ed-9fe9-fb670fd9e694,01,LOT-0001,,28.0,MONTH,,,
75a604da-489d-4c11-8fa6-c21c913fafa8,01,LOT-0001,2026-11-29 23:00:00+00:00,,,2027-11-26 22:59:59+00:00,,
7dbb6c22-daf6-4e56-946f-922a05548229,01,LOT-0001,2026-09-14 22:00:00+00:00,,,2027-01-29 22:59:59+00:00,,
89046bbd-88d4-4d33-b75e-6499e7d1c3ff,01,LOT-0001,,,,,UNKNOWN,
ec83e767-8a08-4384-b1f9-7c970236efa0,01,LOT-0001,,12.0,MONTH,,,
48badf3d-488b-4187-a932-53f825f535a7,01,LOT-0000,2026-11-15 23:00:00+00:00,,,2029-01-16 22:59:59+00:00,,
ababf43b-da83-4689-bf19-3f25a3f96273,01,LOT-0000,,48.0,MONTH,,,
80675cc9-565a-4b93-816d-55b5930a0bb8,01,LOT-0001,2027-12-31 23:00:00+00:00,,,2029-12-31 22:59:59+00:00,,
79800511-1d4b-4ad3-8c60-fd255ab125b3,01,LOT-0001,2026-08-18 22:00:00+00:00,,,2028-04-30 21:59:59+00:00,,
9938303e-ed44-4a45-aa29-1702c0edcd58,01,LOT-0001,,36.0,MONTH,,,
b64ce675-d41d-4740-be94-e6472a525ea9,01,LOT-0001,2025-05-14 22:00:00+00:00,,,2026-12-11 22:59:59+00:00,,0
7f82f565-4dd7-47a0-b5d2-8365820afd12,01,LOT-0001,2027-01-31 23:00:00+00:00,,,2027-11-30 22:59:59+00:00,,0
ad9eaa7a-3247-485c-859d-ec19a1263c6b,01,LOT-0001,2026-05-04 22:00:00+00:00,,,2033-10-31 22:59:59+00:00,,
655042ea-1acb-49b4-af80-c050e20f7f66,01,LOT-0001,2027-03-14 23:00:00+00:00,,,2028-12-29 22:59:59+00:00,,
4f079692-fb67-4402-9761-f9a98b5ae938,01,LOT-0001,2026-11-15 23:00:00+00:00,,,2029-01-31 22:59:59+00:00,,
2c604aa0-56c3-4cdd-80eb-ff20350a7e4d,01,LOT-0000,2027-03-18 23:00:00+00:00,,,2027-05-24 21:59:59+00:00,,
830c6da5-b6b1-4631-a98e-1f52d628be32,01,LOT-0001,,3.0,MONTH,,,
6726f720-afb1-4713-9d79-16afcdf8bc54,01,LOT-0000,2026-09-20 22:00:00+00:00,,,2028-04-28 21:59:59+00:00,,
d17d31d5-55ce-45a3-8044-d38ba241649a,01,LOT-0000,2027-04-30 22:00:00+00:00,,,2028-04-30 21:59:59+00:00,,3
7c2448be-ac15-4f24-a1e8-fd2d19926919,01,LOT-0001,2027-05-02 22:00:00+00:00,,,2034-12-31 22:59:59+00:00,,
e1f56e28-697e-4bd0-be6c-ee7320bd1a4f,01,LOT-0001,,48.0,MONTH,,,
e1f56e28-697e-4bd0-be6c-ee7320bd1a4f,01,LOT-0002,,48.0,MONTH,,,
c0fea23b-3299-4f7d-81f9-bd0dbeff808f,01,LOT-0000,2026-11-01 23:00:00+00:00,,,2029-01-31 22:59:59+00:00,,
ef80485e-9b72-4f69-8fac-b1ca556c920b,01,LOT-0001,2026-11-01 23:00:00+00:00,,,2027-04-30 21:59:59+00:00,,
7c14f33e-7463-4d67-aec2-1d0904c78a73,01,LOT-0000,2026-11-09 23:00:00+00:00,,,2030-10-31 22:59:59+00:00,,
4a5efa8c-4b06-4b5e-82bb-feac20ff8346,01,PAR-0001,2027-01-17 23:00:00+00:00,,,2027-06-11 21:59:59+00:00,,
bf0fdfde-8f62-4b1a-a947-5a92338c95b6,01,LOT-0000,2027-02-11 23:00:00+00:00,,,2027-06-03 21:59:59+00:00,,
a7170bc7-df89-4c34-ad0c-377bea21c268,01,LOT-0001,2025-05-04 22:00:00+00:00,,,2027-05-30 21:59:59+00:00,,0
9449fe06-b7d5-450b-a214-cb1984fff69b,01,LOT-0000,,,,,UNKNOWN,
542983ed-6b28-4ae0-bc34-9721fa8b95d4,01,LOT-0001,,,,,UNKNOWN,
2fef9971-9508-4941-98cb-7c449a31e82e,01,LOT-0000,2027-02-08 23:00:00+00:00,,,2028-05-09 21:59:59+00:00,,
d34f17c2-ba49-4106-a620-f9f6ef327863,01,LOT-0001,,2.0,YEAR,,,
c92fe955-e074-45e2-b270-ab63af8a6e30,01,LOT-0001,,5.0,MONTH,,,
846aa4fb-948a-48cf-9b6f-0b9d5add1ffa,05,LOT-0000,2026-11-15 23:00:00+00:00,,,2027-03-19 22:59:59+00:00,,0
4f135c7e-421a-4a18-96b3-42acb5886bd3,02,LOT-0001,2027-02-15 23:00:00+00:00,,,2029-10-30 22:59:59+00:00,,2
2ae1cd41-6e2c-4ea0-880f-730fbc13c727,01,LOT-0000,,,,,UNKNOWN,
c3c3c991-ddef-4be9-8019-79e0977619b1,01,LOT-0001,,65.0,DAY,,,
ed9237f6-d2c2-4613-be5a-13617329b435,02,LOT-0001,2027-03-14 23:00:00+00:00,,,2028-12-29 22:59:59+00:00,,
9c08a1ab-83d4-49e8-a1d2-0cba0d37ceaa,01,LOT-0001,2027-03-14 23:00:00+00:00,,,2028-12-29 22:59:59+00:00,,
8a5794f3-558e-4156-86a7-1950acb1d1e6,01,LOT-0000,2026-08-31 22:00:00+00:00,,,2030-08-31 21:59:59+00:00,,
ac66cbd7-4e75-4d04-a276-96c26831c4b1,01,LOT-0001,2025-07-20 22:00:00+00:00,,,2029-12-31 22:59:59+00:00,,0
01a0a4d3-42d3-44f0-b13d-d8b56e99fc69,01,LOT-0001,2026-10-25 23:00:00+00:00,,,2026-12-11 22:59:59+00:00,,
78d1a7ca-9cba-4604-87cb-316487d61edd,01,LOT-0001,,,,,UNKNOWN,
78d1a7ca-9cba-4604-87cb-316487d61edd,01,LOT-0002,,,,,UNKNOWN,
78d1a7ca-9cba-4604-87cb-316487d61edd,01,LOT-0003,,,,,UNKNOWN,
78d1a7ca-9cba-4604-87cb-316487d61edd,01,LOT-0004,,,,,UNKNOWN,
78d1a7ca-9cba-4604-87cb-316487d61edd,01,LOT-0005,,,,,UNKNOWN,
78d1a7ca-9cba-4604-87cb-316487d61edd,01,LOT-0006,,,,,UNKNOWN,
78d1a7ca-9cba-4604-87cb-316487d61edd,01,LOT-0007,,,,,UNKNOWN,
78d1a7ca-9cba-4604-87cb-316487d61edd,01,LOT-0008,,,,,UNKNOWN,
78d1a7ca-9cba-4604-87cb-316487d61edd,01,LOT-0009,,,,,UNKNOWN,
78d1a7ca-9cba-4604-87cb-316487d61edd,01,LOT-0010,,,,,UNKNOWN,
78d1a7ca-9cba-4604-87cb-316487d61edd,01,LOT-0011,,,,,UNKNOWN,
78d1a7ca-9cba-4604-87cb-316487d61edd,01,LOT-0012,,,,,UNKNOWN,
78d1a7ca-9cba-4604-87cb-316487d61edd,01,LOT-0013,,,,,UNKNOWN,
78d1a7ca-9cba-4604-87cb-316487d61edd,01,LOT-0014,,,,,UNKNOWN,
78d1a7ca-9cba-4604-87cb-316487d61edd,01,LOT-0015,,,,,UNKNOWN,
78d1a7ca-9cba-4604-87cb-316487d61edd,01,LOT-0016,,,,,UNKNOWN,
ec2ebac5-f882-4557-8f21-ab61d46d3c4a,01,LOT-0001,2026-09-20 22:00:00+00:00,,,2026-10-08 21:59:59+00:00,,
b0f6fa43-92ac-4e7c-a8c9-55e3487121b0,2,LOT-0000,2026-10-11 22:00:00+00:00,,,,,
cb0b417c-4949-40cb-babb-8d35ac5ecb26,1,LOT-0000,2026-10-29 23:00:00+00:00,,,,,
86a622d6-b5c8-42ae-8e4e-834ac610f252,2,LOT-0000,2027-04-27 22:00:00+00:00,,,,,
a9a248f5-fa5a-471c-8cb2-30ea888267a3,1,LOT-0000,2026-11-15 23:00:00+00:00,,,,,
a9a248f5-fa5a-471c-8cb2-30ea888267a3,2,LOT-0000,2026-11-15 23:00:00+00:00,,,,,
533019ec-0a4e-4ace-b65a-80ad779a29ec,01,LOT-0000,2026-11-09 23:00:00+00:00,,,2027-07-20 21:59:59+00:00,,
b8c743e3-0629-4d28-9e6f-5a669b05f017,01,LOT-0000,2026-11-16 23:00:00+00:00,,,2027-01-18 22:59:59+00:00,,
57f6110d-aabb-4481-b481-a36e978c631c,1,LOT-0000,2026-11-11 23:00:00+00:00,,,,,
e8382197-4285-40e5-88d2-b62a25ec04e2,01,PAR-0000,2027-01-17 23:00:00+00:00,,,2027-09-24 21:59:59+00:00,,
c62abfd1-f12f-483b-ad30-083a126132f6,1,LOT-0000,2027-01-10 23:00:00+00:00,,,,,
