noticeIdentifier,noticeVersion,procedureLotResultNumber,receivedSubmissionsCount,receivedSubmissionsType
3aa224f3-9873-4526-9c23-7271cf89efd8,01,0,1,tenders
3aa224f3-9873-4526-9c23-7271cf89efd8,01,0,1,t-esubm
3aa224f3-9873-4526-9c23-7271cf89efd8,01,0,0,t-oth-eea
3aa224f3-9873-4526-9c23-7271cf89efd8,01,0,0,t-no-eea
3aa224f3-9873-4526-9c23-7271cf89efd8,01,0,0,t-sme
5b3d9c41-6b95-444b-951c-01eecb8f850e,01,0,7,tenders
5b3d9c41-6b95-444b-951c-01eecb8f850e,01,0,7,t-esubm
5b3d9c41-6b95-444b-951c-01eecb8f850e,01,0,0,t-oth-eea
5b3d9c41-6b95-444b-951c-01eecb8f850e,01,0,0,t-no-eea
5b3d9c41-6b95-444b-951c-01eecb8f850e,01,0,7,t-sme
c99ad21f-5df0-4684-8d10-23135c1e8b85,01,0,3,tenders
c99ad21f-5df0-4684-8d10-23135c1e8b85,01,0,3,t-esubm
c99ad21f-5df0-4684-8d10-23135c1e8b85,01,0,2,t-sme
c99ad21f-5df0-4684-8d10-23135c1e8b85,01,1,3,tenders
c99ad21f-5df0-4684-8d10-23135c1e8b85,01,1,3,t-esubm
c99ad21f-5df0-4684-8d10-23135c1e8b85,01,1,2,t-sme
c99ad21f-5df0-4684-8d10-23135c1e8b85,01,2,3,tenders
c99ad21f-5df0-4684-8d10-23135c1e8b85,01,2,3,t-esubm
c99ad21f-5df0-4684-8d10-23135c1e8b85,01,2,2,t-sme
c99ad21f-5df0-4684-8d10-23135c1e8b85,01,3,3,tenders
c99ad21f-5df0-4684-8d10-23135c1e8b85,01,3,3,t-esubm
c99ad21f-5df0-4684-8d10-23135c1e8b85,01,3,2,t-sme
c99ad21f-5df0-4684-8d10-23135c1e8b85,01,4,3,tenders
c99ad21f-5df0-4684-8d10-23135c1e8b85,01,4,3,t-esubm
c99ad21f-5df0-4684-8d10-23135c1e8b85,01,4,2,t-sme
50fa43f2-fdd1-496b-92b0-37c5682c5e27,01,0,1,tenders
50fa43f2-fdd1-496b-92b0-37c5682c5e27,01,0,1,t-esubm
50fa43f2-fdd1-496b-92b0-37c5682c5e27,01,0,0,t-oth-eea
50fa43f2-fdd1-496b-92b0-37c5682c5e27,01,0,0,t-no-eea
50fa43f2-fdd1-496b-92b0-37c5682c5e27,01,0,1,t-sme
bef6cc00-924a-4e51-a18e-0439bd51379d,01,0,4,tenders
bef6cc00-924a-4e51-a18e-0439bd51379d,01,0,4,t-esubm
bef6cc00-924a-4e51-a18e-0439bd51379d,01,0,0,t-oth-eea
bef6cc00-924a-4e51-a18e-0439bd51379d,01,0,0,t-no-eea
bef6cc00-924a-4e51-a18e-0439bd51379d,01,0,4,t-sme
bef6cc00-924a-4e51-a18e-0439bd51379d,01,1,6,tenders
bef6cc00-924a-4e51-a18e-0439bd51379d,01,1,6,t-esubm
bef6cc00-924a-4e51-a18e-0439bd51379d,01,1,0,t-oth-eea
bef6cc00-924a-4e51-a18e-0439bd51379d,01,1,0,t-no-eea
bef6cc00-924a-4e51-a18e-0439bd51379d,01,1,6,t-sme
6a370408-13db-4e37-84b8-9a80e96a5610,01,0,2,tenders
6a370408-13db-4e37-84b8-9a80e96a5610,01,0,2,t-esubm
6a370408-13db-4e37-84b8-9a80e96a5610,01,0,0,t-sme
c9c6916d-697f-4b01-b55a-5cb570bbc304,01,0,2,tenders
c9c6916d-697f-4b01-b55a-5cb570bbc304,01,0,2,t-esubm
c9c6916d-697f-4b01-b55a-5cb570bbc304,01,0,2,t-sme
de166c56-23c7-4c31-9f0e-9846fb8ea264,01,0,0,tenders
05406422-b01c-4501-81f5-f3a35c83851f,01,0,10,tenders
05406422-b01c-4501-81f5-f3a35c83851f,01,0,10,t-esubm
05406422-b01c-4501-81f5-f3a35c83851f,01,0,0,t-oth-eea
05406422-b01c-4501-81f5-f3a35c83851f,01,0,0,t-no-eea
05406422-b01c-4501-81f5-f3a35c83851f,01,0,5,t-sme
671a062d-0e72-4040-807f-446ce257be29,01,0,3,tenders
671a062d-0e72-4040-807f-446ce257be29,01,0,3,t-sme
671a062d-0e72-4040-807f-446ce257be29,01,0,0,t-no-eea
671a062d-0e72-4040-807f-446ce257be29,01,0,0,t-oth-eea
671a062d-0e72-4040-807f-446ce257be29,01,0,3,t-esubm
d944448a-9232-41c7-b2a5-5ba1ef6b0c51,01,0,3,tenders
d944448a-9232-41c7-b2a5-5ba1ef6b0c51,01,0,3,t-esubm
d944448a-9232-41c7-b2a5-5ba1ef6b0c51,01,0,3,t-sme
d944448a-9232-41c7-b2a5-5ba1ef6b0c51,01,0,0,t-oth-eea
d944448a-9232-41c7-b2a5-5ba1ef6b0c51,01,0,0,t-no-eea
d944448a-9232-41c7-b2a5-5ba1ef6b0c51,01,1,3,tenders
d944448a-9232-41c7-b2a5-5ba1ef6b0c51,01,1,3,t-esubm
d944448a-9232-41c7-b2a5-5ba1ef6b0c51,01,1,3,t-sme
d944448a-9232-41c7-b2a5-5ba1ef6b0c51,01,1,0,t-oth-eea
d944448a-9232-41c7-b2a5-5ba1ef6b0c51,01,1,0,t-no-eea
515eea47-64b4-43a9-b2b1-fdb7d7895ef0,01,0,3,tenders
515eea47-64b4-43a9-b2b1-fdb7d7895ef0,01,0,3,t-esubm
515eea47-64b4-43a9-b2b1-fdb7d7895ef0,01,0,1,t-oth-eea
515eea47-64b4-43a9-b2b1-fdb7d7895ef0,01,0,0,t-no-eea
515eea47-64b4-43a9-b2b1-fdb7d7895ef0,01,0,3,t-sme
c04ac815-abf6-4327-b5a9-43ba95631cae,01,0,12,
c04ac815-abf6-4327-b5a9-43ba95631cae,01,0,0,
c04ac815-abf6-4327-b5a9-43ba95631cae,01,0,1,
a963e896-11ba-49ba-b2e8-8717d30a7a31,01,0,16,tenders
a963e896-11ba-49ba-b2e8-8717d30a7a31,01,0,16,t-esubm
a963e896-11ba-49ba-b2e8-8717d30a7a31,01,0,13,t-sme
a963e896-11ba-49ba-b2e8-8717d30a7a31,01,0,0,t-oth-eea
a963e896-11ba-49ba-b2e8-8717d30a7a31,01,0,0,t-no-eea
4d11e71f-98dd-451f-b082-d5af534b3236,01,0,3,
4d11e71f-98dd-451f-b082-d5af534b3236,01,0,0,
b6d328f5-cd55-4d41-9421-3734043c6787,01,0,11,
b6d328f5-cd55-4d41-9421-3734043c6787,01,0,1,
b6d328f5-cd55-4d41-9421-3734043c6787,01,0,10,
b6d328f5-cd55-4d41-9421-3734043c6787,01,0,0,
b6d328f5-cd55-4d41-9421-3734043c6787,01,0,4,
b6d328f5-cd55-4d41-9421-3734043c6787,01,1,4,
b6d328f5-cd55-4d41-9421-3734043c6787,01,1,1,
b6d328f5-cd55-4d41-9421-3734043c6787,01,1,3,
b6d328f5-cd55-4d41-9421-3734043c6787,01,1,0,
b6d328f5-cd55-4d41-9421-3734043c6787,01,2,7,
b6d328f5-cd55-4d41-9421-3734043c6787,01,2,1,
b6d328f5-cd55-4d41-9421-3734043c6787,01,2,6,
b6d328f5-cd55-4d41-9421-3734043c6787,01,2,0,
b6d328f5-cd55-4d41-9421-3734043c6787,01,2,3,
b6d328f5-cd55-4d41-9421-3734043c6787,01,3,7,
b6d328f5-cd55-4d41-9421-3734043c6787,01,3,1,
b6d328f5-cd55-4d41-9421-3734043c6787,01,3,6,
b6d328f5-cd55-4d41-9421-3734043c6787,01,3,0,
b6d328f5-cd55-4d41-9421-3734043c6787,01,3,3,
b6d328f5-cd55-4d41-9421-3734043c6787,01,4,4,
b6d328f5-cd55-4d41-9421-3734043c6787,01,4,1,
b6d328f5-cd55-4d41-9421-3734043c6787,01,4,3,
b6d328f5-cd55-4d41-9421-3734043c6787,01,4,0,
b6d328f5-cd55-4d41-9421-3734043c6787,01,5,4,
b6d328f5-cd55-4d41-9421-3734043c6787,01,5,1,
b6d328f5-cd55-4d41-9421-3734043c6787,01,5,3,
b6d328f5-cd55-4d41-9421-3734043c6787,01,5,0,
b6d328f5-cd55-4d41-9421-3734043c6787,01,6,9,
b6d328f5-cd55-4d41-9421-3734043c6787,01,6,1,
b6d328f5-cd55-4d41-9421-3734043c6787,01,6,8,
b6d328f5-cd55-4d41-9421-3734043c6787,01,6,0,
b6d328f5-cd55-4d41-9421-3734043c6787,01,6,4,
b6d328f5-cd55-4d41-9421-3734043c6787,01,7,7,
b6d328f5-cd55-4d41-9421-3734043c6787,01,7,1,
b6d328f5-cd55-4d41-9421-3734043c6787,01,7,6,
b6d328f5-cd55-4d41-9421-3734043c6787,01,7,0,
b6d328f5-cd55-4d41-9421-3734043c6787,01,7,4,
b6d328f5-cd55-4d41-9421-3734043c6787,01,8,10,
b6d328f5-cd55-4d41-9421-3734043c6787,01,8,1,
b6d328f5-cd55-4d41-9421-3734043c6787,01,8,9,
b6d328f5-cd55-4d41-9421-3734043c6787,01,8,0,
b6d328f5-cd55-4d41-9421-3734043c6787,01,8,4,
b6d328f5-cd55-4d41-9421-3734043c6787,01,9,6,
b6d328f5-cd55-4d41-9421-3734043c6787,01,9,1,
b6d328f5-cd55-4d41-9421-3734043c6787,01,9,5,
b6d328f5-cd55-4d41-9421-3734043c6787,01,9,0,
b6d328f5-cd55-4d41-9421-3734043c6787,01,9,3,
b6d328f5-cd55-4d41-9421-3734043c6787,01,10,5,
b6d328f5-cd55-4d41-9421-3734043c6787,01,10,1,
b6d328f5-cd55-4d41-9421-3734043c6787,01,10,4,
b6d328f5-cd55-4d41-9421-3734043c6787,01,10,0,
b6d328f5-cd55-4d41-9421-3734043c6787,01,11,15,
b6d328f5-cd55-4d41-9421-3734043c6787,01,11,1,
b6d328f5-cd55-4d41-9421-3734043c6787,01,11,14,
b6d328f5-cd55-4d41-9421-3734043c6787,01,11,0,
b6d328f5-cd55-4d41-9421-3734043c6787,01,11,5,
b6d328f5-cd55-4d41-9421-3734043c6787,01,12,12,
b6d328f5-cd55-4d41-9421-3734043c6787,01,12,1,
b6d328f5-cd55-4d41-9421-3734043c6787,01,12,11,
b6d328f5-cd55-4d41-9421-3734043c6787,01,12,0,
b6d328f5-cd55-4d41-9421-3734043c6787,01,12,5,
b6d328f5-cd55-4d41-9421-3734043c6787,01,13,10,
b6d328f5-cd55-4d41-9421-3734043c6787,01,13,1,
b6d328f5-cd55-4d41-9421-3734043c6787,01,13,9,
b6d328f5-cd55-4d41-9421-3734043c6787,01,13,0,
b6d328f5-cd55-4d41-9421-3734043c6787,01,13,7,
b6d328f5-cd55-4d41-9421-3734043c6787,01,14,9,
b6d328f5-cd55-4d41-9421-3734043c6787,01,14,1,
b6d328f5-cd55-4d41-9421-3734043c6787,01,14,8,
b6d328f5-cd55-4d41-9421-3734043c6787,01,14,0,
b6d328f5-cd55-4d41-9421-3734043c6787,01,14,2,
b6d328f5-cd55-4d41-9421-3734043c6787,01,15,4,
b6d328f5-cd55-4d41-9421-3734043c6787,01,15,1,
b6d328f5-cd55-4d41-9421-3734043c6787,01,15,3,
b6d328f5-cd55-4d41-9421-3734043c6787,01,15,0,
b6d328f5-cd55-4d41-9421-3734043c6787,01,16,8,
b6d328f5-cd55-4d41-9421-3734043c6787,01,16,1,
b6d328f5-cd55-4d41-9421-3734043c6787,01,16,7,
b6d328f5-cd55-4d41-9421-3734043c6787,01,16,0,
b6d328f5-cd55-4d41-9421-3734043c6787,01,16,3,
b6d328f5-cd55-4d41-9421-3734043c6787,01,17,6,
b6d328f5-cd55-4d41-9421-3734043c6787,01,17,1,
b6d328f5-cd55-4d41-9421-3734043c6787,01,17,5,
b6d328f5-cd55-4d41-9421-3734043c6787,01,17,0,
b6d328f5-cd55-4d41-9421-3734043c6787,01,17,3,
b6d328f5-cd55-4d41-9421-3734043c6787,01,18,8,
b6d328f5-cd55-4d41-9421-3734043c6787,01,18,1,
b6d328f5-cd55-4d41-9421-3734043c6787,01,18,7,
b6d328f5-cd55-4d41-9421-3734043c6787,01,18,0,
b6d328f5-cd55-4d41-9421-3734043c6787,01,18,3,
b6d328f5-cd55-4d41-9421-3734043c6787,01,19,8,
b6d328f5-cd55-4d41-9421-3734043c6787,01,19,1,
b6d328f5-cd55-4d41-9421-3734043c6787,01,19,7,
b6d328f5-cd55-4d41-9421-3734043c6787,01,19,0,
b6d328f5-cd55-4d41-9421-3734043c6787,01,19,6,
b6d328f5-cd55-4d41-9421-3734043c6787,01,20,6,
b6d328f5-cd55-4d41-9421-3734043c6787,01,20,1,
b6d328f5-cd55-4d41-9421-3734043c6787,01,20,5,
b6d328f5-cd55-4d41-9421-3734043c6787,01,20,0,
b6d328f5-cd55-4d41-9421-3734043c6787,01,20,4,
b6d328f5-cd55-4d41-9421-3734043c6787,01,21,12,
b6d328f5-cd55-4d41-9421-3734043c6787,01,21,1,
b6d328f5-cd55-4d41-9421-3734043c6787,01,21,11,
b6d328f5-cd55-4d41-9421-3734043c6787,01,21,0,
b6d328f5-cd55-4d41-9421-3734043c6787,01,21,5,
b6d328f5-cd55-4d41-9421-3734043c6787,01,22,11,
b6d328f5-cd55-4d41-9421-3734043c6787,01,22,1,
b6d328f5-cd55-4d41-9421-3734043c6787,01,22,10,
b6d328f5-cd55-4d41-9421-3734043c6787,01,22,0,
b6d328f5-cd55-4d41-9421-3734043c6787,01,22,5,
b6d328f5-cd55-4d41-9421-3734043c6787,01,23,6,
b6d328f5-cd55-4d41-9421-3734043c6787,01,23,1,
b6d328f5-cd55-4d41-9421-3734043c6787,01,23,5,
b6d328f5-cd55-4d41-9421-3734043c6787,01,23,0,
b6d328f5-cd55-4d41-9421-3734043c6787,01,24,7,
b6d328f5-cd55-4d41-9421-3734043c6787,01,24,1,
b6d328f5-cd55-4d41-9421-3734043c6787,01,24,6,
b6d328f5-cd55-4d41-9421-3734043c6787,01,24,0,
b6d328f5-cd55-4d41-9421-3734043c6787,01,24,3,
b6d328f5-cd55-4d41-9421-3734043c6787,01,25,8,
b6d328f5-cd55-4d41-9421-3734043c6787,01,25,1,
b6d328f5-cd55-4d41-9421-3734043c6787,01,25,7,
b6d328f5-cd55-4d41-9421-3734043c6787,01,25,0,
b6d328f5-cd55-4d41-9421-3734043c6787,01,25,4,
b6d328f5-cd55-4d41-9421-3734043c6787,01,26,8,
b6d328f5-cd55-4d41-9421-3734043c6787,01,26,1,
b6d328f5-cd55-4d41-9421-3734043c6787,01,26,7,
b6d328f5-cd55-4d41-9421-3734043c6787,01,26,0,
b6d328f5-cd55-4d41-9421-3734043c6787,01,26,4,
b6d328f5-cd55-4d41-9421-3734043c6787,01,27,11,
b6d328f5-cd55-4d41-9421-3734043c6787,01,27,1,
b6d328f5-cd55-4d41-9421-3734043c6787,01,27,10,
b6d328f5-cd55-4d41-9421-3734043c6787,01,27,0,
b6d328f5-cd55-4d41-9421-3734043c6787,01,27,6,
b6d328f5-cd55-4d41-9421-3734043c6787,01,28,5,
b6d328f5-cd55-4d41-9421-3734043c6787,01,28,1,
b6d328f5-cd55-4d41-9421-3734043c6787,01,28,4,
b6d328f5-cd55-4d41-9421-3734043c6787,01,28,0,
b6d328f5-cd55-4d41-9421-3734043c6787,01,28,3,
b6d328f5-cd55-4d41-9421-3734043c6787,01,29,8,
b6d328f5-cd55-4d41-9421-3734043c6787,01,29,1,
b6d328f5-cd55-4d41-9421-3734043c6787,01,29,7,
b6d328f5-cd55-4d41-9421-3734043c6787,01,29,0,
b6d328f5-cd55-4d41-9421-3734043c6787,01,29,3,
b6d328f5-cd55-4d41-9421-3734043c6787,01,30,11,
b6d328f5-cd55-4d41-9421-3734043c6787,01,30,1,
b6d328f5-cd55-4d41-9421-3734043c6787,01,30,10,
b6d328f5-cd55-4d41-9421-3734043c6787,01,30,0,
b6d328f5-cd55-4d41-9421-3734043c6787,01,30,4,
b6d328f5-cd55-4d41-9421-3734043c6787,01,31,8,
b6d328f5-cd55-4d41-9421-3734043c6787,01,31,1,
b6d328f5-cd55-4d41-9421-3734043c6787,01,31,7,
b6d328f5-cd55-4d41-9421-3734043c6787,01,31,0,
b6d328f5-cd55-4d41-9421-3734043c6787,01,31,4,
b6d328f5-cd55-4d41-9421-3734043c6787,01,32,5,
b6d328f5-cd55-4d41-9421-3734043c6787,01,32,1,
b6d328f5-cd55-4d41-9421-3734043c6787,01,32,4,
b6d328f5-cd55-4d41-9421-3734043c6787,01,32,0,
b6d328f5-cd55-4d41-9421-3734043c6787,01,32,3,
b6d328f5-cd55-4d41-9421-3734043c6787,01,33,6,
b6d328f5-cd55-4d41-9421-3734043c6787,01,33,1,
b6d328f5-cd55-4d41-9421-3734043c6787,01,33,5,
b6d328f5-cd55-4d41-9421-3734043c6787,01,33,0,
b6d328f5-cd55-4d41-9421-3734043c6787,01,33,4,
b6d328f5-cd55-4d41-9421-3734043c6787,01,34,10,
b6d328f5-cd55-4d41-9421-3734043c6787,01,34,9,
b6d328f5-cd55-4d41-9421-3734043c6787,01,34,1,
b6d328f5-cd55-4d41-9421-3734043c6787,01,34,8,
b6d328f5-cd55-4d41-9421-3734043c6787,01,34,0,
b6d328f5-cd55-4d41-9421-3734043c6787,01,34,2,
b6d328f5-cd55-4d41-9421-3734043c6787,01,35,9,
b6d328f5-cd55-4d41-9421-3734043c6787,01,35,1,
b6d328f5-cd55-4d41-9421-3734043c6787,01,35,8,
b6d328f5-cd55-4d41-9421-3734043c6787,01,35,0,
b6d328f5-cd55-4d41-9421-3734043c6787,01,35,7,
b6d328f5-cd55-4d41-9421-3734043c6787,01,36,5,
b6d328f5-cd55-4d41-9421-3734043c6787,01,36,1,
b6d328f5-cd55-4d41-9421-3734043c6787,01,36,4,
b6d328f5-cd55-4d41-9421-3734043c6787,01,36,0,
b6d328f5-cd55-4d41-9421-3734043c6787,01,36,3,
2bbbdc07-fa5f-4af9-99a4-7b2e9248396f,01,0,1,tenders
2bbbdc07-fa5f-4af9-99a4-7b2e9248396f,01,0,1,t-esubm
2bbbdc07-fa5f-4af9-99a4-7b2e9248396f,01,0,0,t-oth-eea
2bbbdc07-fa5f-4af9-99a4-7b2e9248396f,01,0,0,t-no-eea
2bbbdc07-fa5f-4af9-99a4-7b2e9248396f,01,0,1,t-sme
1604bfc0-df6f-4412-a9b8-6bbff0548131,01,0,7,tenders
1604bfc0-df6f-4412-a9b8-6bbff0548131,01,0,7,t-esubm
1604bfc0-df6f-4412-a9b8-6bbff0548131,01,0,0,t-oth-eea
1604bfc0-df6f-4412-a9b8-6bbff0548131,01,0,0,t-no-eea
1604bfc0-df6f-4412-a9b8-6bbff0548131,01,0,3,t-sme
452cdf46-ea32-4091-af28-6a63ef8c9c74,01,0,9,tenders
452cdf46-ea32-4091-af28-6a63ef8c9c74,01,0,9,t-esubm
452cdf46-ea32-4091-af28-6a63ef8c9c74,01,0,0,t-oth-eea
452cdf46-ea32-4091-af28-6a63ef8c9c74,01,0,0,t-no-eea
452cdf46-ea32-4091-af28-6a63ef8c9c74,01,0,5,t-sme
c1bb7efc-f32e-4d8a-a28b-7c7768dba9c8,01,0,10,t-esubm
bcfd3845-ebc1-44b8-9c34-c2d124b10fe7,01,0,3,
89a419d8-3f95-4702-993f-d8beec8f6caa,01,0,6,tenders
89a419d8-3f95-4702-993f-d8beec8f6caa,01,0,6,t-esubm
89a419d8-3f95-4702-993f-d8beec8f6caa,01,0,2,t-oth-eea
89a419d8-3f95-4702-993f-d8beec8f6caa,01,0,0,t-no-eea
89a419d8-3f95-4702-993f-d8beec8f6caa,01,0,4,t-sme
f9130abe-6656-41ee-90e5-fa88244bc975,01,0,1,tenders
f9130abe-6656-41ee-90e5-fa88244bc975,01,0,1,t-esubm
f9130abe-6656-41ee-90e5-fa88244bc975,01,0,0,t-oth-eea
f9130abe-6656-41ee-90e5-fa88244bc975,01,0,0,t-no-eea
f9130abe-6656-41ee-90e5-fa88244bc975,01,0,1,t-sme
f9130abe-6656-41ee-90e5-fa88244bc975,01,1,1,tenders
f9130abe-6656-41ee-90e5-fa88244bc975,01,1,1,t-esubm
f9130abe-6656-41ee-90e5-fa88244bc975,01,1,0,t-oth-eea
f9130abe-6656-41ee-90e5-fa88244bc975,01,1,0,t-no-eea
f9130abe-6656-41ee-90e5-fa88244bc975,01,1,1,t-sme
f9130abe-6656-41ee-90e5-fa88244bc975,01,2,1,tenders
f9130abe-6656-41ee-90e5-fa88244bc975,01,2,1,t-esubm
f9130abe-6656-41ee-90e5-fa88244bc975,01,2,0,t-oth-eea
f9130abe-6656-41ee-90e5-fa88244bc975,01,2,0,t-no-eea
f9130abe-6656-41ee-90e5-fa88244bc975,01,2,1,t-sme
f9130abe-6656-41ee-90e5-fa88244bc975,01,3,1,tenders
f9130abe-6656-41ee-90e5-fa88244bc975,01,3,1,t-esubm
f9130abe-6656-41ee-90e5-fa88244bc975,01,3,0,t-oth-eea
f9130abe-6656-41ee-90e5-fa88244bc975,01,3,0,t-no-eea
f9130abe-6656-41ee-90e5-fa88244bc975,01,3,1,t-sme
a32e0e5f-cbf6-4bc8-9fe1-c6a3af7ef5f3,01,0,4,tenders
a32e0e5f-cbf6-4bc8-9fe1-c6a3af7ef5f3,01,0,4,t-esubm
a32e0e5f-cbf6-4bc8-9fe1-c6a3af7ef5f3,01,0,0,t-oth-eea
a32e0e5f-cbf6-4bc8-9fe1-c6a3af7ef5f3,01,0,0,t-no-eea
a32e0e5f-cbf6-4bc8-9fe1-c6a3af7ef5f3,01,0,3,t-sme
9a166902-52db-4456-b8e2-5fe3f2c51e39,01,0,7,t-esubm
6c0e64fd-a181-465d-a3ad-b4585d2758dd,01,0,3,tenders
6c0e64fd-a181-465d-a3ad-b4585d2758dd,01,0,3,t-esubm
6c0e64fd-a181-465d-a3ad-b4585d2758dd,01,0,0,t-oth-eea
6c0e64fd-a181-465d-a3ad-b4585d2758dd,01,0,0,t-no-eea
6c0e64fd-a181-465d-a3ad-b4585d2758dd,01,0,3,t-sme
08ecd73b-ffc2-45a7-8132-f92a89d11b94,01,0,15,tenders
08ecd73b-ffc2-45a7-8132-f92a89d11b94,01,0,15,t-esubm
08ecd73b-ffc2-45a7-8132-f92a89d11b94,01,0,6,t-sme
c4745a16-5769-4144-a01f-0802676c2ac0,01,0,3,tenders
c4745a16-5769-4144-a01f-0802676c2ac0,01,0,3,t-esubm
c4745a16-5769-4144-a01f-0802676c2ac0,01,0,0,t-oth-eea
c4745a16-5769-4144-a01f-0802676c2ac0,01,0,0,t-no-eea
c4745a16-5769-4144-a01f-0802676c2ac0,01,0,2,t-sme
8014ade7-eefd-4ab9-b5aa-c3f0725bdf40,01,0,6,tenders
8014ade7-eefd-4ab9-b5aa-c3f0725bdf40,01,0,6,t-esubm
8014ade7-eefd-4ab9-b5aa-c3f0725bdf40,01,0,0,t-oth-eea
8014ade7-eefd-4ab9-b5aa-c3f0725bdf40,01,0,0,t-no-eea
8014ade7-eefd-4ab9-b5aa-c3f0725bdf40,01,0,6,t-sme
f77e1a90-902b-4f00-8bbc-42e977721d7f,01,0,3,t-esubm
29c52430-b029-4424-8ca7-24374715bf58,01,0,2,t-esubm
29c52430-b029-4424-8ca7-24374715bf58,01,0,2,t-sme
4b6da03a-87a6-453f-a25a-669cc405f290,01,0,1,t-esubm
4b6da03a-87a6-453f-a25a-669cc405f290,01,0,1,tenders
4b6da03a-87a6-453f-a25a-669cc405f290,01,1,1,t-esubm
4b6da03a-87a6-453f-a25a-669cc405f290,01,1,1,t-verif-inad
b7d8db51-786a-4c0a-9bb5-cf046d701d5b,01,0,11,tenders
b7d8db51-786a-4c0a-9bb5-cf046d701d5b,01,0,11,t-esubm
b7d8db51-786a-4c0a-9bb5-cf046d701d5b,01,0,0,t-oth-eea
b7d8db51-786a-4c0a-9bb5-cf046d701d5b,01,0,0,t-no-eea
b7d8db51-786a-4c0a-9bb5-cf046d701d5b,01,0,11,t-sme
ea2006a9-9224-467d-865e-5dd8134a2dbd,01,0,9,t-esubm
ea2006a9-9224-467d-865e-5dd8134a2dbd,01,0,8,t-sme
28c8aa4c-208a-46f3-b333-35c568928d49,01,0,5,tenders
28c8aa4c-208a-46f3-b333-35c568928d49,01,0,5,t-esubm
28c8aa4c-208a-46f3-b333-35c568928d49,01,0,5,t-sme
28c8aa4c-208a-46f3-b333-35c568928d49,01,1,3,tenders
28c8aa4c-208a-46f3-b333-35c568928d49,01,1,3,t-esubm
28c8aa4c-208a-46f3-b333-35c568928d49,01,1,3,t-sme
7974c8fb-a1a8-4c8a-a703-742399e2eca0,01,0,7,tenders
7974c8fb-a1a8-4c8a-a703-742399e2eca0,01,0,7,t-esubm
7974c8fb-a1a8-4c8a-a703-742399e2eca0,01,0,0,t-sme
7974c8fb-a1a8-4c8a-a703-742399e2eca0,01,0,1,t-oth-eea
7974c8fb-a1a8-4c8a-a703-742399e2eca0,01,1,4,tenders
7974c8fb-a1a8-4c8a-a703-742399e2eca0,01,1,4,t-esubm
7974c8fb-a1a8-4c8a-a703-742399e2eca0,01,1,0,t-sme
7974c8fb-a1a8-4c8a-a703-742399e2eca0,01,1,1,t-oth-eea
ed0a655f-db5b-484a-9441-0a84ea90eb6c,01,0,2,tenders
ed0a655f-db5b-484a-9441-0a84ea90eb6c,01,0,2,t-esubm
ed0a655f-db5b-484a-9441-0a84ea90eb6c,01,0,2,t-sme
ed0a655f-db5b-484a-9441-0a84ea90eb6c,01,0,0,t-oth-eea
ed0a655f-db5b-484a-9441-0a84ea90eb6c,01,0,0,t-no-eea
ed0a655f-db5b-484a-9441-0a84ea90eb6c,01,1,2,tenders
ed0a655f-db5b-484a-9441-0a84ea90eb6c,01,1,2,t-esubm
ed0a655f-db5b-484a-9441-0a84ea90eb6c,01,1,2,t-sme
ed0a655f-db5b-484a-9441-0a84ea90eb6c,01,1,0,t-oth-eea
ed0a655f-db5b-484a-9441-0a84ea90eb6c,01,1,0,t-no-eea
403a86dd-da15-41c7-934d-8cb2d71dfc0e,01,0,7,tenders
403a86dd-da15-41c7-934d-8cb2d71dfc0e,01,0,7,t-esubm
403a86dd-da15-41c7-934d-8cb2d71dfc0e,01,0,5,t-sme
403a86dd-da15-41c7-934d-8cb2d71dfc0e,01,0,0,t-oth-eea
403a86dd-da15-41c7-934d-8cb2d71dfc0e,01,0,0,t-no-eea
01a3c317-3099-4370-8c57-b8578c02eec7,01,0,3,
01a3c317-3099-4370-8c57-b8578c02eec7,01,0,9,
01a3c317-3099-4370-8c57-b8578c02eec7,01,0,0,
d5ddbef6-2140-4c2a-8864-c07abe57cb37,01,0,3,
d5ddbef6-2140-4c2a-8864-c07abe57cb37,01,0,1,
d5ddbef6-2140-4c2a-8864-c07abe57cb37,01,0,0,
d5ddbef6-2140-4c2a-8864-c07abe57cb37,01,1,3,
d5ddbef6-2140-4c2a-8864-c07abe57cb37,01,1,1,
d5ddbef6-2140-4c2a-8864-c07abe57cb37,01,1,0,
e4e39e7b-6fec-4f52-b6a0-57445932f388,01,0,2,
e4e39e7b-6fec-4f52-b6a0-57445932f388,01,0,0,
e4e39e7b-6fec-4f52-b6a0-57445932f388,01,1,4,
e4e39e7b-6fec-4f52-b6a0-57445932f388,01,1,0,
e4e39e7b-6fec-4f52-b6a0-57445932f388,01,1,1,
e4e39e7b-6fec-4f52-b6a0-57445932f388,01,2,2,
e4e39e7b-6fec-4f52-b6a0-57445932f388,01,2,0,
5024b561-9182-4174-8d54-bee71dd951b7,01,0,4,
79c1dce7-77d6-41e7-9836-2f9005e66ae3,01,0,3,t-esubm
79c1dce7-77d6-41e7-9836-2f9005e66ae3,01,0,2,t-sme
79c1dce7-77d6-41e7-9836-2f9005e66ae3,01,1,3,t-esubm
79c1dce7-77d6-41e7-9836-2f9005e66ae3,01,1,2,t-sme
79c1dce7-77d6-41e7-9836-2f9005e66ae3,01,2,3,t-esubm
79c1dce7-77d6-41e7-9836-2f9005e66ae3,01,2,2,t-sme
9019b0c5-b6a7-40dc-9662-3f3615c31234,01,0,1,
9019b0c5-b6a7-40dc-9662-3f3615c31234,01,0,0,
9019b0c5-b6a7-40dc-9662-3f3615c31234,01,1,1,
9019b0c5-b6a7-40dc-9662-3f3615c31234,01,1,0,
9019b0c5-b6a7-40dc-9662-3f3615c31234,01,2,1,
9019b0c5-b6a7-40dc-9662-3f3615c31234,01,2,0,
f3dbf992-f72d-453e-91fa-e4875a88efd7,01,0,2,t-esubm
f3dbf992-f72d-453e-91fa-e4875a88efd7,01,0,2,t-sme
697d148e-d366-4d4c-a115-5476bbf2f0ac,01,0,5,t-esubm
697d148e-d366-4d4c-a115-5476bbf2f0ac,01,0,5,t-sme
28dac269-fd17-419e-afc3-18b5e18ac138,01,0,1,
28dac269-fd17-419e-afc3-18b5e18ac138,01,0,0,
c804d707-ce16-4d9e-a0ff-1fc1acf61105,01,0,7,
ff280699-9dcb-44bd-9cc0-5be2fb8bc31d,01,0,6,
1dea86c8-4d21-4e3f-99ef-0c7b9affc2f3,01,0,9,
1dea86c8-4d21-4e3f-99ef-0c7b9affc2f3,01,0,0,
fa3b2024-c9bd-45dc-89a1-59df6965bc46,01,0,9,tenders
fa3b2024-c9bd-45dc-89a1-59df6965bc46,01,0,9,t-sme
fa3b2024-c9bd-45dc-89a1-59df6965bc46,01,0,0,t-no-eea
fa3b2024-c9bd-45dc-89a1-59df6965bc46,01,0,0,t-oth-eea
fa3b2024-c9bd-45dc-89a1-59df6965bc46,01,0,9,t-esubm
ab1a2196-3b3e-400c-88a6-8b410e918be1,01,0,7,
1d7eb9ce-d42c-41f0-a4f3-1cc0c4d87e20,01,0,12,tenders
1d7eb9ce-d42c-41f0-a4f3-1cc0c4d87e20,01,0,12,t-esubm
1d7eb9ce-d42c-41f0-a4f3-1cc0c4d87e20,01,0,12,t-sme
1d7eb9ce-d42c-41f0-a4f3-1cc0c4d87e20,01,0,0,t-oth-eea
1d7eb9ce-d42c-41f0-a4f3-1cc0c4d87e20,01,0,0,t-no-eea
d44abc03-50f0-4083-aab5-466efac05753,01,0,5,tenders
d44abc03-50f0-4083-aab5-466efac05753,01,0,5,t-esubm
d44abc03-50f0-4083-aab5-466efac05753,01,0,5,t-sme
d44abc03-50f0-4083-aab5-466efac05753,01,0,0,t-oth-eea
d44abc03-50f0-4083-aab5-466efac05753,01,0,0,t-no-eea
49d4a12a-7b77-437a-a031-1d1260b427a4,01,0,7,tenders
49d4a12a-7b77-437a-a031-1d1260b427a4,01,0,7,t-sme
49d4a12a-7b77-437a-a031-1d1260b427a4,01,0,0,t-no-eea
49d4a12a-7b77-437a-a031-1d1260b427a4,01,0,0,t-oth-eea
49d4a12a-7b77-437a-a031-1d1260b427a4,01,0,7,t-esubm
49272a08-0469-437d-bf1f-ba641417f443,01,0,4,tenders
49272a08-0469-437d-bf1f-ba641417f443,01,0,4,t-esubm
49272a08-0469-437d-bf1f-ba641417f443,01,0,3,t-sme
20176d84-f18c-4068-b17c-d013cf0cfe0f,01,0,3,t-esubm
eeb9ef5a-0b01-43d5-8496-53b81772b15d,01,0,4,tenders
eeb9ef5a-0b01-43d5-8496-53b81772b15d,01,0,4,t-esubm
eeb9ef5a-0b01-43d5-8496-53b81772b15d,01,0,3,t-sme
eeb9ef5a-0b01-43d5-8496-53b81772b15d,01,1,2,tenders
eeb9ef5a-0b01-43d5-8496-53b81772b15d,01,1,2,t-esubm
eeb9ef5a-0b01-43d5-8496-53b81772b15d,01,1,1,t-sme
e4f3839a-4932-42c0-9b85-f1745d43c9c6,01,0,0,tenders
e4f3839a-4932-42c0-9b85-f1745d43c9c6,01,0,0,t-esubm
e4f3839a-4932-42c0-9b85-f1745d43c9c6,01,0,0,t-sme
9ad7cb70-56ac-4e93-ad85-e249a639d263,01,0,1,t-esubm
2a892d69-436e-4ab9-b235-22191b2a0817,01,0,4,
0a1d2ce8-8ee7-4d56-a411-9ddfdfcad7f9,01,0,6,tenders
0a1d2ce8-8ee7-4d56-a411-9ddfdfcad7f9,01,0,6,t-esubm
0a1d2ce8-8ee7-4d56-a411-9ddfdfcad7f9,01,0,5,t-sme
0a1d2ce8-8ee7-4d56-a411-9ddfdfcad7f9,01,0,0,t-oth-eea
0a1d2ce8-8ee7-4d56-a411-9ddfdfcad7f9,01,0,0,t-no-eea
38cb1b71-db55-447b-9dcf-7928fa9b9652,01,0,4,tenders
38cb1b71-db55-447b-9dcf-7928fa9b9652,01,1,6,tenders
38cb1b71-db55-447b-9dcf-7928fa9b9652,01,2,4,tenders
bba1b515-3a6b-4be6-9618-db66267d5f72,01,0,2,tenders
bba1b515-3a6b-4be6-9618-db66267d5f72,01,0,2,t-esubm
bba1b515-3a6b-4be6-9618-db66267d5f72,01,0,0,t-sme
2063f8a7-8d9a-4395-9834-8ab5d4a62d1d,01,0,5,tenders
2063f8a7-8d9a-4395-9834-8ab5d4a62d1d,01,0,5,t-esubm
2063f8a7-8d9a-4395-9834-8ab5d4a62d1d,01,0,4,t-sme
5d6248d2-bbeb-4359-8df1-2c2b5dfe2de7,01,0,2,tenders
5d6248d2-bbeb-4359-8df1-2c2b5dfe2de7,01,0,2,t-esubm
5d6248d2-bbeb-4359-8df1-2c2b5dfe2de7,01,0,2,t-sme
5d6248d2-bbeb-4359-8df1-2c2b5dfe2de7,01,0,0,t-oth-eea
5d6248d2-bbeb-4359-8df1-2c2b5dfe2de7,01,0,0,t-no-eea
f1f7f1b8-2e26-45ae-bb75-30766d4f2c89,01,0,3,tenders
f1f7f1b8-2e26-45ae-bb75-30766d4f2c89,01,0,3,t-esubm
f1f7f1b8-2e26-45ae-bb75-30766d4f2c89,01,0,1,t-sme
f964782e-bf72-4c36-bf5f-035b9b1ed8f3,01,0,10,tenders
f964782e-bf72-4c36-bf5f-035b9b1ed8f3,01,0,10,t-esubm
f964782e-bf72-4c36-bf5f-035b9b1ed8f3,01,0,8,t-sme
c937ed17-050d-4d82-a8c8-4c8f5e7b1f9e,01,0,2,tenders
c937ed17-050d-4d82-a8c8-4c8f5e7b1f9e,01,0,2,t-esubm
c937ed17-050d-4d82-a8c8-4c8f5e7b1f9e,01,0,2,t-sme
c937ed17-050d-4d82-a8c8-4c8f5e7b1f9e,01,0,0,t-oth-eea
c937ed17-050d-4d82-a8c8-4c8f5e7b1f9e,01,0,0,t-no-eea
c937ed17-050d-4d82-a8c8-4c8f5e7b1f9e,01,1,2,tenders
c937ed17-050d-4d82-a8c8-4c8f5e7b1f9e,01,1,2,t-esubm
c937ed17-050d-4d82-a8c8-4c8f5e7b1f9e,01,1,2,t-sme
c937ed17-050d-4d82-a8c8-4c8f5e7b1f9e,01,1,0,t-oth-eea
c937ed17-050d-4d82-a8c8-4c8f5e7b1f9e,01,1,0,t-no-eea
0b0cee46-7028-48a3-ab93-706252419a34,01,0,7,tenders
0b0cee46-7028-48a3-ab93-706252419a34,01,0,4,t-sme
0b0cee46-7028-48a3-ab93-706252419a34,01,0,0,t-no-eea
0b0cee46-7028-48a3-ab93-706252419a34,01,0,0,t-oth-eea
0b0cee46-7028-48a3-ab93-706252419a34,01,0,7,t-esubm
abae6b4a-5a2e-4a62-a6e8-61a0d99ac0f0,01,0,4,tenders
abae6b4a-5a2e-4a62-a6e8-61a0d99ac0f0,01,0,4,t-esubm
abae6b4a-5a2e-4a62-a6e8-61a0d99ac0f0,01,0,3,t-sme
eb6cb358-277f-463a-a7b6-10419bb6b2b5,01,0,3,t-esubm
ba79a82e-ba20-40d5-a701-698daf07eeb9,01,0,1,tenders
ba79a82e-ba20-40d5-a701-698daf07eeb9,01,0,1,t-sme
ba79a82e-ba20-40d5-a701-698daf07eeb9,01,0,0,t-oth-eea
ba79a82e-ba20-40d5-a701-698daf07eeb9,01,0,1,t-no-eea
ba79a82e-ba20-40d5-a701-698daf07eeb9,01,0,1,t-esubm
e4219d9f-af23-4f38-8d05-842a51bb2395,01,0,2,tenders
e4219d9f-af23-4f38-8d05-842a51bb2395,01,0,2,t-esubm
e4219d9f-af23-4f38-8d05-842a51bb2395,01,0,2,t-sme
7cba3224-ed9b-4557-912a-b89e03238035,01,0,2,tenders
7cba3224-ed9b-4557-912a-b89e03238035,01,0,2,t-esubm
7cba3224-ed9b-4557-912a-b89e03238035,01,0,0,t-sme
7cba3224-ed9b-4557-912a-b89e03238035,01,1,4,tenders
7cba3224-ed9b-4557-912a-b89e03238035,01,1,4,t-esubm
7cba3224-ed9b-4557-912a-b89e03238035,01,1,1,t-sme
ead3b499-cf64-4888-823d-7737ad787045,01,0,13,tenders
ead3b499-cf64-4888-823d-7737ad787045,01,0,13,t-esubm
ead3b499-cf64-4888-823d-7737ad787045,01,0,13,t-sme
ead3b499-cf64-4888-823d-7737ad787045,01,0,0,t-oth-eea
ead3b499-cf64-4888-823d-7737ad787045,01,0,0,t-no-eea
9b92da70-5f05-4da6-8f36-63c00ccc4bfd,01,0,4,tenders
7bbe3e4a-e8f3-4ce7-8fac-f9899a31ebc0,01,0,6,
7bbe3e4a-e8f3-4ce7-8fac-f9899a31ebc0,01,0,0,
7bbe3e4a-e8f3-4ce7-8fac-f9899a31ebc0,01,0,2,
415228ba-c998-4c5b-a88e-4badc9d2e4dc,01,0,9,t-esubm
01a0a3dd-0de3-4c82-9bff-894ee83e347d,01,0,1,tenders
63ced94b-e3ff-42f0-9b7c-b0a68e642465,01,0,,
4e2efa0e-8630-465b-beb5-fe2dc2e116e2,01,0,2,tenders
4e2efa0e-8630-465b-beb5-fe2dc2e116e2,01,0,2,t-esubm
4e2efa0e-8630-465b-beb5-fe2dc2e116e2,01,0,2,t-sme
4e2efa0e-8630-465b-beb5-fe2dc2e116e2,01,0,1,t-oth-eea
4e2efa0e-8630-465b-beb5-fe2dc2e116e2,01,0,0,t-no-eea
4e2efa0e-8630-465b-beb5-fe2dc2e116e2,01,1,2,tenders
4e2efa0e-8630-465b-beb5-fe2dc2e116e2,01,1,2,t-esubm
4e2efa0e-8630-465b-beb5-fe2dc2e116e2,01,1,2,t-sme
4e2efa0e-8630-465b-beb5-fe2dc2e116e2,01,1,1,t-oth-eea
4e2efa0e-8630-465b-beb5-fe2dc2e116e2,01,1,0,t-no-eea
4e2efa0e-8630-465b-beb5-fe2dc2e116e2,01,2,2,tenders
4e2efa0e-8630-465b-beb5-fe2dc2e116e2,01,2,2,t-esubm
4e2efa0e-8630-465b-beb5-fe2dc2e116e2,01,2,2,t-sme
4e2efa0e-8630-465b-beb5-fe2dc2e116e2,01,2,1,t-oth-eea
4e2efa0e-8630-465b-beb5-fe2dc2e116e2,01,2,0,t-no-eea
dc250dbf-39dc-4f59-b567-cfe9c7189181,01,0,4,tenders
dc250dbf-39dc-4f59-b567-cfe9c7189181,01,0,4,t-sme
dc250dbf-39dc-4f59-b567-cfe9c7189181,01,0,0,t-oth-eea
dc250dbf-39dc-4f59-b567-cfe9c7189181,01,0,0,t-no-eea
dc250dbf-39dc-4f59-b567-cfe9c7189181,01,0,4,t-esubm
af5ff21e-3c05-4f2c-bd6d-2946bfe9f899,01,0,5,tenders
af5ff21e-3c05-4f2c-bd6d-2946bfe9f899,01,0,5,t-esubm
af5ff21e-3c05-4f2c-bd6d-2946bfe9f899,01,0,4,t-sme
af5ff21e-3c05-4f2c-bd6d-2946bfe9f899,01,0,0,t-oth-eea
f02e7748-2050-4ac4-a922-cb0f4439e986,01,0,20,tenders
f02e7748-2050-4ac4-a922-cb0f4439e986,01,0,20,t-esubm
f02e7748-2050-4ac4-a922-cb0f4439e986,01,0,17,t-sme
aa0363f1-766e-40ce-956c-9969d649029b,01,0,4,
aa0363f1-766e-40ce-956c-9969d649029b,01,0,0,
aa0363f1-766e-40ce-956c-9969d649029b,01,0,3,
aa0363f1-766e-40ce-956c-9969d649029b,01,0,2,
01a0a386-93b5-4920-903f-b03532554f28,01,0,7,tenders
01a0a386-93b5-4920-903f-b03532554f28,01,1,6,tenders
01a0a386-93b5-4920-903f-b03532554f28,01,2,7,tenders
01a0a386-93b5-4920-903f-b03532554f28,01,3,8,tenders
01a0a386-93b5-4920-903f-b03532554f28,01,4,4,tenders
01a0a386-93b5-4920-903f-b03532554f28,01,5,5,tenders
0438fc4d-f4e0-43f1-8124-783654473a06,01,0,1,
4f3f43c4-b21a-4fe6-b95f-a02bcfaec978,01,0,3,t-esubm
f142e565-038d-4c70-b79f-92083cfea0c8,01,0,3,t-esubm
0e4c6765-b27b-4e7e-9cb1-a4cb71f87e03,01,0,4,t-esubm
3b65793d-c78d-42bc-b654-1eac5dccdd27,01,0,6,tenders
3b65793d-c78d-42bc-b654-1eac5dccdd27,01,0,6,t-esubm
3b65793d-c78d-42bc-b654-1eac5dccdd27,01,0,6,t-sme
3b65793d-c78d-42bc-b654-1eac5dccdd27,01,0,0,t-oth-eea
3b65793d-c78d-42bc-b654-1eac5dccdd27,01,0,0,t-no-eea
3b65793d-c78d-42bc-b654-1eac5dccdd27,01,1,4,tenders
3b65793d-c78d-42bc-b654-1eac5dccdd27,01,1,4,t-esubm
3b65793d-c78d-42bc-b654-1eac5dccdd27,01,1,4,t-sme
3b65793d-c78d-42bc-b654-1eac5dccdd27,01,1,0,t-oth-eea
3b65793d-c78d-42bc-b654-1eac5dccdd27,01,1,0,t-no-eea
9f47389f-4ff8-4452-bb85-29dc3fdbcacb,01,0,2,tenders
9f47389f-4ff8-4452-bb85-29dc3fdbcacb,01,0,2,t-esubm
9f47389f-4ff8-4452-bb85-29dc3fdbcacb,01,0,1,t-sme
975ec467-e4c0-41ee-93e8-9e85b58e3304,01,0,11,tenders
975ec467-e4c0-41ee-93e8-9e85b58e3304,01,0,11,t-esubm
975ec467-e4c0-41ee-93e8-9e85b58e3304,01,0,3,t-sme
75b1656a-978d-42f1-bea4-282faba63fb7,01,0,9,tenders
75b1656a-978d-42f1-bea4-282faba63fb7,01,0,9,t-esubm
75b1656a-978d-42f1-bea4-282faba63fb7,01,0,7,t-sme
75b1656a-978d-42f1-bea4-282faba63fb7,01,0,0,t-oth-eea
411eac10-5d12-40fb-a4d9-edbad677041b,01,0,1,
411eac10-5d12-40fb-a4d9-edbad677041b,01,0,0,
411eac10-5d12-40fb-a4d9-edbad677041b,01,1,4,
411eac10-5d12-40fb-a4d9-edbad677041b,01,1,0,
411eac10-5d12-40fb-a4d9-edbad677041b,01,1,2,
411eac10-5d12-40fb-a4d9-edbad677041b,01,2,1,
411eac10-5d12-40fb-a4d9-edbad677041b,01,2,0,
411eac10-5d12-40fb-a4d9-edbad677041b,01,3,3,
411eac10-5d12-40fb-a4d9-edbad677041b,01,3,0,
15fde072-07e6-480b-9309-bd9ffe950305,01,0,14,tenders
15fde072-07e6-480b-9309-bd9ffe950305,01,0,8,t-sme
15fde072-07e6-480b-9309-bd9ffe950305,01,0,0,t-oth-eea
15fde072-07e6-480b-9309-bd9ffe950305,01,0,0,t-no-eea
15fde072-07e6-480b-9309-bd9ffe950305,01,0,14,t-esubm
60e43b0a-8dfb-449e-b498-b09682344d0f,01,0,1,tenders
60e43b0a-8dfb-449e-b498-b09682344d0f,01,0,0,t-sme
60e43b0a-8dfb-449e-b498-b09682344d0f,01,0,0,t-oth-eea
60e43b0a-8dfb-449e-b498-b09682344d0f,01,0,0,t-no-eea
60e43b0a-8dfb-449e-b498-b09682344d0f,01,0,0,t-esubm
2fbce19e-8406-42b5-9a31-021c37f0693e,01,0,8,
54a3c5e2-e83d-4d6d-b9b4-c8ef88801272,01,0,1,t-esubm
22be7dde-4ac6-4315-b87d-f19b7e9864cd,01,0,1,
aa9e8b24-c04d-428d-bc89-8f1066e28c35,01,0,5,tenders
5dbbe2be-5c22-4c3b-8923-6a3e9f4aa280,01,0,4,t-esubm
a3358992-2707-49b2-822c-dcf07304f3b0,01,0,2,tenders
a3358992-2707-49b2-822c-dcf07304f3b0,01,0,1,t-sme
a3358992-2707-49b2-822c-dcf07304f3b0,01,0,0,t-oth-eea
a3358992-2707-49b2-822c-dcf07304f3b0,01,0,0,t-no-eea
a3358992-2707-49b2-822c-dcf07304f3b0,01,0,2,t-esubm
fb411cf6-4291-4ab1-9080-fb014f9a9c64,01,0,7,tenders
fb411cf6-4291-4ab1-9080-fb014f9a9c64,01,0,7,t-esubm
fb411cf6-4291-4ab1-9080-fb014f9a9c64,01,0,7,t-sme
aecb6364-67b5-456f-ba2e-6dce58f64b21,01,0,4,t-esubm
bcb96a9b-2bd2-46b3-b7a6-dbe4b1a6fd26,01,0,14,tenders
bcb96a9b-2bd2-46b3-b7a6-dbe4b1a6fd26,01,0,14,t-esubm
bcb96a9b-2bd2-46b3-b7a6-dbe4b1a6fd26,01,0,12,t-sme
02251263-d5d8-4ccf-bb46-d4ef31ac41c5,01,0,2,tenders
e5945add-25b2-4c37-ade8-426440996759,01,0,8,tenders
e5945add-25b2-4c37-ade8-426440996759,01,0,8,t-esubm
e5945add-25b2-4c37-ade8-426440996759,01,0,6,t-sme
dc63569a-abdf-47f2-9210-616091d369de,01,0,3,tenders
dc63569a-abdf-47f2-9210-616091d369de,01,0,3,t-esubm
dc63569a-abdf-47f2-9210-616091d369de,01,0,3,t-sme
4b78a193-a1fc-423c-8a38-0694dfd95972,01,0,2,tenders
4b78a193-a1fc-423c-8a38-0694dfd95972,01,0,2,t-esubm
4b78a193-a1fc-423c-8a38-0694dfd95972,01,0,0,t-sme
4b78a193-a1fc-423c-8a38-0694dfd95972,01,0,0,t-oth-eea
4b78a193-a1fc-423c-8a38-0694dfd95972,01,0,0,t-no-eea
091398e0-7d25-4871-911c-9da98bd731fd,01,0,3,tenders
091398e0-7d25-4871-911c-9da98bd731fd,01,0,3,t-esubm
091398e0-7d25-4871-911c-9da98bd731fd,01,0,1,t-sme
091398e0-7d25-4871-911c-9da98bd731fd,01,0,0,t-oth-eea
091398e0-7d25-4871-911c-9da98bd731fd,01,0,0,t-no-eea
a137db0e-224a-4bd9-86d4-5bb3b3404d4e,01,0,8,tenders
a137db0e-224a-4bd9-86d4-5bb3b3404d4e,01,0,8,t-esubm
a137db0e-224a-4bd9-86d4-5bb3b3404d4e,01,0,8,t-sme
a137db0e-224a-4bd9-86d4-5bb3b3404d4e,01,0,0,t-oth-eea
a137db0e-224a-4bd9-86d4-5bb3b3404d4e,01,0,0,t-no-eea
01a08f76-3858-4723-afdc-294aca37ffad,01,0,1,tenders
b01a3281-c302-440d-aa3a-0b3d7b665cea,01,0,14,
b502151c-0762-47f1-9b93-a51f389045d2,01,0,1,tenders
b502151c-0762-47f1-9b93-a51f389045d2,01,0,1,t-esubm
b502151c-0762-47f1-9b93-a51f389045d2,01,0,0,t-sme
b502151c-0762-47f1-9b93-a51f389045d2,01,0,0,t-oth-eea
b502151c-0762-47f1-9b93-a51f389045d2,01,0,0,t-no-eea
52f6371b-39cc-4ec2-8721-e0b6e4e41699,01,0,6,
52f6371b-39cc-4ec2-8721-e0b6e4e41699,01,0,0,
52f6371b-39cc-4ec2-8721-e0b6e4e41699,01,0,1,
03e2ee12-213d-4a93-9e86-fa369290166f,01,0,4,t-esubm
dee2c291-4257-440e-99c7-cdfab455b60a,01,0,6,
dee2c291-4257-440e-99c7-cdfab455b60a,01,0,3,
dee2c291-4257-440e-99c7-cdfab455b60a,01,0,0,
dee2c291-4257-440e-99c7-cdfab455b60a,01,1,6,
dee2c291-4257-440e-99c7-cdfab455b60a,01,1,3,
dee2c291-4257-440e-99c7-cdfab455b60a,01,1,0,
dee2c291-4257-440e-99c7-cdfab455b60a,01,2,5,
dee2c291-4257-440e-99c7-cdfab455b60a,01,2,2,
dee2c291-4257-440e-99c7-cdfab455b60a,01,2,1,
dee2c291-4257-440e-99c7-cdfab455b60a,01,2,0,
7005d76c-7d7c-4ac2-aad2-e48d7745a287,01,0,9,
7005d76c-7d7c-4ac2-aad2-e48d7745a287,01,0,6,
7005d76c-7d7c-4ac2-aad2-e48d7745a287,01,0,4,
7005d76c-7d7c-4ac2-aad2-e48d7745a287,01,0,2,
7005d76c-7d7c-4ac2-aad2-e48d7745a287,01,0,0,
7005d76c-7d7c-4ac2-aad2-e48d7745a287,01,0,1,
2446e1a7-8dc7-4593-b2d7-3260e7e86389,01,0,1,tenders
2446e1a7-8dc7-4593-b2d7-3260e7e86389,01,0,1,t-esubm
2446e1a7-8dc7-4593-b2d7-3260e7e86389,01,0,1,t-sme
2446e1a7-8dc7-4593-b2d7-3260e7e86389,01,0,0,t-oth-eea
2446e1a7-8dc7-4593-b2d7-3260e7e86389,01,0,0,t-no-eea
3de46702-3005-4272-9212-60a743a822bf,01,0,4,
3de46702-3005-4272-9212-60a743a822bf,01,0,1,
3de46702-3005-4272-9212-60a743a822bf,01,0,0,
3de46702-3005-4272-9212-60a743a822bf,01,1,4,
3de46702-3005-4272-9212-60a743a822bf,01,1,1,
3de46702-3005-4272-9212-60a743a822bf,01,1,0,
dfd696de-b38c-4233-9db9-86a8b768feb4,01,0,1,tenders
dfd696de-b38c-4233-9db9-86a8b768feb4,01,0,1,t-esubm
dfd696de-b38c-4233-9db9-86a8b768feb4,01,0,1,t-sme
5e5c519f-e67b-43bd-aff3-fb2f08bf4814,01,0,4,t-esubm
5a91aec9-aee6-4c00-809a-5ac8845a61ec,01,0,5,tenders
5a91aec9-aee6-4c00-809a-5ac8845a61ec,01,0,5,t-esubm
5a91aec9-aee6-4c00-809a-5ac8845a61ec,01,0,3,t-sme
5a91aec9-aee6-4c00-809a-5ac8845a61ec,01,0,0,t-oth-eea
5a91aec9-aee6-4c00-809a-5ac8845a61ec,01,0,0,t-no-eea
1b4499e0-c0e0-4052-976b-908f05d646fa,01,0,1,tenders
1b4499e0-c0e0-4052-976b-908f05d646fa,01,0,1,t-sme
1b4499e0-c0e0-4052-976b-908f05d646fa,01,0,0,t-oth-eea
1b4499e0-c0e0-4052-976b-908f05d646fa,01,0,0,t-no-eea
1b4499e0-c0e0-4052-976b-908f05d646fa,01,0,1,t-esubm
7844bb7e-551c-4b80-8e27-efa3b24aeb75,01,0,4,tenders
7844bb7e-551c-4b80-8e27-efa3b24aeb75,01,1,5,tenders
7844bb7e-551c-4b80-8e27-efa3b24aeb75,01,2,4,tenders
d80782ed-7a0d-4d7b-9d1b-76c7cfbc136d,01,0,6,
ec4d8be1-1960-40c4-976d-87eb381e9f1e,01,0,1,tenders
ec4d8be1-1960-40c4-976d-87eb381e9f1e,01,0,1,t-sme
ec4d8be1-1960-40c4-976d-87eb381e9f1e,01,0,0,t-oth-eea
ec4d8be1-1960-40c4-976d-87eb381e9f1e,01,0,0,t-no-eea
ec4d8be1-1960-40c4-976d-87eb381e9f1e,01,0,1,t-esubm
cc0b1993-24c7-49b8-965b-2d87b7d6b61f,01,0,2,tenders
cc0b1993-24c7-49b8-965b-2d87b7d6b61f,01,0,2,t-esubm
cc0b1993-24c7-49b8-965b-2d87b7d6b61f,01,0,1,t-sme
cc0b1993-24c7-49b8-965b-2d87b7d6b61f,01,1,2,tenders
cc0b1993-24c7-49b8-965b-2d87b7d6b61f,01,1,2,t-esubm
cc0b1993-24c7-49b8-965b-2d87b7d6b61f,01,1,1,t-sme
7d420b5a-d751-4e71-8250-e817a7c35bc9,01,0,7,
7d420b5a-d751-4e71-8250-e817a7c35bc9,01,0,0,
de46f8cc-3e1b-45a8-a1fb-b0c56e7a468d,01,0,1,tenders
de46f8cc-3e1b-45a8-a1fb-b0c56e7a468d,01,0,1,t-esubm
de46f8cc-3e1b-45a8-a1fb-b0c56e7a468d,01,0,0,t-sme
0f40a536-3868-4c78-8710-e1a04df5dfdc,01,0,5,tenders
acb8340a-bc54-4982-bae7-7945179d4c5e,02,0,2,tenders
acb8340a-bc54-4982-bae7-7945179d4c5e,02,0,1,t-sme
acb8340a-bc54-4982-bae7-7945179d4c5e,02,0,1,t-oth-eea
acb8340a-bc54-4982-bae7-7945179d4c5e,02,0,0,t-no-eea
acb8340a-bc54-4982-bae7-7945179d4c5e,02,0,2,t-esubm
8b68c9cd-becc-4aae-b266-0d8fd532adde,02,0,8,tenders
8b68c9cd-becc-4aae-b266-0d8fd532adde,02,0,8,t-sme
8b68c9cd-becc-4aae-b266-0d8fd532adde,02,0,0,t-oth-eea
8b68c9cd-becc-4aae-b266-0d8fd532adde,02,0,0,t-no-eea
8b68c9cd-becc-4aae-b266-0d8fd532adde,02,0,8,t-esubm
169c17c4-4961-4faf-b265-cf241ade7b03,02,0,4,tenders
169c17c4-4961-4faf-b265-cf241ade7b03,02,0,4,t-sme
169c17c4-4961-4faf-b265-cf241ade7b03,02,0,0,t-oth-eea
169c17c4-4961-4faf-b265-cf241ade7b03,02,0,0,t-no-eea
169c17c4-4961-4faf-b265-cf241ade7b03,02,0,4,t-esubm
8abc6569-ea2c-47c4-9535-5f7d00210f64,02,0,8,tenders
8abc6569-ea2c-47c4-9535-5f7d00210f64,02,0,5,t-sme
8abc6569-ea2c-47c4-9535-5f7d00210f64,02,0,0,t-oth-eea
8abc6569-ea2c-47c4-9535-5f7d00210f64,02,0,0,t-no-eea
8abc6569-ea2c-47c4-9535-5f7d00210f64,02,0,8,t-esubm
8abc6569-ea2c-47c4-9535-5f7d00210f64,02,1,7,tenders
8abc6569-ea2c-47c4-9535-5f7d00210f64,02,1,5,t-sme
8abc6569-ea2c-47c4-9535-5f7d00210f64,02,1,0,t-oth-eea
8abc6569-ea2c-47c4-9535-5f7d00210f64,02,1,0,t-no-eea
8abc6569-ea2c-47c4-9535-5f7d00210f64,02,1,7,t-esubm
ebf0316c-dc1d-4aff-9f0c-9601ef0834b6,02,0,17,tenders
ebf0316c-dc1d-4aff-9f0c-9601ef0834b6,02,0,17,t-sme
ebf0316c-dc1d-4aff-9f0c-9601ef0834b6,02,0,1,t-oth-eea
ebf0316c-dc1d-4aff-9f0c-9601ef0834b6,02,0,0,t-no-eea
ebf0316c-dc1d-4aff-9f0c-9601ef0834b6,02,0,17,t-esubm
10ab646d-012a-4acd-9d41-d2d5927addbb,01,0,3,t-esubm
ee3a9d8e-fe1e-4949-9e4a-4e9c190918de,01,0,5,t-esubm
ee3a9d8e-fe1e-4949-9e4a-4e9c190918de,01,1,5,t-esubm
6626a339-d511-4a4c-b0a7-54a84a14e72e,01,0,0,tenders
0ef9519d-3c29-4818-a4de-74d9d2fafdd5,01,0,3,
0ef9519d-3c29-4818-a4de-74d9d2fafdd5,01,0,0,
bd789d45-0e90-47dc-bc95-938462f0599d,01,0,8,tenders
bd789d45-0e90-47dc-bc95-938462f0599d,01,1,6,tenders
bd789d45-0e90-47dc-bc95-938462f0599d,01,2,8,tenders
bd789d45-0e90-47dc-bc95-938462f0599d,01,3,8,tenders
c14fa2a8-76dc-437b-bf6c-bd43c83bb3c9,01,0,4,tenders
c14fa2a8-76dc-437b-bf6c-bd43c83bb3c9,01,0,1,t-sme
c14fa2a8-76dc-437b-bf6c-bd43c83bb3c9,01,0,0,t-no-eea
c14fa2a8-76dc-437b-bf6c-bd43c83bb3c9,01,0,0,t-oth-eea
c14fa2a8-76dc-437b-bf6c-bd43c83bb3c9,01,0,4,t-esubm
f313e41a-4633-4ba7-b1be-e4a4adc5eb12,01,0,7,
f313e41a-4633-4ba7-b1be-e4a4adc5eb12,01,0,0,
f313e41a-4633-4ba7-b1be-e4a4adc5eb12,01,0,2,
f67484c6-0ea9-45ec-98f4-f1afe4c46ecf,01,0,10,
f67484c6-0ea9-45ec-98f4-f1afe4c46ecf,01,0,0,
f67484c6-0ea9-45ec-98f4-f1afe4c46ecf,01,1,7,
f67484c6-0ea9-45ec-98f4-f1afe4c46ecf,01,1,0,
f67484c6-0ea9-45ec-98f4-f1afe4c46ecf,01,1,1,
43f1eed3-92c4-4888-a2ae-b1de0485dec9,01,0,5,tenders
43f1eed3-92c4-4888-a2ae-b1de0485dec9,01,0,5,t-esubm
43f1eed3-92c4-4888-a2ae-b1de0485dec9,01,0,1,t-sme
43f1eed3-92c4-4888-a2ae-b1de0485dec9,01,0,1,t-oth-eea
43f1eed3-92c4-4888-a2ae-b1de0485dec9,01,0,0,t-no-eea
43f1eed3-92c4-4888-a2ae-b1de0485dec9,01,1,5,tenders
43f1eed3-92c4-4888-a2ae-b1de0485dec9,01,1,5,t-esubm
43f1eed3-92c4-4888-a2ae-b1de0485dec9,01,1,1,t-sme
43f1eed3-92c4-4888-a2ae-b1de0485dec9,01,1,1,t-oth-eea
43f1eed3-92c4-4888-a2ae-b1de0485dec9,01,1,0,t-no-eea
43e6cc1d-3b21-45dd-9238-1a0c606cbdac,01,0,25,
43e6cc1d-3b21-45dd-9238-1a0c606cbdac,01,0,0,
43e6cc1d-3b21-45dd-9238-1a0c606cbdac,01,0,5,
7ee8c71e-6e5c-48b4-bbd0-68c027e3724d,01,0,3,
2339bde4-829b-43aa-b216-c75c2496c85f,01,0,12,
2339bde4-829b-43aa-b216-c75c2496c85f,01,0,0,
2339bde4-829b-43aa-b216-c75c2496c85f,01,0,5,
f543cff6-5e02-459b-9d43-6a78f2f61da8,01,0,2,
f543cff6-5e02-459b-9d43-6a78f2f61da8,01,0,1,
f543cff6-5e02-459b-9d43-6a78f2f61da8,01,0,0,
fddd9d32-d79e-4c0e-b40e-8d14b7ca2629,01,0,4,t-esubm
d4619e7b-8b9e-4a4f-a8e2-fa3fbe3dcb44,01,0,3,t-esubm
7b584af3-cd7a-4fa9-be87-2fa6755c77f4,01,0,4,
7b584af3-cd7a-4fa9-be87-2fa6755c77f4,01,0,0,
7b584af3-cd7a-4fa9-be87-2fa6755c77f4,01,0,1,
c4e11c05-c40c-401c-b0f0-a479f42067b7,01,0,8,
c4e11c05-c40c-401c-b0f0-a479f42067b7,01,0,0,
c4e11c05-c40c-401c-b0f0-a479f42067b7,01,0,7,
c4e11c05-c40c-401c-b0f0-a479f42067b7,01,0,1,
c4e11c05-c40c-401c-b0f0-a479f42067b7,01,0,6,
c4e11c05-c40c-401c-b0f0-a479f42067b7,01,0,2,
193c6052-b39c-4044-9fec-9669ee69dfd8,01,0,3,tenders
193c6052-b39c-4044-9fec-9669ee69dfd8,01,0,3,t-esubm
193c6052-b39c-4044-9fec-9669ee69dfd8,01,0,3,t-sme
3c3b2519-5588-45d3-a0ca-9d0e5dada4ce,01,0,10,tenders
3c3b2519-5588-45d3-a0ca-9d0e5dada4ce,01,0,10,t-esubm
3c3b2519-5588-45d3-a0ca-9d0e5dada4ce,01,0,9,t-sme
3c3b2519-5588-45d3-a0ca-9d0e5dada4ce,01,0,0,t-oth-eea
3c3b2519-5588-45d3-a0ca-9d0e5dada4ce,01,0,0,t-no-eea
8bc44cd7-7b10-4f1d-84b6-c2b84c99bd77,01,0,21,tenders
8bc44cd7-7b10-4f1d-84b6-c2b84c99bd77,01,0,21,t-esubm
8bc44cd7-7b10-4f1d-84b6-c2b84c99bd77,01,0,21,t-sme
8bc44cd7-7b10-4f1d-84b6-c2b84c99bd77,01,0,0,t-oth-eea
8bc44cd7-7b10-4f1d-84b6-c2b84c99bd77,01,0,0,t-no-eea
39451e83-34bc-4104-841d-204bcaf0bfb1,01,0,2,
08738828-2406-4dee-b294-31c6c16f7568,01,0,4,tenders
08738828-2406-4dee-b294-31c6c16f7568,01,0,4,t-esubm
08738828-2406-4dee-b294-31c6c16f7568,01,0,0,t-sme
08738828-2406-4dee-b294-31c6c16f7568,01,0,0,t-oth-eea
08738828-2406-4dee-b294-31c6c16f7568,01,0,0,t-no-eea
08738828-2406-4dee-b294-31c6c16f7568,01,1,4,tenders
08738828-2406-4dee-b294-31c6c16f7568,01,1,4,t-esubm
08738828-2406-4dee-b294-31c6c16f7568,01,1,0,t-sme
08738828-2406-4dee-b294-31c6c16f7568,01,1,0,t-oth-eea
08738828-2406-4dee-b294-31c6c16f7568,01,1,0,t-no-eea
08738828-2406-4dee-b294-31c6c16f7568,01,2,4,tenders
08738828-2406-4dee-b294-31c6c16f7568,01,2,4,t-esubm
08738828-2406-4dee-b294-31c6c16f7568,01,2,0,t-sme
08738828-2406-4dee-b294-31c6c16f7568,01,2,0,t-oth-eea
08738828-2406-4dee-b294-31c6c16f7568,01,2,0,t-no-eea
08738828-2406-4dee-b294-31c6c16f7568,01,3,7,tenders
08738828-2406-4dee-b294-31c6c16f7568,01,3,7,t-esubm
08738828-2406-4dee-b294-31c6c16f7568,01,3,2,t-sme
08738828-2406-4dee-b294-31c6c16f7568,01,3,0,t-oth-eea
08738828-2406-4dee-b294-31c6c16f7568,01,3,0,t-no-eea
08738828-2406-4dee-b294-31c6c16f7568,01,4,5,tenders
08738828-2406-4dee-b294-31c6c16f7568,01,4,5,t-esubm
08738828-2406-4dee-b294-31c6c16f7568,01,4,1,t-sme
08738828-2406-4dee-b294-31c6c16f7568,01,4,0,t-oth-eea
08738828-2406-4dee-b294-31c6c16f7568,01,4,0,t-no-eea
fffa5d0a-0257-4e98-b6e8-6a182061357d,01,0,4,
fffa5d0a-0257-4e98-b6e8-6a182061357d,01,0,0,
ca24ac0c-3c27-491e-a1e7-908958fd804d,01,0,2,
ca24ac0c-3c27-491e-a1e7-908958fd804d,01,0,1,
ca24ac0c-3c27-491e-a1e7-908958fd804d,01,0,0,
f38209f9-e539-4f4b-a401-83eb750ae9df,01,0,4,
47e9847c-09f7-46c9-8624-15b5de8a8f62,01,0,3,tenders
47e9847c-09f7-46c9-8624-15b5de8a8f62,01,1,2,tenders
e2adf39c-21d6-4694-b513-9f76df32f968,01,0,1,tenders
e2adf39c-21d6-4694-b513-9f76df32f968,01,0,1,t-esubm
e2adf39c-21d6-4694-b513-9f76df32f968,01,0,1,t-sme
dbcf653b-8029-4098-a109-9b62fa738deb,01,0,7,t-esubm
d18415b2-37c4-4bb8-bca6-73e36fa44adf,01,0,9,tenders
763c3a53-9692-49bb-add0-43db1fd0f91d,01,0,1,t-esubm
6b0f4674-e061-4675-a513-14d54862e182,01,0,10,
6b0f4674-e061-4675-a513-14d54862e182,01,0,0,
6b0f4674-e061-4675-a513-14d54862e182,01,0,1,
6b0f4674-e061-4675-a513-14d54862e182,01,0,2,
f9402825-f213-40c8-8453-1ad29277d8f7,01,0,7,tenders
f9402825-f213-40c8-8453-1ad29277d8f7,01,0,7,t-esubm
f9402825-f213-40c8-8453-1ad29277d8f7,01,0,7,t-sme
8af347ed-e0b4-414f-8662-44a1be1556e0,01,0,4,
8af347ed-e0b4-414f-8662-44a1be1556e0,01,0,0,
20133507-4613-4ebd-95da-8a2f57f0d895,01,0,3,tenders
20133507-4613-4ebd-95da-8a2f57f0d895,01,0,3,t-sme
20133507-4613-4ebd-95da-8a2f57f0d895,01,0,0,t-no-eea
20133507-4613-4ebd-95da-8a2f57f0d895,01,0,0,t-oth-eea
20133507-4613-4ebd-95da-8a2f57f0d895,01,0,3,t-esubm
638de82a-f853-4b99-b7f6-276f72d8f122,01,0,2,
638de82a-f853-4b99-b7f6-276f72d8f122,01,0,0,
dd8c3ec5-5ab2-46cc-b703-5ad9f5ae6000,01,0,3,
a72e859e-1800-4833-813a-9247ffdf31e7,01,0,4,
49715446-c1da-4691-9ef4-4f898af7c008,01,0,1,tenders
49715446-c1da-4691-9ef4-4f898af7c008,01,0,1,t-esubm
49715446-c1da-4691-9ef4-4f898af7c008,01,0,0,t-sme
49715446-c1da-4691-9ef4-4f898af7c008,01,0,0,t-oth-eea
49715446-c1da-4691-9ef4-4f898af7c008,01,0,0,t-no-eea
4c8b8d25-5ca8-4a24-af95-19a6f5a0b651,01,0,4,tenders
4c8b8d25-5ca8-4a24-af95-19a6f5a0b651,01,0,4,t-esubm
4c8b8d25-5ca8-4a24-af95-19a6f5a0b651,01,0,4,t-sme
4c8b8d25-5ca8-4a24-af95-19a6f5a0b651,01,0,0,t-oth-eea
4c8b8d25-5ca8-4a24-af95-19a6f5a0b651,01,0,0,t-no-eea
48ad93c1-a5ef-48ec-b699-689d0bc29a11,01,0,1,
48ad93c1-a5ef-48ec-b699-689d0bc29a11,01,0,0,
8eece87c-c8ed-4c58-8424-4bfc2e480153,01,0,2,
8eece87c-c8ed-4c58-8424-4bfc2e480153,01,0,4,
a01b6767-8cce-49dc-b347-29b2254182ba,01,0,2,
a01b6767-8cce-49dc-b347-29b2254182ba,01,0,0,
a01b6767-8cce-49dc-b347-29b2254182ba,01,1,2,
a01b6767-8cce-49dc-b347-29b2254182ba,01,1,0,
a01b6767-8cce-49dc-b347-29b2254182ba,01,2,2,
a01b6767-8cce-49dc-b347-29b2254182ba,01,2,0,
443b1f65-33e9-470e-a0d4-bdfbe75a3894,01,0,15,tenders
443b1f65-33e9-470e-a0d4-bdfbe75a3894,01,0,1,t-esubm
443b1f65-33e9-470e-a0d4-bdfbe75a3894,01,0,10,t-sme
443b1f65-33e9-470e-a0d4-bdfbe75a3894,01,1,15,tenders
443b1f65-33e9-470e-a0d4-bdfbe75a3894,01,1,1,t-esubm
443b1f65-33e9-470e-a0d4-bdfbe75a3894,01,1,9,t-sme
58eb916b-42e7-4bae-a968-f2441fbbdf8e,01,0,1,
58eb916b-42e7-4bae-a968-f2441fbbdf8e,01,0,0,
5b4b6b5d-0392-497a-9434-6a4c80f1c9ed,01,0,1,t-esubm
455f167a-a4f5-4731-9358-f35e7a72bbd8,01,0,5,tenders
d2d48dc2-f531-4bcd-999c-62b90579b79f,01,0,2,
d2d48dc2-f531-4bcd-999c-62b90579b79f,01,1,2,
d2d48dc2-f531-4bcd-999c-62b90579b79f,01,2,2,
d2d48dc2-f531-4bcd-999c-62b90579b79f,01,3,2,
5bb66845-fee5-49e6-b2c8-f3077fa3ed32,01,0,6,
5efadda4-49d5-4acd-b026-868aa4239f3f,01,0,2,
5efadda4-49d5-4acd-b026-868aa4239f3f,01,0,0,
2ab32f0d-71a0-48ea-b7ce-574864ea9f96,01,0,4,
2ab32f0d-71a0-48ea-b7ce-574864ea9f96,01,0,2,
2ab32f0d-71a0-48ea-b7ce-574864ea9f96,01,0,0,
2ab32f0d-71a0-48ea-b7ce-574864ea9f96,01,0,1,
a6cbee04-9b79-44b1-bc02-954157bf1acc,01,0,5,
a6cbee04-9b79-44b1-bc02-954157bf1acc,01,0,0,
a6cbee04-9b79-44b1-bc02-954157bf1acc,01,0,2,
4466d3d1-354c-4dfd-80f1-470c81110cc7,01,0,3,
4466d3d1-354c-4dfd-80f1-470c81110cc7,01,0,0,
d9ab1893-476e-41db-ad82-62adfc75f439,01,0,13,tenders
d9ab1893-476e-41db-ad82-62adfc75f439,01,0,13,t-esubm
d9ab1893-476e-41db-ad82-62adfc75f439,01,0,5,t-sme
d9ab1893-476e-41db-ad82-62adfc75f439,01,0,0,t-oth-eea
d9ab1893-476e-41db-ad82-62adfc75f439,01,0,0,t-no-eea
1cbc2be9-77e9-4ffa-9a20-800fad6e93c3,01,0,9,tenders
1cbc2be9-77e9-4ffa-9a20-800fad6e93c3,01,0,9,t-esubm
1cbc2be9-77e9-4ffa-9a20-800fad6e93c3,01,0,9,t-sme
1cbc2be9-77e9-4ffa-9a20-800fad6e93c3,01,0,0,t-oth-eea
1cbc2be9-77e9-4ffa-9a20-800fad6e93c3,01,0,0,t-no-eea
a5a8d359-ffca-4d30-8c7f-1be5e578381a,01,0,1,tenders
a5a8d359-ffca-4d30-8c7f-1be5e578381a,01,0,1,t-esubm
a5a8d359-ffca-4d30-8c7f-1be5e578381a,01,0,0,t-sme
a5a8d359-ffca-4d30-8c7f-1be5e578381a,01,0,0,t-oth-eea
a5a8d359-ffca-4d30-8c7f-1be5e578381a,01,0,0,t-no-eea
cbc38ace-ae5a-48fb-826f-0e56e65dcf44,01,0,6,t-esubm
cc2d829a-34b8-48aa-a872-94a33787ac01,01,0,7,tenders
af662d6d-6dd9-47a9-b947-69930e5be98a,01,0,5,
af662d6d-6dd9-47a9-b947-69930e5be98a,01,0,0,
76a4abec-70c6-4ed9-84f2-9cc496ac0c8d,01,0,1,tenders
b8ee89a5-dff2-4f48-8e18-3179c15c7176,01,0,6,tenders
b8ee89a5-dff2-4f48-8e18-3179c15c7176,01,0,6,t-esubm
b8ee89a5-dff2-4f48-8e18-3179c15c7176,01,0,2,t-sme
508ca28a-585d-4af7-ae3e-01f3b25617b3,01,0,1,
508ca28a-585d-4af7-ae3e-01f3b25617b3,01,0,0,
508ca28a-585d-4af7-ae3e-01f3b25617b3,01,1,3,
508ca28a-585d-4af7-ae3e-01f3b25617b3,01,1,2,
508ca28a-585d-4af7-ae3e-01f3b25617b3,01,1,0,
b96be751-fb7a-4b0e-8c51-95cf2f0b6932,01,0,0,
2cffc857-8981-4b4c-b243-57cfade63ceb,01,0,10,t-esubm
f439fc31-d3e0-4ed6-b2be-171c7602f2de,01,0,2,
f439fc31-d3e0-4ed6-b2be-171c7602f2de,01,0,0,
1ab5d1a7-fe8d-419a-9db7-79d39fe0c7e2,01,0,3,t-esubm
ff2104f9-1865-47f2-9eb6-492ec5350a0f,01,0,1,tenders
ff2104f9-1865-47f2-9eb6-492ec5350a0f,01,0,1,t-esubm
ff2104f9-1865-47f2-9eb6-492ec5350a0f,01,0,1,t-sme
c9741f16-aea4-4b1f-905d-999a6eff6661,01,0,4,
c9741f16-aea4-4b1f-905d-999a6eff6661,01,0,0,
c9741f16-aea4-4b1f-905d-999a6eff6661,01,0,1,
c9741f16-aea4-4b1f-905d-999a6eff6661,01,1,4,
c9741f16-aea4-4b1f-905d-999a6eff6661,01,1,0,
c9741f16-aea4-4b1f-905d-999a6eff6661,01,1,1,
c9741f16-aea4-4b1f-905d-999a6eff6661,01,2,4,
c9741f16-aea4-4b1f-905d-999a6eff6661,01,2,0,
c9741f16-aea4-4b1f-905d-999a6eff6661,01,2,1,
c9741f16-aea4-4b1f-905d-999a6eff6661,01,3,4,
c9741f16-aea4-4b1f-905d-999a6eff6661,01,3,0,
c9741f16-aea4-4b1f-905d-999a6eff6661,01,3,1,
c9741f16-aea4-4b1f-905d-999a6eff6661,01,4,4,
c9741f16-aea4-4b1f-905d-999a6eff6661,01,4,0,
c9741f16-aea4-4b1f-905d-999a6eff6661,01,4,1,
ce81ab80-ec22-4e38-96c7-a762aaf4761a,01,0,2,t-esubm
154276a1-4b77-4421-affc-870c5617d15b,01,0,2,tenders
154276a1-4b77-4421-affc-870c5617d15b,01,0,2,t-esubm
154276a1-4b77-4421-affc-870c5617d15b,01,0,2,t-sme
154276a1-4b77-4421-affc-870c5617d15b,01,0,0,t-oth-eea
8bb86434-f323-438c-b410-688eea1e9382,01,0,9,tenders
8bb86434-f323-438c-b410-688eea1e9382,01,0,9,t-esubm
8bb86434-f323-438c-b410-688eea1e9382,01,0,6,t-sme
b225ac0d-7f96-4f8c-b700-3633e085621c,01,0,3,tenders
b225ac0d-7f96-4f8c-b700-3633e085621c,01,0,3,t-esubm
b225ac0d-7f96-4f8c-b700-3633e085621c,01,0,2,t-sme
b225ac0d-7f96-4f8c-b700-3633e085621c,01,0,0,t-oth-eea
b225ac0d-7f96-4f8c-b700-3633e085621c,01,0,0,t-no-eea
01a08a75-f5eb-4e4c-83c5-60b164ebe35b,01,0,2,tenders
01a08a75-f5eb-4e4c-83c5-60b164ebe35b,01,1,7,tenders
01a08a75-f5eb-4e4c-83c5-60b164ebe35b,01,2,4,tenders
01a08a75-f5eb-4e4c-83c5-60b164ebe35b,01,3,4,tenders
01a08a75-f5eb-4e4c-83c5-60b164ebe35b,01,4,6,tenders
01a08a75-f5eb-4e4c-83c5-60b164ebe35b,01,5,4,tenders
e79bb7f2-a797-4169-abb8-05686d80f70c,01,0,2,tenders
e79bb7f2-a797-4169-abb8-05686d80f70c,01,0,2,t-esubm
e79bb7f2-a797-4169-abb8-05686d80f70c,01,0,2,t-sme
e79bb7f2-a797-4169-abb8-05686d80f70c,01,0,1,t-oth-eea
9fab6856-357f-44cb-a8f7-1b3a015751da,01,0,2,tenders
9fab6856-357f-44cb-a8f7-1b3a015751da,01,0,2,t-esubm
9fab6856-357f-44cb-a8f7-1b3a015751da,01,0,0,t-sme
1bc79d4d-4082-437e-9e3a-1e7a5bfcbe89,01,0,4,
ea6b8124-9d3e-47b1-8200-425ac8a738d0,01,0,3,
ea6b8124-9d3e-47b1-8200-425ac8a738d0,01,0,11,
ea6b8124-9d3e-47b1-8200-425ac8a738d0,01,0,2,
ea6b8124-9d3e-47b1-8200-425ac8a738d0,01,0,1,
ea6b8124-9d3e-47b1-8200-425ac8a738d0,01,0,0,
cf7fd649-8c6c-4db7-aeaa-8b6adf173b11,01,0,0,tenders
069f2e57-7452-4eec-8c81-59e0faf49d5e,01,0,10,tenders
c1fccf1b-9a52-4960-a3e3-1066df557382,01,0,10,
c1fccf1b-9a52-4960-a3e3-1066df557382,01,0,0,
0d06762e-e42a-44c3-96ef-618a5fa055fd,01,0,1,tenders
0d06762e-e42a-44c3-96ef-618a5fa055fd,01,0,1,t-sme
0d06762e-e42a-44c3-96ef-618a5fa055fd,01,0,0,t-no-eea
0d06762e-e42a-44c3-96ef-618a5fa055fd,01,0,0,t-oth-eea
0d06762e-e42a-44c3-96ef-618a5fa055fd,01,0,1,t-esubm
0d06762e-e42a-44c3-96ef-618a5fa055fd,01,1,2,tenders
0d06762e-e42a-44c3-96ef-618a5fa055fd,01,1,2,t-sme
0d06762e-e42a-44c3-96ef-618a5fa055fd,01,1,0,t-no-eea
0d06762e-e42a-44c3-96ef-618a5fa055fd,01,1,0,t-oth-eea
0d06762e-e42a-44c3-96ef-618a5fa055fd,01,1,1,t-esubm
255a6420-e1db-4b4a-bd00-02847c49b7bd,01,0,0,tenders
fef55906-ff0b-49ed-baed-06312268141a,01,0,3,
ea8f1a43-9513-41a0-8a4d-0cd582862db3,01,0,2,tenders
ea8f1a43-9513-41a0-8a4d-0cd582862db3,01,0,2,t-sme
ea8f1a43-9513-41a0-8a4d-0cd582862db3,01,0,0,t-no-eea
ea8f1a43-9513-41a0-8a4d-0cd582862db3,01,0,0,t-oth-eea
ea8f1a43-9513-41a0-8a4d-0cd582862db3,01,0,2,t-esubm
ea399951-3dbe-4ef5-bed6-49aca30291ac,01,0,5,tenders
ea399951-3dbe-4ef5-bed6-49aca30291ac,01,0,5,t-esubm
ea399951-3dbe-4ef5-bed6-49aca30291ac,01,0,5,t-sme
d54ec781-962f-409c-a82b-f09e4e169ca3,01,0,5,
d54ec781-962f-409c-a82b-f09e4e169ca3,01,0,0,
d54ec781-962f-409c-a82b-f09e4e169ca3,01,0,1,
232a86f2-44bc-4701-b740-2c7275873a1f,01,0,19,t-esubm
232a86f2-44bc-4701-b740-2c7275873a1f,01,1,19,t-esubm
232a86f2-44bc-4701-b740-2c7275873a1f,01,2,19,t-esubm
232a86f2-44bc-4701-b740-2c7275873a1f,01,3,21,t-esubm
232a86f2-44bc-4701-b740-2c7275873a1f,01,4,21,t-esubm
232a86f2-44bc-4701-b740-2c7275873a1f,01,5,22,t-esubm
57ece606-117a-426d-a888-4af660b56f3e,01,0,7,tenders
57ece606-117a-426d-a888-4af660b56f3e,01,0,7,t-esubm
57ece606-117a-426d-a888-4af660b56f3e,01,0,7,t-sme
29c7ca20-b67c-40b2-87ac-9686db66acaa,01,0,5,tenders
29c7ca20-b67c-40b2-87ac-9686db66acaa,01,0,5,t-esubm
29c7ca20-b67c-40b2-87ac-9686db66acaa,01,0,4,t-sme
29c7ca20-b67c-40b2-87ac-9686db66acaa,01,0,0,t-oth-eea
29c7ca20-b67c-40b2-87ac-9686db66acaa,01,0,0,t-no-eea
f0c5d53b-9cb6-47fe-9daf-310dfde71f38,01,0,2,tenders
f0c5d53b-9cb6-47fe-9daf-310dfde71f38,01,0,2,t-esubm
f0c5d53b-9cb6-47fe-9daf-310dfde71f38,01,0,2,t-sme
5b6d92e9-a4ab-4d47-90c0-342cc5774de2,01,0,2,t-esubm
56123ce9-7570-44f8-898c-ccbf61ddfdba,01,0,13,tenders
56123ce9-7570-44f8-898c-ccbf61ddfdba,01,0,13,t-esubm
56123ce9-7570-44f8-898c-ccbf61ddfdba,01,0,5,t-sme
56123ce9-7570-44f8-898c-ccbf61ddfdba,01,1,11,tenders
56123ce9-7570-44f8-898c-ccbf61ddfdba,01,1,11,t-esubm
56123ce9-7570-44f8-898c-ccbf61ddfdba,01,1,5,t-sme
a4cd7a04-bb82-447d-80ff-207898189a11,01,0,4,tenders
a4cd7a04-bb82-447d-80ff-207898189a11,01,0,4,t-esubm
a4cd7a04-bb82-447d-80ff-207898189a11,01,0,0,t-sme
3446a559-15f9-491b-8476-6d32e4154c93,01,0,1,tenders
3446a559-15f9-491b-8476-6d32e4154c93,01,0,1,t-sme
3446a559-15f9-491b-8476-6d32e4154c93,01,0,0,t-no-eea
3446a559-15f9-491b-8476-6d32e4154c93,01,0,0,t-oth-eea
3446a559-15f9-491b-8476-6d32e4154c93,01,0,1,t-esubm
381fc019-557a-4388-a9a4-a8e7afcb1741,01,0,4,
fad97142-b443-4bd9-b7aa-c486345187b3,01,0,5,tenders
fad97142-b443-4bd9-b7aa-c486345187b3,01,0,5,t-esubm
fad97142-b443-4bd9-b7aa-c486345187b3,01,0,5,t-sme
51971ae6-9e49-4e37-ae18-5812dd49561d,01,0,6,t-esubm
f51cf9c9-f534-4b55-b11e-79c7e00fc1b2,01,0,3,
29715cba-4b1c-4a79-a013-53b23c164720,01,0,2,
29715cba-4b1c-4a79-a013-53b23c164720,01,0,0,
1c27c316-9b14-4594-907e-d95f38ed204e,01,0,1,tenders
1c27c316-9b14-4594-907e-d95f38ed204e,01,0,1,t-esubm
1c27c316-9b14-4594-907e-d95f38ed204e,01,0,1,t-sme
2f19d346-0db3-412c-b8a2-9dd0c007b0a8,01,0,9,tenders
2f19d346-0db3-412c-b8a2-9dd0c007b0a8,01,0,9,t-esubm
2f19d346-0db3-412c-b8a2-9dd0c007b0a8,01,0,9,t-sme
2f19d346-0db3-412c-b8a2-9dd0c007b0a8,01,1,10,tenders
2f19d346-0db3-412c-b8a2-9dd0c007b0a8,01,1,10,t-esubm
2f19d346-0db3-412c-b8a2-9dd0c007b0a8,01,1,10,t-sme
2f19d346-0db3-412c-b8a2-9dd0c007b0a8,01,2,10,tenders
2f19d346-0db3-412c-b8a2-9dd0c007b0a8,01,2,10,t-esubm
2f19d346-0db3-412c-b8a2-9dd0c007b0a8,01,2,10,t-sme
2f19d346-0db3-412c-b8a2-9dd0c007b0a8,01,3,9,tenders
2f19d346-0db3-412c-b8a2-9dd0c007b0a8,01,3,9,t-esubm
2f19d346-0db3-412c-b8a2-9dd0c007b0a8,01,3,9,t-sme
6db5929d-a517-43ed-9fe9-fb670fd9e694,01,0,2,
7dbb6c22-daf6-4e56-946f-922a05548229,01,0,2,
7dbb6c22-daf6-4e56-946f-922a05548229,01,0,0,
ec83e767-8a08-4384-b1f9-7c970236efa0,01,0,6,tenders
80675cc9-565a-4b93-816d-55b5930a0bb8,01,0,2,
79800511-1d4b-4ad3-8c60-fd255ab125b3,01,0,1,
d31e5a38-d43a-4547-8973-c3590bacd62e,01,0,1,
d31e5a38-d43a-4547-8973-c3590bacd62e,01,0,0,
d31e5a38-d43a-4547-8973-c3590bacd62e,01,1,1,
d31e5a38-d43a-4547-8973-c3590bacd62e,01,1,0,
ad9eaa7a-3247-485c-859d-ec19a1263c6b,01,0,3,
ad9eaa7a-3247-485c-859d-ec19a1263c6b,01,0,2,
ad9eaa7a-3247-485c-859d-ec19a1263c6b,01,0,0,
ad9eaa7a-3247-485c-859d-ec19a1263c6b,01,0,1,
830c6da5-b6b1-4631-a98e-1f52d628be32,01,0,8,tenders
6726f720-afb1-4713-9d79-16afcdf8bc54,01,0,3,tenders
6726f720-afb1-4713-9d79-16afcdf8bc54,01,0,3,t-esubm
6726f720-afb1-4713-9d79-16afcdf8bc54,01,0,3,t-sme
bf0fdfde-8f62-4b1a-a947-5a92338c95b6,01,0,9,tenders
bf0fdfde-8f62-4b1a-a947-5a92338c95b6,01,0,9,t-esubm
bf0fdfde-8f62-4b1a-a947-5a92338c95b6,01,0,9,t-sme
c92fe955-e074-45e2-b270-ab63af8a6e30,01,0,4,tenders
ec07ce3b-6024-4d6e-b732-6f5218b332b4,02,0,18,tenders
ec07ce3b-6024-4d6e-b732-6f5218b332b4,02,0,14,t-sme
ec07ce3b-6024-4d6e-b732-6f5218b332b4,02,0,0,t-oth-eea
ec07ce3b-6024-4d6e-b732-6f5218b332b4,02,0,0,t-no-eea
ec07ce3b-6024-4d6e-b732-6f5218b332b4,02,0,18,t-esubm
2e39367e-8a41-4431-a32e-ad0a284f236e,02,0,2,tenders
c3c3c991-ddef-4be9-8019-79e0977619b1,01,0,3,
8a5794f3-558e-4156-86a7-1950acb1d1e6,01,0,1,tenders
8a5794f3-558e-4156-86a7-1950acb1d1e6,01,0,0,t-sme
8a5794f3-558e-4156-86a7-1950acb1d1e6,01,0,0,t-oth-eea
8a5794f3-558e-4156-86a7-1950acb1d1e6,01,0,0,t-no-eea
8a5794f3-558e-4156-86a7-1950acb1d1e6,01,0,0,t-esubm
01a0a4d3-42d3-44f0-b13d-d8b56e99fc69,01,0,0,tenders
